name,source,layer,segment_index,segment_csv_path,segment_filename
Anholt,entsoe,aligned_segments,1,/ve-remi-dmz-dmz-sh-nas01/data/de_group/ghz_11401/data/wind_timeseries/aligned_15min/entsoe/segments/Anholt_seg001.csv,Anholt_seg001.csv
Anholt,entsoe,aligned_segments,2,/ve-remi-dmz-dmz-sh-nas01/data/de_group/ghz_11401/data/wind_timeseries/aligned_15min/entsoe/segments/Anholt_seg002.csv,Anholt_seg002.csv
Anholt,entsoe,aligned_segments,3,/ve-remi-dmz-dmz-sh-nas01/data/de_group/ghz_11401/data/wind_timeseries/aligned_15min/entsoe/segments/Anholt_seg003.csv,Anholt_seg003.csv
Anholt,entsoe,aligned_segments,4,/ve-remi-dmz-dmz-sh-nas01/data/de_group/ghz_11401/data/wind_timeseries/aligned_15min/entsoe/segments/Anholt_seg004.csv,Anholt_seg004.csv
Anholt,entsoe,aligned_segments,5,/ve-remi-dmz-dmz-sh-nas01/data/de_group/ghz_11401/data/wind_timeseries/aligned_15min/entsoe/segments/Anholt_seg005.csv,Anholt_seg005.csv
Anholt,entsoe,aligned_segments,6,/ve-remi-dmz-dmz-sh-nas01/data/de_group/ghz_11401/data/wind_timeseries/aligned_15min/entsoe/segments/Anholt_seg006.csv,Anholt_seg006.csv
Anholt,entsoe,aligned_segments,7,/ve-remi-dmz-dmz-sh-nas01/data/de_group/ghz_11401/data/wind_timeseries/aligned_15min/entsoe/segments/Anholt_seg007.csv,Anholt_seg007.csv
Anholt,entsoe,aligned_segments,8,/ve-remi-dmz-dmz-sh-nas01/data/de_group/ghz_11401/data/wind_timeseries/aligned_15min/entsoe/segments/Anholt_seg008.csv,Anholt_seg008.csv
Anholt,entsoe,aligned_segments,9,/ve-remi-dmz-dmz-sh-nas01/data/de_group/ghz_11401/data/wind_timeseries/aligned_15min/entsoe/segments/Anholt_seg009.csv,Anholt_seg009.csv
Anholt,entsoe,aligned_segments,10,/ve-remi-dmz-dmz-sh-nas01/data/de_group/ghz_11401/data/wind_timeseries/aligned_15min/entsoe/segments/Anholt_seg010.csv,Anholt_seg010.csv
Anholt,entsoe,aligned_segments,11,/ve-remi-dmz-dmz-sh-nas01/data/de_group/ghz_11401/data/wind_timeseries/aligned_15min/entsoe/segments/Anholt_seg011.csv,Anholt_seg011.csv
Anholt,entsoe,aligned_segments,12,/ve-remi-dmz-dmz-sh-nas01/data/de_group/ghz_11401/data/wind_timeseries/aligned_15min/entsoe/segments/Anholt_seg012.csv,Anholt_seg012.csv
Anholt,entsoe,data_process,1,/ve-remi-dmz-dmz-sh-nas01/data/de_group/ghz_11401/data/wind_timeseries/aligned_15min/data_process/entsoe/Anholt/Anholt_0.csv,Anholt_0.csv
Anholt,entsoe,data_process,2,/ve-remi-dmz-dmz-sh-nas01/data/de_group/ghz_11401/data/wind_timeseries/aligned_15min/data_process/entsoe/Anholt/Anholt_1.csv,Anholt_1.csv
Anholt,entsoe,data_process,3,/ve-remi-dmz-dmz-sh-nas01/data/de_group/ghz_11401/data/wind_timeseries/aligned_15min/data_process/entsoe/Anholt/Anholt_2.csv,Anholt_2.csv
BALDHWF1,aemo,aligned_segments,1,/ve-remi-dmz-dmz-sh-nas01/data/de_group/ghz_11401/data/wind_timeseries/aligned_15min/aemo/segments/BALDHWF1_seg001.csv,BALDHWF1_seg001.csv
BALDHWF1,aemo,data_process,1,/ve-remi-dmz-dmz-sh-nas01/data/de_group/ghz_11401/data/wind_timeseries/aligned_15min/data_process/aemo/BALDHWF1/BALDHWF1_seg001.csv,BALDHWF1_seg001.csv
BANC DE GUERANDE 1,entsoe,aligned_segments,1,/ve-remi-dmz-dmz-sh-nas01/data/de_group/ghz_11401/data/wind_timeseries/aligned_15min/entsoe/segments/BANC DE GUERANDE 1_seg001.csv,BANC DE GUERANDE 1_seg001.csv
BANC DE GUERANDE 1,entsoe,aligned_segments,2,/ve-remi-dmz-dmz-sh-nas01/data/de_group/ghz_11401/data/wind_timeseries/aligned_15min/entsoe/segments/BANC DE GUERANDE 1_seg002.csv,BANC DE GUERANDE 1_seg002.csv
BANC DE GUERANDE 1,entsoe,aligned_segments,3,/ve-remi-dmz-dmz-sh-nas01/data/de_group/ghz_11401/data/wind_timeseries/aligned_15min/entsoe/segments/BANC DE GUERANDE 1_seg003.csv,BANC DE GUERANDE 1_seg003.csv
BANC DE GUERANDE 1,entsoe,aligned_segments,4,/ve-remi-dmz-dmz-sh-nas01/data/de_group/ghz_11401/data/wind_timeseries/aligned_15min/entsoe/segments/BANC DE GUERANDE 1_seg004.csv,BANC DE GUERANDE 1_seg004.csv
BANC DE GUERANDE 1,entsoe,aligned_segments,5,/ve-remi-dmz-dmz-sh-nas01/data/de_group/ghz_11401/data/wind_timeseries/aligned_15min/entsoe/segments/BANC DE GUERANDE 1_seg005.csv,BANC DE GUERANDE 1_seg005.csv
BANC DE GUERANDE 1,entsoe,aligned_segments,6,/ve-remi-dmz-dmz-sh-nas01/data/de_group/ghz_11401/data/wind_timeseries/aligned_15min/entsoe/segments/BANC DE GUERANDE 1_seg006.csv,BANC DE GUERANDE 1_seg006.csv
BANC DE GUERANDE 1,entsoe,aligned_segments,7,/ve-remi-dmz-dmz-sh-nas01/data/de_group/ghz_11401/data/wind_timeseries/aligned_15min/entsoe/segments/BANC DE GUERANDE 1_seg007.csv,BANC DE GUERANDE 1_seg007.csv
BANC DE GUERANDE 1,entsoe,aligned_segments,8,/ve-remi-dmz-dmz-sh-nas01/data/de_group/ghz_11401/data/wind_timeseries/aligned_15min/entsoe/segments/BANC DE GUERANDE 1_seg008.csv,BANC DE GUERANDE 1_seg008.csv
BANC DE GUERANDE 1,entsoe,aligned_segments,9,/ve-remi-dmz-dmz-sh-nas01/data/de_group/ghz_11401/data/wind_timeseries/aligned_15min/entsoe/segments/BANC DE GUERANDE 1_seg009.csv,BANC DE GUERANDE 1_seg009.csv
BANC DE GUERANDE 1,entsoe,aligned_segments,10,/ve-remi-dmz-dmz-sh-nas01/data/de_group/ghz_11401/data/wind_timeseries/aligned_15min/entsoe/segments/BANC DE GUERANDE 1_seg010.csv,BANC DE GUERANDE 1_seg010.csv
BANC DE GUERANDE 1,entsoe,aligned_segments,11,/ve-remi-dmz-dmz-sh-nas01/data/de_group/ghz_11401/data/wind_timeseries/aligned_15min/entsoe/segments/BANC DE GUERANDE 1_seg011.csv,BANC DE GUERANDE 1_seg011.csv
BANC DE GUERANDE 1,entsoe,aligned_segments,12,/ve-remi-dmz-dmz-sh-nas01/data/de_group/ghz_11401/data/wind_timeseries/aligned_15min/entsoe/segments/BANC DE GUERANDE 1_seg012.csv,BANC DE GUERANDE 1_seg012.csv
BANC DE GUERANDE 1,entsoe,aligned_segments,13,/ve-remi-dmz-dmz-sh-nas01/data/de_group/ghz_11401/data/wind_timeseries/aligned_15min/entsoe/segments/BANC DE GUERANDE 1_seg013.csv,BANC DE GUERANDE 1_seg013.csv
BANC DE GUERANDE 1,entsoe,aligned_segments,14,/ve-remi-dmz-dmz-sh-nas01/data/de_group/ghz_11401/data/wind_timeseries/aligned_15min/entsoe/segments/BANC DE GUERANDE 1_seg014.csv,BANC DE GUERANDE 1_seg014.csv
BANC DE GUERANDE 1,entsoe,aligned_segments,15,/ve-remi-dmz-dmz-sh-nas01/data/de_group/ghz_11401/data/wind_timeseries/aligned_15min/entsoe/segments/BANC DE GUERANDE 1_seg015.csv,BANC DE GUERANDE 1_seg015.csv
BANC DE GUERANDE 1,entsoe,aligned_segments,16,/ve-remi-dmz-dmz-sh-nas01/data/de_group/ghz_11401/data/wind_timeseries/aligned_15min/entsoe/segments/BANC DE GUERANDE 1_seg016.csv,BANC DE GUERANDE 1_seg016.csv
BANC DE GUERANDE 1,entsoe,aligned_segments,17,/ve-remi-dmz-dmz-sh-nas01/data/de_group/ghz_11401/data/wind_timeseries/aligned_15min/entsoe/segments/BANC DE GUERANDE 1_seg017.csv,BANC DE GUERANDE 1_seg017.csv
BANC DE GUERANDE 1,entsoe,aligned_segments,18,/ve-remi-dmz-dmz-sh-nas01/data/de_group/ghz_11401/data/wind_timeseries/aligned_15min/entsoe/segments/BANC DE GUERANDE 1_seg018.csv,BANC DE GUERANDE 1_seg018.csv
BANC DE GUERANDE 1,entsoe,aligned_segments,19,/ve-remi-dmz-dmz-sh-nas01/data/de_group/ghz_11401/data/wind_timeseries/aligned_15min/entsoe/segments/BANC DE GUERANDE 1_seg019.csv,BANC DE GUERANDE 1_seg019.csv
BANC DE GUERANDE 1,entsoe,aligned_segments,20,/ve-remi-dmz-dmz-sh-nas01/data/de_group/ghz_11401/data/wind_timeseries/aligned_15min/entsoe/segments/BANC DE GUERANDE 1_seg020.csv,BANC DE GUERANDE 1_seg020.csv
BANC DE GUERANDE 1,entsoe,aligned_segments,21,/ve-remi-dmz-dmz-sh-nas01/data/de_group/ghz_11401/data/wind_timeseries/aligned_15min/entsoe/segments/BANC DE GUERANDE 1_seg021.csv,BANC DE GUERANDE 1_seg021.csv
BANC DE GUERANDE 1,entsoe,aligned_segments,22,/ve-remi-dmz-dmz-sh-nas01/data/de_group/ghz_11401/data/wind_timeseries/aligned_15min/entsoe/segments/BANC DE GUERANDE 1_seg022.csv,BANC DE GUERANDE 1_seg022.csv
BANC DE GUERANDE 1,entsoe,data_process,1,/ve-remi-dmz-dmz-sh-nas01/data/de_group/ghz_11401/data/wind_timeseries/aligned_15min/data_process/entsoe/BANC DE GUERANDE 1/BANC DE GUERANDE 1_0.csv,BANC DE GUERANDE 1_0.csv
BANC DE GUERANDE 1,entsoe,data_process,2,/ve-remi-dmz-dmz-sh-nas01/data/de_group/ghz_11401/data/wind_timeseries/aligned_15min/data_process/entsoe/BANC DE GUERANDE 1/BANC DE GUERANDE 1_1.csv,BANC DE GUERANDE 1_1.csv
BANC DE GUERANDE 1,entsoe,data_process,3,/ve-remi-dmz-dmz-sh-nas01/data/de_group/ghz_11401/data/wind_timeseries/aligned_15min/data_process/entsoe/BANC DE GUERANDE 1/BANC DE GUERANDE 1_10.csv,BANC DE GUERANDE 1_10.csv
BANC DE GUERANDE 1,entsoe,data_process,4,/ve-remi-dmz-dmz-sh-nas01/data/de_group/ghz_11401/data/wind_timeseries/aligned_15min/data_process/entsoe/BANC DE GUERANDE 1/BANC DE GUERANDE 1_11.csv,BANC DE GUERANDE 1_11.csv
BANC DE GUERANDE 1,entsoe,data_process,5,/ve-remi-dmz-dmz-sh-nas01/data/de_group/ghz_11401/data/wind_timeseries/aligned_15min/data_process/entsoe/BANC DE GUERANDE 1/BANC DE GUERANDE 1_2.csv,BANC DE GUERANDE 1_2.csv
BANC DE GUERANDE 1,entsoe,data_process,6,/ve-remi-dmz-dmz-sh-nas01/data/de_group/ghz_11401/data/wind_timeseries/aligned_15min/data_process/entsoe/BANC DE GUERANDE 1/BANC DE GUERANDE 1_3.csv,BANC DE GUERANDE 1_3.csv
BANC DE GUERANDE 1,entsoe,data_process,7,/ve-remi-dmz-dmz-sh-nas01/data/de_group/ghz_11401/data/wind_timeseries/aligned_15min/data_process/entsoe/BANC DE GUERANDE 1/BANC DE GUERANDE 1_4.csv,BANC DE GUERANDE 1_4.csv
BANC DE GUERANDE 1,entsoe,data_process,8,/ve-remi-dmz-dmz-sh-nas01/data/de_group/ghz_11401/data/wind_timeseries/aligned_15min/data_process/entsoe/BANC DE GUERANDE 1/BANC DE GUERANDE 1_5.csv,BANC DE GUERANDE 1_5.csv
BANC DE GUERANDE 1,entsoe,data_process,9,/ve-remi-dmz-dmz-sh-nas01/data/de_group/ghz_11401/data/wind_timeseries/aligned_15min/data_process/entsoe/BANC DE GUERANDE 1/BANC DE GUERANDE 1_6.csv,BANC DE GUERANDE 1_6.csv
BANC DE GUERANDE 1,entsoe,data_process,10,/ve-remi-dmz-dmz-sh-nas01/data/de_group/ghz_11401/data/wind_timeseries/aligned_15min/data_process/entsoe/BANC DE GUERANDE 1/BANC DE GUERANDE 1_7.csv,BANC DE GUERANDE 1_7.csv
BANC DE GUERANDE 1,entsoe,data_process,11,/ve-remi-dmz-dmz-sh-nas01/data/de_group/ghz_11401/data/wind_timeseries/aligned_15min/data_process/entsoe/BANC DE GUERANDE 1/BANC DE GUERANDE 1_8.csv,BANC DE GUERANDE 1_8.csv
BANC DE GUERANDE 1,entsoe,data_process,12,/ve-remi-dmz-dmz-sh-nas01/data/de_group/ghz_11401/data/wind_timeseries/aligned_15min/data_process/entsoe/BANC DE GUERANDE 1/BANC DE GUERANDE 1_9.csv,BANC DE GUERANDE 1_9.csv
BANC DE GUERANDE 2,entsoe,aligned_segments,1,/ve-remi-dmz-dmz-sh-nas01/data/de_group/ghz_11401/data/wind_timeseries/aligned_15min/entsoe/segments/BANC DE GUERANDE 2_seg001.csv,BANC DE GUERANDE 2_seg001.csv
BANC DE GUERANDE 2,entsoe,aligned_segments,2,/ve-remi-dmz-dmz-sh-nas01/data/de_group/ghz_11401/data/wind_timeseries/aligned_15min/entsoe/segments/BANC DE GUERANDE 2_seg002.csv,BANC DE GUERANDE 2_seg002.csv
BANC DE GUERANDE 2,entsoe,aligned_segments,3,/ve-remi-dmz-dmz-sh-nas01/data/de_group/ghz_11401/data/wind_timeseries/aligned_15min/entsoe/segments/BANC DE GUERANDE 2_seg003.csv,BANC DE GUERANDE 2_seg003.csv
BANC DE GUERANDE 2,entsoe,aligned_segments,4,/ve-remi-dmz-dmz-sh-nas01/data/de_group/ghz_11401/data/wind_timeseries/aligned_15min/entsoe/segments/BANC DE GUERANDE 2_seg004.csv,BANC DE GUERANDE 2_seg004.csv
BANC DE GUERANDE 2,entsoe,aligned_segments,5,/ve-remi-dmz-dmz-sh-nas01/data/de_group/ghz_11401/data/wind_timeseries/aligned_15min/entsoe/segments/BANC DE GUERANDE 2_seg005.csv,BANC DE GUERANDE 2_seg005.csv
BANC DE GUERANDE 2,entsoe,aligned_segments,6,/ve-remi-dmz-dmz-sh-nas01/data/de_group/ghz_11401/data/wind_timeseries/aligned_15min/entsoe/segments/BANC DE GUERANDE 2_seg006.csv,BANC DE GUERANDE 2_seg006.csv
BANC DE GUERANDE 2,entsoe,aligned_segments,7,/ve-remi-dmz-dmz-sh-nas01/data/de_group/ghz_11401/data/wind_timeseries/aligned_15min/entsoe/segments/BANC DE GUERANDE 2_seg007.csv,BANC DE GUERANDE 2_seg007.csv
BANC DE GUERANDE 2,entsoe,aligned_segments,8,/ve-remi-dmz-dmz-sh-nas01/data/de_group/ghz_11401/data/wind_timeseries/aligned_15min/entsoe/segments/BANC DE GUERANDE 2_seg008.csv,BANC DE GUERANDE 2_seg008.csv
BANC DE GUERANDE 2,entsoe,aligned_segments,9,/ve-remi-dmz-dmz-sh-nas01/data/de_group/ghz_11401/data/wind_timeseries/aligned_15min/entsoe/segments/BANC DE GUERANDE 2_seg009.csv,BANC DE GUERANDE 2_seg009.csv
BANC DE GUERANDE 2,entsoe,aligned_segments,10,/ve-remi-dmz-dmz-sh-nas01/data/de_group/ghz_11401/data/wind_timeseries/aligned_15min/entsoe/segments/BANC DE GUERANDE 2_seg010.csv,BANC DE GUERANDE 2_seg010.csv
BANC DE GUERANDE 2,entsoe,aligned_segments,11,/ve-remi-dmz-dmz-sh-nas01/data/de_group/ghz_11401/data/wind_timeseries/aligned_15min/entsoe/segments/BANC DE GUERANDE 2_seg011.csv,BANC DE GUERANDE 2_seg011.csv
BANC DE GUERANDE 2,entsoe,aligned_segments,12,/ve-remi-dmz-dmz-sh-nas01/data/de_group/ghz_11401/data/wind_timeseries/aligned_15min/entsoe/segments/BANC DE GUERANDE 2_seg012.csv,BANC DE GUERANDE 2_seg012.csv
BANC DE GUERANDE 2,entsoe,aligned_segments,13,/ve-remi-dmz-dmz-sh-nas01/data/de_group/ghz_11401/data/wind_timeseries/aligned_15min/entsoe/segments/BANC DE GUERANDE 2_seg013.csv,BANC DE GUERANDE 2_seg013.csv
BANC DE GUERANDE 2,entsoe,aligned_segments,14,/ve-remi-dmz-dmz-sh-nas01/data/de_group/ghz_11401/data/wind_timeseries/aligned_15min/entsoe/segments/BANC DE GUERANDE 2_seg014.csv,BANC DE GUERANDE 2_seg014.csv
BANC DE GUERANDE 2,entsoe,aligned_segments,15,/ve-remi-dmz-dmz-sh-nas01/data/de_group/ghz_11401/data/wind_timeseries/aligned_15min/entsoe/segments/BANC DE GUERANDE 2_seg015.csv,BANC DE GUERANDE 2_seg015.csv
BANC DE GUERANDE 2,entsoe,aligned_segments,16,/ve-remi-dmz-dmz-sh-nas01/data/de_group/ghz_11401/data/wind_timeseries/aligned_15min/entsoe/segments/BANC DE GUERANDE 2_seg016.csv,BANC DE GUERANDE 2_seg016.csv
BANC DE GUERANDE 2,entsoe,aligned_segments,17,/ve-remi-dmz-dmz-sh-nas01/data/de_group/ghz_11401/data/wind_timeseries/aligned_15min/entsoe/segments/BANC DE GUERANDE 2_seg017.csv,BANC DE GUERANDE 2_seg017.csv
BANC DE GUERANDE 2,entsoe,aligned_segments,18,/ve-remi-dmz-dmz-sh-nas01/data/de_group/ghz_11401/data/wind_timeseries/aligned_15min/entsoe/segments/BANC DE GUERANDE 2_seg018.csv,BANC DE GUERANDE 2_seg018.csv
BANC DE GUERANDE 2,entsoe,aligned_segments,19,/ve-remi-dmz-dmz-sh-nas01/data/de_group/ghz_11401/data/wind_timeseries/aligned_15min/entsoe/segments/BANC DE GUERANDE 2_seg019.csv,BANC DE GUERANDE 2_seg019.csv
BANC DE GUERANDE 2,entsoe,aligned_segments,20,/ve-remi-dmz-dmz-sh-nas01/data/de_group/ghz_11401/data/wind_timeseries/aligned_15min/entsoe/segments/BANC DE GUERANDE 2_seg020.csv,BANC DE GUERANDE 2_seg020.csv
BANC DE GUERANDE 2,entsoe,aligned_segments,21,/ve-remi-dmz-dmz-sh-nas01/data/de_group/ghz_11401/data/wind_timeseries/aligned_15min/entsoe/segments/BANC DE GUERANDE 2_seg021.csv,BANC DE GUERANDE 2_seg021.csv
BANC DE GUERANDE 2,entsoe,aligned_segments,22,/ve-remi-dmz-dmz-sh-nas01/data/de_group/ghz_11401/data/wind_timeseries/aligned_15min/entsoe/segments/BANC DE GUERANDE 2_seg022.csv,BANC DE GUERANDE 2_seg022.csv
BANC DE GUERANDE 2,entsoe,aligned_segments,23,/ve-remi-dmz-dmz-sh-nas01/data/de_group/ghz_11401/data/wind_timeseries/aligned_15min/entsoe/segments/BANC DE GUERANDE 2_seg023.csv,BANC DE GUERANDE 2_seg023.csv
BANC DE GUERANDE 2,entsoe,aligned_segments,24,/ve-remi-dmz-dmz-sh-nas01/data/de_group/ghz_11401/data/wind_timeseries/aligned_15min/entsoe/segments/BANC DE GUERANDE 2_seg024.csv,BANC DE GUERANDE 2_seg024.csv
BANC DE GUERANDE 2,entsoe,aligned_segments,25,/ve-remi-dmz-dmz-sh-nas01/data/de_group/ghz_11401/data/wind_timeseries/aligned_15min/entsoe/segments/BANC DE GUERANDE 2_seg025.csv,BANC DE GUERANDE 2_seg025.csv
BANC DE GUERANDE 2,entsoe,aligned_segments,26,/ve-remi-dmz-dmz-sh-nas01/data/de_group/ghz_11401/data/wind_timeseries/aligned_15min/entsoe/segments/BANC DE GUERANDE 2_seg026.csv,BANC DE GUERANDE 2_seg026.csv
BANC DE GUERANDE 2,entsoe,aligned_segments,27,/ve-remi-dmz-dmz-sh-nas01/data/de_group/ghz_11401/data/wind_timeseries/aligned_15min/entsoe/segments/BANC DE GUERANDE 2_seg027.csv,BANC DE GUERANDE 2_seg027.csv
BANC DE GUERANDE 2,entsoe,aligned_segments,28,/ve-remi-dmz-dmz-sh-nas01/data/de_group/ghz_11401/data/wind_timeseries/aligned_15min/entsoe/segments/BANC DE GUERANDE 2_seg028.csv,BANC DE GUERANDE 2_seg028.csv
BANC DE GUERANDE 2,entsoe,aligned_segments,29,/ve-remi-dmz-dmz-sh-nas01/data/de_group/ghz_11401/data/wind_timeseries/aligned_15min/entsoe/segments/BANC DE GUERANDE 2_seg029.csv,BANC DE GUERANDE 2_seg029.csv
BANC DE GUERANDE 2,entsoe,data_process,1,/ve-remi-dmz-dmz-sh-nas01/data/de_group/ghz_11401/data/wind_timeseries/aligned_15min/data_process/entsoe/BANC DE GUERANDE 2/BANC DE GUERANDE 2_0.csv,BANC DE GUERANDE 2_0.csv
BANC DE GUERANDE 2,entsoe,data_process,2,/ve-remi-dmz-dmz-sh-nas01/data/de_group/ghz_11401/data/wind_timeseries/aligned_15min/data_process/entsoe/BANC DE GUERANDE 2/BANC DE GUERANDE 2_1.csv,BANC DE GUERANDE 2_1.csv
BANC DE GUERANDE 2,entsoe,data_process,3,/ve-remi-dmz-dmz-sh-nas01/data/de_group/ghz_11401/data/wind_timeseries/aligned_15min/data_process/entsoe/BANC DE GUERANDE 2/BANC DE GUERANDE 2_10.csv,BANC DE GUERANDE 2_10.csv
BANC DE GUERANDE 2,entsoe,data_process,4,/ve-remi-dmz-dmz-sh-nas01/data/de_group/ghz_11401/data/wind_timeseries/aligned_15min/data_process/entsoe/BANC DE GUERANDE 2/BANC DE GUERANDE 2_2.csv,BANC DE GUERANDE 2_2.csv
BANC DE GUERANDE 2,entsoe,data_process,5,/ve-remi-dmz-dmz-sh-nas01/data/de_group/ghz_11401/data/wind_timeseries/aligned_15min/data_process/entsoe/BANC DE GUERANDE 2/BANC DE GUERANDE 2_3.csv,BANC DE GUERANDE 2_3.csv
BANC DE GUERANDE 2,entsoe,data_process,6,/ve-remi-dmz-dmz-sh-nas01/data/de_group/ghz_11401/data/wind_timeseries/aligned_15min/data_process/entsoe/BANC DE GUERANDE 2/BANC DE GUERANDE 2_4.csv,BANC DE GUERANDE 2_4.csv
BANC DE GUERANDE 2,entsoe,data_process,7,/ve-remi-dmz-dmz-sh-nas01/data/de_group/ghz_11401/data/wind_timeseries/aligned_15min/data_process/entsoe/BANC DE GUERANDE 2/BANC DE GUERANDE 2_5.csv,BANC DE GUERANDE 2_5.csv
BANC DE GUERANDE 2,entsoe,data_process,8,/ve-remi-dmz-dmz-sh-nas01/data/de_group/ghz_11401/data/wind_timeseries/aligned_15min/data_process/entsoe/BANC DE GUERANDE 2/BANC DE GUERANDE 2_6.csv,BANC DE GUERANDE 2_6.csv
BANC DE GUERANDE 2,entsoe,data_process,9,/ve-remi-dmz-dmz-sh-nas01/data/de_group/ghz_11401/data/wind_timeseries/aligned_15min/data_process/entsoe/BANC DE GUERANDE 2/BANC DE GUERANDE 2_7.csv,BANC DE GUERANDE 2_7.csv
BANC DE GUERANDE 2,entsoe,data_process,10,/ve-remi-dmz-dmz-sh-nas01/data/de_group/ghz_11401/data/wind_timeseries/aligned_15min/data_process/entsoe/BANC DE GUERANDE 2/BANC DE GUERANDE 2_8.csv,BANC DE GUERANDE 2_8.csv
BANC DE GUERANDE 2,entsoe,data_process,11,/ve-remi-dmz-dmz-sh-nas01/data/de_group/ghz_11401/data/wind_timeseries/aligned_15min/data_process/entsoe/BANC DE GUERANDE 2/BANC DE GUERANDE 2_9.csv,BANC DE GUERANDE 2_9.csv
BLUFF1,aemo,aligned_segments,1,/ve-remi-dmz-dmz-sh-nas01/data/de_group/ghz_11401/data/wind_timeseries/aligned_15min/aemo/segments/BLUFF1_seg001.csv,BLUFF1_seg001.csv
BLUFF1,aemo,data_process,1,/ve-remi-dmz-dmz-sh-nas01/data/de_group/ghz_11401/data/wind_timeseries/aligned_15min/data_process/aemo/BLUFF1/BLUFF1_seg001.csv,BLUFF1_seg001.csv
BOCORWF1,aemo,aligned_segments,1,/ve-remi-dmz-dmz-sh-nas01/data/de_group/ghz_11401/data/wind_timeseries/aligned_15min/aemo/segments/BOCORWF1_seg001.csv,BOCORWF1_seg001.csv
BOCORWF1,aemo,data_process,1,/ve-remi-dmz-dmz-sh-nas01/data/de_group/ghz_11401/data/wind_timeseries/aligned_15min/data_process/aemo/BOCORWF1/BOCORWF1_seg001.csv,BOCORWF1_seg001.csv
BOWLW-1,entsoe,aligned_segments,1,/ve-remi-dmz-dmz-sh-nas01/data/de_group/ghz_11401/data/wind_timeseries/aligned_15min/entsoe/segments/BOWLW-1_seg001.csv,BOWLW-1_seg001.csv
BOWLW-1,entsoe,aligned_segments,2,/ve-remi-dmz-dmz-sh-nas01/data/de_group/ghz_11401/data/wind_timeseries/aligned_15min/entsoe/segments/BOWLW-1_seg002.csv,BOWLW-1_seg002.csv
BOWLW-1,entsoe,aligned_segments,3,/ve-remi-dmz-dmz-sh-nas01/data/de_group/ghz_11401/data/wind_timeseries/aligned_15min/entsoe/segments/BOWLW-1_seg003.csv,BOWLW-1_seg003.csv
BOWLW-1,entsoe,aligned_segments,4,/ve-remi-dmz-dmz-sh-nas01/data/de_group/ghz_11401/data/wind_timeseries/aligned_15min/entsoe/segments/BOWLW-1_seg004.csv,BOWLW-1_seg004.csv
BOWLW-1,entsoe,aligned_segments,5,/ve-remi-dmz-dmz-sh-nas01/data/de_group/ghz_11401/data/wind_timeseries/aligned_15min/entsoe/segments/BOWLW-1_seg005.csv,BOWLW-1_seg005.csv
BOWLW-1,entsoe,aligned_segments,6,/ve-remi-dmz-dmz-sh-nas01/data/de_group/ghz_11401/data/wind_timeseries/aligned_15min/entsoe/segments/BOWLW-1_seg006.csv,BOWLW-1_seg006.csv
BOWLW-1,entsoe,aligned_segments,7,/ve-remi-dmz-dmz-sh-nas01/data/de_group/ghz_11401/data/wind_timeseries/aligned_15min/entsoe/segments/BOWLW-1_seg007.csv,BOWLW-1_seg007.csv
BOWLW-1,entsoe,aligned_segments,8,/ve-remi-dmz-dmz-sh-nas01/data/de_group/ghz_11401/data/wind_timeseries/aligned_15min/entsoe/segments/BOWLW-1_seg008.csv,BOWLW-1_seg008.csv
BOWLW-1,entsoe,aligned_segments,9,/ve-remi-dmz-dmz-sh-nas01/data/de_group/ghz_11401/data/wind_timeseries/aligned_15min/entsoe/segments/BOWLW-1_seg009.csv,BOWLW-1_seg009.csv
BOWLW-1,entsoe,aligned_segments,10,/ve-remi-dmz-dmz-sh-nas01/data/de_group/ghz_11401/data/wind_timeseries/aligned_15min/entsoe/segments/BOWLW-1_seg010.csv,BOWLW-1_seg010.csv
BOWLW-1,entsoe,aligned_segments,11,/ve-remi-dmz-dmz-sh-nas01/data/de_group/ghz_11401/data/wind_timeseries/aligned_15min/entsoe/segments/BOWLW-1_seg011.csv,BOWLW-1_seg011.csv
BOWLW-1,entsoe,aligned_segments,12,/ve-remi-dmz-dmz-sh-nas01/data/de_group/ghz_11401/data/wind_timeseries/aligned_15min/entsoe/segments/BOWLW-1_seg012.csv,BOWLW-1_seg012.csv
BOWLW-1,entsoe,aligned_segments,13,/ve-remi-dmz-dmz-sh-nas01/data/de_group/ghz_11401/data/wind_timeseries/aligned_15min/entsoe/segments/BOWLW-1_seg013.csv,BOWLW-1_seg013.csv
BOWLW-1,entsoe,aligned_segments,14,/ve-remi-dmz-dmz-sh-nas01/data/de_group/ghz_11401/data/wind_timeseries/aligned_15min/entsoe/segments/BOWLW-1_seg014.csv,BOWLW-1_seg014.csv
BOWLW-1,entsoe,aligned_segments,15,/ve-remi-dmz-dmz-sh-nas01/data/de_group/ghz_11401/data/wind_timeseries/aligned_15min/entsoe/segments/BOWLW-1_seg015.csv,BOWLW-1_seg015.csv
BOWLW-1,entsoe,aligned_segments,16,/ve-remi-dmz-dmz-sh-nas01/data/de_group/ghz_11401/data/wind_timeseries/aligned_15min/entsoe/segments/BOWLW-1_seg016.csv,BOWLW-1_seg016.csv
BOWLW-1,entsoe,aligned_segments,17,/ve-remi-dmz-dmz-sh-nas01/data/de_group/ghz_11401/data/wind_timeseries/aligned_15min/entsoe/segments/BOWLW-1_seg017.csv,BOWLW-1_seg017.csv
BOWLW-1,entsoe,aligned_segments,18,/ve-remi-dmz-dmz-sh-nas01/data/de_group/ghz_11401/data/wind_timeseries/aligned_15min/entsoe/segments/BOWLW-1_seg018.csv,BOWLW-1_seg018.csv
BOWLW-1,entsoe,aligned_segments,19,/ve-remi-dmz-dmz-sh-nas01/data/de_group/ghz_11401/data/wind_timeseries/aligned_15min/entsoe/segments/BOWLW-1_seg019.csv,BOWLW-1_seg019.csv
BOWLW-1,entsoe,aligned_segments,20,/ve-remi-dmz-dmz-sh-nas01/data/de_group/ghz_11401/data/wind_timeseries/aligned_15min/entsoe/segments/BOWLW-1_seg020.csv,BOWLW-1_seg020.csv
BOWLW-1,entsoe,aligned_segments,21,/ve-remi-dmz-dmz-sh-nas01/data/de_group/ghz_11401/data/wind_timeseries/aligned_15min/entsoe/segments/BOWLW-1_seg021.csv,BOWLW-1_seg021.csv
BOWLW-1,entsoe,aligned_segments,22,/ve-remi-dmz-dmz-sh-nas01/data/de_group/ghz_11401/data/wind_timeseries/aligned_15min/entsoe/segments/BOWLW-1_seg022.csv,BOWLW-1_seg022.csv
BOWLW-1,entsoe,aligned_segments,23,/ve-remi-dmz-dmz-sh-nas01/data/de_group/ghz_11401/data/wind_timeseries/aligned_15min/entsoe/segments/BOWLW-1_seg023.csv,BOWLW-1_seg023.csv
BOWLW-1,entsoe,aligned_segments,24,/ve-remi-dmz-dmz-sh-nas01/data/de_group/ghz_11401/data/wind_timeseries/aligned_15min/entsoe/segments/BOWLW-1_seg024.csv,BOWLW-1_seg024.csv
BOWLW-1,entsoe,aligned_segments,25,/ve-remi-dmz-dmz-sh-nas01/data/de_group/ghz_11401/data/wind_timeseries/aligned_15min/entsoe/segments/BOWLW-1_seg025.csv,BOWLW-1_seg025.csv
BOWLW-1,entsoe,aligned_segments,26,/ve-remi-dmz-dmz-sh-nas01/data/de_group/ghz_11401/data/wind_timeseries/aligned_15min/entsoe/segments/BOWLW-1_seg026.csv,BOWLW-1_seg026.csv
BOWLW-1,entsoe,aligned_segments,27,/ve-remi-dmz-dmz-sh-nas01/data/de_group/ghz_11401/data/wind_timeseries/aligned_15min/entsoe/segments/BOWLW-1_seg027.csv,BOWLW-1_seg027.csv
BOWLW-1,entsoe,aligned_segments,28,/ve-remi-dmz-dmz-sh-nas01/data/de_group/ghz_11401/data/wind_timeseries/aligned_15min/entsoe/segments/BOWLW-1_seg028.csv,BOWLW-1_seg028.csv
BOWLW-1,entsoe,aligned_segments,29,/ve-remi-dmz-dmz-sh-nas01/data/de_group/ghz_11401/data/wind_timeseries/aligned_15min/entsoe/segments/BOWLW-1_seg029.csv,BOWLW-1_seg029.csv
BOWLW-1,entsoe,aligned_segments,30,/ve-remi-dmz-dmz-sh-nas01/data/de_group/ghz_11401/data/wind_timeseries/aligned_15min/entsoe/segments/BOWLW-1_seg030.csv,BOWLW-1_seg030.csv
BOWLW-1,entsoe,aligned_segments,31,/ve-remi-dmz-dmz-sh-nas01/data/de_group/ghz_11401/data/wind_timeseries/aligned_15min/entsoe/segments/BOWLW-1_seg031.csv,BOWLW-1_seg031.csv
BOWLW-1,entsoe,aligned_segments,32,/ve-remi-dmz-dmz-sh-nas01/data/de_group/ghz_11401/data/wind_timeseries/aligned_15min/entsoe/segments/BOWLW-1_seg032.csv,BOWLW-1_seg032.csv
BOWLW-1,entsoe,aligned_segments,33,/ve-remi-dmz-dmz-sh-nas01/data/de_group/ghz_11401/data/wind_timeseries/aligned_15min/entsoe/segments/BOWLW-1_seg033.csv,BOWLW-1_seg033.csv
BOWLW-1,entsoe,aligned_segments,34,/ve-remi-dmz-dmz-sh-nas01/data/de_group/ghz_11401/data/wind_timeseries/aligned_15min/entsoe/segments/BOWLW-1_seg034.csv,BOWLW-1_seg034.csv
BOWLW-1,entsoe,aligned_segments,35,/ve-remi-dmz-dmz-sh-nas01/data/de_group/ghz_11401/data/wind_timeseries/aligned_15min/entsoe/segments/BOWLW-1_seg035.csv,BOWLW-1_seg035.csv
BOWLW-1,entsoe,aligned_segments,36,/ve-remi-dmz-dmz-sh-nas01/data/de_group/ghz_11401/data/wind_timeseries/aligned_15min/entsoe/segments/BOWLW-1_seg036.csv,BOWLW-1_seg036.csv
BOWLW-1,entsoe,aligned_segments,37,/ve-remi-dmz-dmz-sh-nas01/data/de_group/ghz_11401/data/wind_timeseries/aligned_15min/entsoe/segments/BOWLW-1_seg037.csv,BOWLW-1_seg037.csv
BOWLW-1,entsoe,aligned_segments,38,/ve-remi-dmz-dmz-sh-nas01/data/de_group/ghz_11401/data/wind_timeseries/aligned_15min/entsoe/segments/BOWLW-1_seg038.csv,BOWLW-1_seg038.csv
BOWLW-1,entsoe,aligned_segments,39,/ve-remi-dmz-dmz-sh-nas01/data/de_group/ghz_11401/data/wind_timeseries/aligned_15min/entsoe/segments/BOWLW-1_seg039.csv,BOWLW-1_seg039.csv
BOWLW-1,entsoe,aligned_segments,40,/ve-remi-dmz-dmz-sh-nas01/data/de_group/ghz_11401/data/wind_timeseries/aligned_15min/entsoe/segments/BOWLW-1_seg040.csv,BOWLW-1_seg040.csv
BOWLW-1,entsoe,aligned_segments,41,/ve-remi-dmz-dmz-sh-nas01/data/de_group/ghz_11401/data/wind_timeseries/aligned_15min/entsoe/segments/BOWLW-1_seg041.csv,BOWLW-1_seg041.csv
BOWLW-1,entsoe,aligned_segments,42,/ve-remi-dmz-dmz-sh-nas01/data/de_group/ghz_11401/data/wind_timeseries/aligned_15min/entsoe/segments/BOWLW-1_seg042.csv,BOWLW-1_seg042.csv
BOWLW-1,entsoe,aligned_segments,43,/ve-remi-dmz-dmz-sh-nas01/data/de_group/ghz_11401/data/wind_timeseries/aligned_15min/entsoe/segments/BOWLW-1_seg043.csv,BOWLW-1_seg043.csv
BOWLW-1,entsoe,aligned_segments,44,/ve-remi-dmz-dmz-sh-nas01/data/de_group/ghz_11401/data/wind_timeseries/aligned_15min/entsoe/segments/BOWLW-1_seg044.csv,BOWLW-1_seg044.csv
BOWLW-1,entsoe,aligned_segments,45,/ve-remi-dmz-dmz-sh-nas01/data/de_group/ghz_11401/data/wind_timeseries/aligned_15min/entsoe/segments/BOWLW-1_seg045.csv,BOWLW-1_seg045.csv
BOWLW-1,entsoe,aligned_segments,46,/ve-remi-dmz-dmz-sh-nas01/data/de_group/ghz_11401/data/wind_timeseries/aligned_15min/entsoe/segments/BOWLW-1_seg046.csv,BOWLW-1_seg046.csv
BOWLW-1,entsoe,aligned_segments,47,/ve-remi-dmz-dmz-sh-nas01/data/de_group/ghz_11401/data/wind_timeseries/aligned_15min/entsoe/segments/BOWLW-1_seg047.csv,BOWLW-1_seg047.csv
BOWLW-1,entsoe,aligned_segments,48,/ve-remi-dmz-dmz-sh-nas01/data/de_group/ghz_11401/data/wind_timeseries/aligned_15min/entsoe/segments/BOWLW-1_seg048.csv,BOWLW-1_seg048.csv
BOWLW-1,entsoe,aligned_segments,49,/ve-remi-dmz-dmz-sh-nas01/data/de_group/ghz_11401/data/wind_timeseries/aligned_15min/entsoe/segments/BOWLW-1_seg049.csv,BOWLW-1_seg049.csv
BOWLW-1,entsoe,aligned_segments,50,/ve-remi-dmz-dmz-sh-nas01/data/de_group/ghz_11401/data/wind_timeseries/aligned_15min/entsoe/segments/BOWLW-1_seg050.csv,BOWLW-1_seg050.csv
BOWLW-1,entsoe,aligned_segments,51,/ve-remi-dmz-dmz-sh-nas01/data/de_group/ghz_11401/data/wind_timeseries/aligned_15min/entsoe/segments/BOWLW-1_seg051.csv,BOWLW-1_seg051.csv
BOWLW-1,entsoe,aligned_segments,52,/ve-remi-dmz-dmz-sh-nas01/data/de_group/ghz_11401/data/wind_timeseries/aligned_15min/entsoe/segments/BOWLW-1_seg052.csv,BOWLW-1_seg052.csv
BOWLW-1,entsoe,aligned_segments,53,/ve-remi-dmz-dmz-sh-nas01/data/de_group/ghz_11401/data/wind_timeseries/aligned_15min/entsoe/segments/BOWLW-1_seg053.csv,BOWLW-1_seg053.csv
BOWLW-1,entsoe,aligned_segments,54,/ve-remi-dmz-dmz-sh-nas01/data/de_group/ghz_11401/data/wind_timeseries/aligned_15min/entsoe/segments/BOWLW-1_seg054.csv,BOWLW-1_seg054.csv
BOWLW-1,entsoe,aligned_segments,55,/ve-remi-dmz-dmz-sh-nas01/data/de_group/ghz_11401/data/wind_timeseries/aligned_15min/entsoe/segments/BOWLW-1_seg055.csv,BOWLW-1_seg055.csv
BOWLW-1,entsoe,aligned_segments,56,/ve-remi-dmz-dmz-sh-nas01/data/de_group/ghz_11401/data/wind_timeseries/aligned_15min/entsoe/segments/BOWLW-1_seg056.csv,BOWLW-1_seg056.csv
BOWLW-1,entsoe,aligned_segments,57,/ve-remi-dmz-dmz-sh-nas01/data/de_group/ghz_11401/data/wind_timeseries/aligned_15min/entsoe/segments/BOWLW-1_seg057.csv,BOWLW-1_seg057.csv
BOWLW-1,entsoe,aligned_segments,58,/ve-remi-dmz-dmz-sh-nas01/data/de_group/ghz_11401/data/wind_timeseries/aligned_15min/entsoe/segments/BOWLW-1_seg058.csv,BOWLW-1_seg058.csv
BOWLW-1,entsoe,aligned_segments,59,/ve-remi-dmz-dmz-sh-nas01/data/de_group/ghz_11401/data/wind_timeseries/aligned_15min/entsoe/segments/BOWLW-1_seg059.csv,BOWLW-1_seg059.csv
BOWLW-1,entsoe,aligned_segments,60,/ve-remi-dmz-dmz-sh-nas01/data/de_group/ghz_11401/data/wind_timeseries/aligned_15min/entsoe/segments/BOWLW-1_seg060.csv,BOWLW-1_seg060.csv
BOWLW-1,entsoe,aligned_segments,61,/ve-remi-dmz-dmz-sh-nas01/data/de_group/ghz_11401/data/wind_timeseries/aligned_15min/entsoe/segments/BOWLW-1_seg061.csv,BOWLW-1_seg061.csv
BOWLW-1,entsoe,aligned_segments,62,/ve-remi-dmz-dmz-sh-nas01/data/de_group/ghz_11401/data/wind_timeseries/aligned_15min/entsoe/segments/BOWLW-1_seg062.csv,BOWLW-1_seg062.csv
BOWLW-1,entsoe,aligned_segments,63,/ve-remi-dmz-dmz-sh-nas01/data/de_group/ghz_11401/data/wind_timeseries/aligned_15min/entsoe/segments/BOWLW-1_seg063.csv,BOWLW-1_seg063.csv
BOWLW-1,entsoe,aligned_segments,64,/ve-remi-dmz-dmz-sh-nas01/data/de_group/ghz_11401/data/wind_timeseries/aligned_15min/entsoe/segments/BOWLW-1_seg064.csv,BOWLW-1_seg064.csv
BOWLW-1,entsoe,aligned_segments,65,/ve-remi-dmz-dmz-sh-nas01/data/de_group/ghz_11401/data/wind_timeseries/aligned_15min/entsoe/segments/BOWLW-1_seg065.csv,BOWLW-1_seg065.csv
BOWLW-1,entsoe,aligned_segments,66,/ve-remi-dmz-dmz-sh-nas01/data/de_group/ghz_11401/data/wind_timeseries/aligned_15min/entsoe/segments/BOWLW-1_seg066.csv,BOWLW-1_seg066.csv
BOWLW-1,entsoe,aligned_segments,67,/ve-remi-dmz-dmz-sh-nas01/data/de_group/ghz_11401/data/wind_timeseries/aligned_15min/entsoe/segments/BOWLW-1_seg067.csv,BOWLW-1_seg067.csv
BOWLW-1,entsoe,aligned_segments,68,/ve-remi-dmz-dmz-sh-nas01/data/de_group/ghz_11401/data/wind_timeseries/aligned_15min/entsoe/segments/BOWLW-1_seg068.csv,BOWLW-1_seg068.csv
BOWLW-1,entsoe,aligned_segments,69,/ve-remi-dmz-dmz-sh-nas01/data/de_group/ghz_11401/data/wind_timeseries/aligned_15min/entsoe/segments/BOWLW-1_seg069.csv,BOWLW-1_seg069.csv
BOWLW-1,entsoe,aligned_segments,70,/ve-remi-dmz-dmz-sh-nas01/data/de_group/ghz_11401/data/wind_timeseries/aligned_15min/entsoe/segments/BOWLW-1_seg070.csv,BOWLW-1_seg070.csv
BOWLW-1,entsoe,aligned_segments,71,/ve-remi-dmz-dmz-sh-nas01/data/de_group/ghz_11401/data/wind_timeseries/aligned_15min/entsoe/segments/BOWLW-1_seg071.csv,BOWLW-1_seg071.csv
BOWLW-1,entsoe,aligned_segments,72,/ve-remi-dmz-dmz-sh-nas01/data/de_group/ghz_11401/data/wind_timeseries/aligned_15min/entsoe/segments/BOWLW-1_seg072.csv,BOWLW-1_seg072.csv
BOWLW-1,entsoe,aligned_segments,73,/ve-remi-dmz-dmz-sh-nas01/data/de_group/ghz_11401/data/wind_timeseries/aligned_15min/entsoe/segments/BOWLW-1_seg073.csv,BOWLW-1_seg073.csv
BOWLW-1,entsoe,aligned_segments,74,/ve-remi-dmz-dmz-sh-nas01/data/de_group/ghz_11401/data/wind_timeseries/aligned_15min/entsoe/segments/BOWLW-1_seg074.csv,BOWLW-1_seg074.csv
BOWLW-1,entsoe,aligned_segments,75,/ve-remi-dmz-dmz-sh-nas01/data/de_group/ghz_11401/data/wind_timeseries/aligned_15min/entsoe/segments/BOWLW-1_seg075.csv,BOWLW-1_seg075.csv
BOWLW-1,entsoe,aligned_segments,76,/ve-remi-dmz-dmz-sh-nas01/data/de_group/ghz_11401/data/wind_timeseries/aligned_15min/entsoe/segments/BOWLW-1_seg076.csv,BOWLW-1_seg076.csv
BOWLW-1,entsoe,aligned_segments,77,/ve-remi-dmz-dmz-sh-nas01/data/de_group/ghz_11401/data/wind_timeseries/aligned_15min/entsoe/segments/BOWLW-1_seg077.csv,BOWLW-1_seg077.csv
BOWLW-1,entsoe,aligned_segments,78,/ve-remi-dmz-dmz-sh-nas01/data/de_group/ghz_11401/data/wind_timeseries/aligned_15min/entsoe/segments/BOWLW-1_seg078.csv,BOWLW-1_seg078.csv
BOWLW-1,entsoe,aligned_segments,79,/ve-remi-dmz-dmz-sh-nas01/data/de_group/ghz_11401/data/wind_timeseries/aligned_15min/entsoe/segments/BOWLW-1_seg079.csv,BOWLW-1_seg079.csv
BOWLW-1,entsoe,aligned_segments,80,/ve-remi-dmz-dmz-sh-nas01/data/de_group/ghz_11401/data/wind_timeseries/aligned_15min/entsoe/segments/BOWLW-1_seg080.csv,BOWLW-1_seg080.csv
BOWLW-1,entsoe,aligned_segments,81,/ve-remi-dmz-dmz-sh-nas01/data/de_group/ghz_11401/data/wind_timeseries/aligned_15min/entsoe/segments/BOWLW-1_seg081.csv,BOWLW-1_seg081.csv
BOWLW-1,entsoe,aligned_segments,82,/ve-remi-dmz-dmz-sh-nas01/data/de_group/ghz_11401/data/wind_timeseries/aligned_15min/entsoe/segments/BOWLW-1_seg082.csv,BOWLW-1_seg082.csv
BOWLW-1,entsoe,aligned_segments,83,/ve-remi-dmz-dmz-sh-nas01/data/de_group/ghz_11401/data/wind_timeseries/aligned_15min/entsoe/segments/BOWLW-1_seg083.csv,BOWLW-1_seg083.csv
BOWLW-1,entsoe,aligned_segments,84,/ve-remi-dmz-dmz-sh-nas01/data/de_group/ghz_11401/data/wind_timeseries/aligned_15min/entsoe/segments/BOWLW-1_seg084.csv,BOWLW-1_seg084.csv
BOWLW-1,entsoe,aligned_segments,85,/ve-remi-dmz-dmz-sh-nas01/data/de_group/ghz_11401/data/wind_timeseries/aligned_15min/entsoe/segments/BOWLW-1_seg085.csv,BOWLW-1_seg085.csv
BOWLW-1,entsoe,aligned_segments,86,/ve-remi-dmz-dmz-sh-nas01/data/de_group/ghz_11401/data/wind_timeseries/aligned_15min/entsoe/segments/BOWLW-1_seg086.csv,BOWLW-1_seg086.csv
BOWLW-1,entsoe,aligned_segments,87,/ve-remi-dmz-dmz-sh-nas01/data/de_group/ghz_11401/data/wind_timeseries/aligned_15min/entsoe/segments/BOWLW-1_seg087.csv,BOWLW-1_seg087.csv
BOWLW-1,entsoe,aligned_segments,88,/ve-remi-dmz-dmz-sh-nas01/data/de_group/ghz_11401/data/wind_timeseries/aligned_15min/entsoe/segments/BOWLW-1_seg088.csv,BOWLW-1_seg088.csv
BOWLW-1,entsoe,aligned_segments,89,/ve-remi-dmz-dmz-sh-nas01/data/de_group/ghz_11401/data/wind_timeseries/aligned_15min/entsoe/segments/BOWLW-1_seg089.csv,BOWLW-1_seg089.csv
BOWLW-1,entsoe,aligned_segments,90,/ve-remi-dmz-dmz-sh-nas01/data/de_group/ghz_11401/data/wind_timeseries/aligned_15min/entsoe/segments/BOWLW-1_seg090.csv,BOWLW-1_seg090.csv
BOWLW-1,entsoe,aligned_segments,91,/ve-remi-dmz-dmz-sh-nas01/data/de_group/ghz_11401/data/wind_timeseries/aligned_15min/entsoe/segments/BOWLW-1_seg091.csv,BOWLW-1_seg091.csv
BOWLW-1,entsoe,aligned_segments,92,/ve-remi-dmz-dmz-sh-nas01/data/de_group/ghz_11401/data/wind_timeseries/aligned_15min/entsoe/segments/BOWLW-1_seg092.csv,BOWLW-1_seg092.csv
BOWLW-1,entsoe,aligned_segments,93,/ve-remi-dmz-dmz-sh-nas01/data/de_group/ghz_11401/data/wind_timeseries/aligned_15min/entsoe/segments/BOWLW-1_seg093.csv,BOWLW-1_seg093.csv
BOWLW-1,entsoe,aligned_segments,94,/ve-remi-dmz-dmz-sh-nas01/data/de_group/ghz_11401/data/wind_timeseries/aligned_15min/entsoe/segments/BOWLW-1_seg094.csv,BOWLW-1_seg094.csv
BOWLW-1,entsoe,aligned_segments,95,/ve-remi-dmz-dmz-sh-nas01/data/de_group/ghz_11401/data/wind_timeseries/aligned_15min/entsoe/segments/BOWLW-1_seg095.csv,BOWLW-1_seg095.csv
BOWLW-1,entsoe,aligned_segments,96,/ve-remi-dmz-dmz-sh-nas01/data/de_group/ghz_11401/data/wind_timeseries/aligned_15min/entsoe/segments/BOWLW-1_seg096.csv,BOWLW-1_seg096.csv
BOWLW-1,entsoe,aligned_segments,97,/ve-remi-dmz-dmz-sh-nas01/data/de_group/ghz_11401/data/wind_timeseries/aligned_15min/entsoe/segments/BOWLW-1_seg097.csv,BOWLW-1_seg097.csv
BOWLW-1,entsoe,aligned_segments,98,/ve-remi-dmz-dmz-sh-nas01/data/de_group/ghz_11401/data/wind_timeseries/aligned_15min/entsoe/segments/BOWLW-1_seg098.csv,BOWLW-1_seg098.csv
BOWLW-1,entsoe,aligned_segments,99,/ve-remi-dmz-dmz-sh-nas01/data/de_group/ghz_11401/data/wind_timeseries/aligned_15min/entsoe/segments/BOWLW-1_seg099.csv,BOWLW-1_seg099.csv
BOWLW-1,entsoe,aligned_segments,100,/ve-remi-dmz-dmz-sh-nas01/data/de_group/ghz_11401/data/wind_timeseries/aligned_15min/entsoe/segments/BOWLW-1_seg100.csv,BOWLW-1_seg100.csv
BOWLW-1,entsoe,aligned_segments,101,/ve-remi-dmz-dmz-sh-nas01/data/de_group/ghz_11401/data/wind_timeseries/aligned_15min/entsoe/segments/BOWLW-1_seg101.csv,BOWLW-1_seg101.csv
BOWLW-1,entsoe,aligned_segments,102,/ve-remi-dmz-dmz-sh-nas01/data/de_group/ghz_11401/data/wind_timeseries/aligned_15min/entsoe/segments/BOWLW-1_seg102.csv,BOWLW-1_seg102.csv
BOWLW-1,entsoe,aligned_segments,103,/ve-remi-dmz-dmz-sh-nas01/data/de_group/ghz_11401/data/wind_timeseries/aligned_15min/entsoe/segments/BOWLW-1_seg103.csv,BOWLW-1_seg103.csv
BOWLW-1,entsoe,aligned_segments,104,/ve-remi-dmz-dmz-sh-nas01/data/de_group/ghz_11401/data/wind_timeseries/aligned_15min/entsoe/segments/BOWLW-1_seg104.csv,BOWLW-1_seg104.csv
BOWLW-1,entsoe,aligned_segments,105,/ve-remi-dmz-dmz-sh-nas01/data/de_group/ghz_11401/data/wind_timeseries/aligned_15min/entsoe/segments/BOWLW-1_seg105.csv,BOWLW-1_seg105.csv
BOWLW-1,entsoe,aligned_segments,106,/ve-remi-dmz-dmz-sh-nas01/data/de_group/ghz_11401/data/wind_timeseries/aligned_15min/entsoe/segments/BOWLW-1_seg106.csv,BOWLW-1_seg106.csv
BOWLW-1,entsoe,aligned_segments,107,/ve-remi-dmz-dmz-sh-nas01/data/de_group/ghz_11401/data/wind_timeseries/aligned_15min/entsoe/segments/BOWLW-1_seg107.csv,BOWLW-1_seg107.csv
BOWLW-1,entsoe,aligned_segments,108,/ve-remi-dmz-dmz-sh-nas01/data/de_group/ghz_11401/data/wind_timeseries/aligned_15min/entsoe/segments/BOWLW-1_seg108.csv,BOWLW-1_seg108.csv
BOWLW-1,entsoe,aligned_segments,109,/ve-remi-dmz-dmz-sh-nas01/data/de_group/ghz_11401/data/wind_timeseries/aligned_15min/entsoe/segments/BOWLW-1_seg109.csv,BOWLW-1_seg109.csv
BOWLW-1,entsoe,aligned_segments,110,/ve-remi-dmz-dmz-sh-nas01/data/de_group/ghz_11401/data/wind_timeseries/aligned_15min/entsoe/segments/BOWLW-1_seg110.csv,BOWLW-1_seg110.csv
BOWLW-1,entsoe,data_process,1,/ve-remi-dmz-dmz-sh-nas01/data/de_group/ghz_11401/data/wind_timeseries/aligned_15min/data_process/entsoe/BOWLW-1/BOWLW-1_0.csv,BOWLW-1_0.csv
BOWLW-1,entsoe,data_process,2,/ve-remi-dmz-dmz-sh-nas01/data/de_group/ghz_11401/data/wind_timeseries/aligned_15min/data_process/entsoe/BOWLW-1/BOWLW-1_1.csv,BOWLW-1_1.csv
BOWLW-1,entsoe,data_process,3,/ve-remi-dmz-dmz-sh-nas01/data/de_group/ghz_11401/data/wind_timeseries/aligned_15min/data_process/entsoe/BOWLW-1/BOWLW-1_10.csv,BOWLW-1_10.csv
BOWLW-1,entsoe,data_process,4,/ve-remi-dmz-dmz-sh-nas01/data/de_group/ghz_11401/data/wind_timeseries/aligned_15min/data_process/entsoe/BOWLW-1/BOWLW-1_11.csv,BOWLW-1_11.csv
BOWLW-1,entsoe,data_process,5,/ve-remi-dmz-dmz-sh-nas01/data/de_group/ghz_11401/data/wind_timeseries/aligned_15min/data_process/entsoe/BOWLW-1/BOWLW-1_12.csv,BOWLW-1_12.csv
BOWLW-1,entsoe,data_process,6,/ve-remi-dmz-dmz-sh-nas01/data/de_group/ghz_11401/data/wind_timeseries/aligned_15min/data_process/entsoe/BOWLW-1/BOWLW-1_13.csv,BOWLW-1_13.csv
BOWLW-1,entsoe,data_process,7,/ve-remi-dmz-dmz-sh-nas01/data/de_group/ghz_11401/data/wind_timeseries/aligned_15min/data_process/entsoe/BOWLW-1/BOWLW-1_14.csv,BOWLW-1_14.csv
BOWLW-1,entsoe,data_process,8,/ve-remi-dmz-dmz-sh-nas01/data/de_group/ghz_11401/data/wind_timeseries/aligned_15min/data_process/entsoe/BOWLW-1/BOWLW-1_15.csv,BOWLW-1_15.csv
BOWLW-1,entsoe,data_process,9,/ve-remi-dmz-dmz-sh-nas01/data/de_group/ghz_11401/data/wind_timeseries/aligned_15min/data_process/entsoe/BOWLW-1/BOWLW-1_16.csv,BOWLW-1_16.csv
BOWLW-1,entsoe,data_process,10,/ve-remi-dmz-dmz-sh-nas01/data/de_group/ghz_11401/data/wind_timeseries/aligned_15min/data_process/entsoe/BOWLW-1/BOWLW-1_17.csv,BOWLW-1_17.csv
BOWLW-1,entsoe,data_process,11,/ve-remi-dmz-dmz-sh-nas01/data/de_group/ghz_11401/data/wind_timeseries/aligned_15min/data_process/entsoe/BOWLW-1/BOWLW-1_18.csv,BOWLW-1_18.csv
BOWLW-1,entsoe,data_process,12,/ve-remi-dmz-dmz-sh-nas01/data/de_group/ghz_11401/data/wind_timeseries/aligned_15min/data_process/entsoe/BOWLW-1/BOWLW-1_2.csv,BOWLW-1_2.csv
BOWLW-1,entsoe,data_process,13,/ve-remi-dmz-dmz-sh-nas01/data/de_group/ghz_11401/data/wind_timeseries/aligned_15min/data_process/entsoe/BOWLW-1/BOWLW-1_3.csv,BOWLW-1_3.csv
BOWLW-1,entsoe,data_process,14,/ve-remi-dmz-dmz-sh-nas01/data/de_group/ghz_11401/data/wind_timeseries/aligned_15min/data_process/entsoe/BOWLW-1/BOWLW-1_4.csv,BOWLW-1_4.csv
BOWLW-1,entsoe,data_process,15,/ve-remi-dmz-dmz-sh-nas01/data/de_group/ghz_11401/data/wind_timeseries/aligned_15min/data_process/entsoe/BOWLW-1/BOWLW-1_5.csv,BOWLW-1_5.csv
BOWLW-1,entsoe,data_process,16,/ve-remi-dmz-dmz-sh-nas01/data/de_group/ghz_11401/data/wind_timeseries/aligned_15min/data_process/entsoe/BOWLW-1/BOWLW-1_6.csv,BOWLW-1_6.csv
BOWLW-1,entsoe,data_process,17,/ve-remi-dmz-dmz-sh-nas01/data/de_group/ghz_11401/data/wind_timeseries/aligned_15min/data_process/entsoe/BOWLW-1/BOWLW-1_7.csv,BOWLW-1_7.csv
BOWLW-1,entsoe,data_process,18,/ve-remi-dmz-dmz-sh-nas01/data/de_group/ghz_11401/data/wind_timeseries/aligned_15min/data_process/entsoe/BOWLW-1/BOWLW-1_8.csv,BOWLW-1_8.csv
BOWLW-1,entsoe,data_process,19,/ve-remi-dmz-dmz-sh-nas01/data/de_group/ghz_11401/data/wind_timeseries/aligned_15min/data_process/entsoe/BOWLW-1/BOWLW-1_9.csv,BOWLW-1_9.csv
BRBEO-1,entsoe,aligned_segments,1,/ve-remi-dmz-dmz-sh-nas01/data/de_group/ghz_11401/data/wind_timeseries/aligned_15min/entsoe/segments/BRBEO-1_seg001.csv,BRBEO-1_seg001.csv
BRBEO-1,entsoe,aligned_segments,2,/ve-remi-dmz-dmz-sh-nas01/data/de_group/ghz_11401/data/wind_timeseries/aligned_15min/entsoe/segments/BRBEO-1_seg002.csv,BRBEO-1_seg002.csv
BRBEO-1,entsoe,aligned_segments,3,/ve-remi-dmz-dmz-sh-nas01/data/de_group/ghz_11401/data/wind_timeseries/aligned_15min/entsoe/segments/BRBEO-1_seg003.csv,BRBEO-1_seg003.csv
BRBEO-1,entsoe,aligned_segments,4,/ve-remi-dmz-dmz-sh-nas01/data/de_group/ghz_11401/data/wind_timeseries/aligned_15min/entsoe/segments/BRBEO-1_seg004.csv,BRBEO-1_seg004.csv
BRBEO-1,entsoe,aligned_segments,5,/ve-remi-dmz-dmz-sh-nas01/data/de_group/ghz_11401/data/wind_timeseries/aligned_15min/entsoe/segments/BRBEO-1_seg005.csv,BRBEO-1_seg005.csv
BRBEO-1,entsoe,aligned_segments,6,/ve-remi-dmz-dmz-sh-nas01/data/de_group/ghz_11401/data/wind_timeseries/aligned_15min/entsoe/segments/BRBEO-1_seg006.csv,BRBEO-1_seg006.csv
BRBEO-1,entsoe,aligned_segments,7,/ve-remi-dmz-dmz-sh-nas01/data/de_group/ghz_11401/data/wind_timeseries/aligned_15min/entsoe/segments/BRBEO-1_seg007.csv,BRBEO-1_seg007.csv
BRBEO-1,entsoe,aligned_segments,8,/ve-remi-dmz-dmz-sh-nas01/data/de_group/ghz_11401/data/wind_timeseries/aligned_15min/entsoe/segments/BRBEO-1_seg008.csv,BRBEO-1_seg008.csv
BRBEO-1,entsoe,aligned_segments,9,/ve-remi-dmz-dmz-sh-nas01/data/de_group/ghz_11401/data/wind_timeseries/aligned_15min/entsoe/segments/BRBEO-1_seg009.csv,BRBEO-1_seg009.csv
BRBEO-1,entsoe,aligned_segments,10,/ve-remi-dmz-dmz-sh-nas01/data/de_group/ghz_11401/data/wind_timeseries/aligned_15min/entsoe/segments/BRBEO-1_seg010.csv,BRBEO-1_seg010.csv
BRBEO-1,entsoe,aligned_segments,11,/ve-remi-dmz-dmz-sh-nas01/data/de_group/ghz_11401/data/wind_timeseries/aligned_15min/entsoe/segments/BRBEO-1_seg011.csv,BRBEO-1_seg011.csv
BRBEO-1,entsoe,aligned_segments,12,/ve-remi-dmz-dmz-sh-nas01/data/de_group/ghz_11401/data/wind_timeseries/aligned_15min/entsoe/segments/BRBEO-1_seg012.csv,BRBEO-1_seg012.csv
BRBEO-1,entsoe,aligned_segments,13,/ve-remi-dmz-dmz-sh-nas01/data/de_group/ghz_11401/data/wind_timeseries/aligned_15min/entsoe/segments/BRBEO-1_seg013.csv,BRBEO-1_seg013.csv
BRBEO-1,entsoe,aligned_segments,14,/ve-remi-dmz-dmz-sh-nas01/data/de_group/ghz_11401/data/wind_timeseries/aligned_15min/entsoe/segments/BRBEO-1_seg014.csv,BRBEO-1_seg014.csv
BRBEO-1,entsoe,aligned_segments,15,/ve-remi-dmz-dmz-sh-nas01/data/de_group/ghz_11401/data/wind_timeseries/aligned_15min/entsoe/segments/BRBEO-1_seg015.csv,BRBEO-1_seg015.csv
BRBEO-1,entsoe,aligned_segments,16,/ve-remi-dmz-dmz-sh-nas01/data/de_group/ghz_11401/data/wind_timeseries/aligned_15min/entsoe/segments/BRBEO-1_seg016.csv,BRBEO-1_seg016.csv
BRBEO-1,entsoe,aligned_segments,17,/ve-remi-dmz-dmz-sh-nas01/data/de_group/ghz_11401/data/wind_timeseries/aligned_15min/entsoe/segments/BRBEO-1_seg017.csv,BRBEO-1_seg017.csv
BRBEO-1,entsoe,aligned_segments,18,/ve-remi-dmz-dmz-sh-nas01/data/de_group/ghz_11401/data/wind_timeseries/aligned_15min/entsoe/segments/BRBEO-1_seg018.csv,BRBEO-1_seg018.csv
BRBEO-1,entsoe,aligned_segments,19,/ve-remi-dmz-dmz-sh-nas01/data/de_group/ghz_11401/data/wind_timeseries/aligned_15min/entsoe/segments/BRBEO-1_seg019.csv,BRBEO-1_seg019.csv
BRBEO-1,entsoe,aligned_segments,20,/ve-remi-dmz-dmz-sh-nas01/data/de_group/ghz_11401/data/wind_timeseries/aligned_15min/entsoe/segments/BRBEO-1_seg020.csv,BRBEO-1_seg020.csv
BRBEO-1,entsoe,aligned_segments,21,/ve-remi-dmz-dmz-sh-nas01/data/de_group/ghz_11401/data/wind_timeseries/aligned_15min/entsoe/segments/BRBEO-1_seg021.csv,BRBEO-1_seg021.csv
BRBEO-1,entsoe,aligned_segments,22,/ve-remi-dmz-dmz-sh-nas01/data/de_group/ghz_11401/data/wind_timeseries/aligned_15min/entsoe/segments/BRBEO-1_seg022.csv,BRBEO-1_seg022.csv
BRBEO-1,entsoe,aligned_segments,23,/ve-remi-dmz-dmz-sh-nas01/data/de_group/ghz_11401/data/wind_timeseries/aligned_15min/entsoe/segments/BRBEO-1_seg023.csv,BRBEO-1_seg023.csv
BRBEO-1,entsoe,aligned_segments,24,/ve-remi-dmz-dmz-sh-nas01/data/de_group/ghz_11401/data/wind_timeseries/aligned_15min/entsoe/segments/BRBEO-1_seg024.csv,BRBEO-1_seg024.csv
BRBEO-1,entsoe,aligned_segments,25,/ve-remi-dmz-dmz-sh-nas01/data/de_group/ghz_11401/data/wind_timeseries/aligned_15min/entsoe/segments/BRBEO-1_seg025.csv,BRBEO-1_seg025.csv
BRBEO-1,entsoe,aligned_segments,26,/ve-remi-dmz-dmz-sh-nas01/data/de_group/ghz_11401/data/wind_timeseries/aligned_15min/entsoe/segments/BRBEO-1_seg026.csv,BRBEO-1_seg026.csv
BRBEO-1,entsoe,aligned_segments,27,/ve-remi-dmz-dmz-sh-nas01/data/de_group/ghz_11401/data/wind_timeseries/aligned_15min/entsoe/segments/BRBEO-1_seg027.csv,BRBEO-1_seg027.csv
BRBEO-1,entsoe,aligned_segments,28,/ve-remi-dmz-dmz-sh-nas01/data/de_group/ghz_11401/data/wind_timeseries/aligned_15min/entsoe/segments/BRBEO-1_seg028.csv,BRBEO-1_seg028.csv
BRBEO-1,entsoe,aligned_segments,29,/ve-remi-dmz-dmz-sh-nas01/data/de_group/ghz_11401/data/wind_timeseries/aligned_15min/entsoe/segments/BRBEO-1_seg029.csv,BRBEO-1_seg029.csv
BRBEO-1,entsoe,aligned_segments,30,/ve-remi-dmz-dmz-sh-nas01/data/de_group/ghz_11401/data/wind_timeseries/aligned_15min/entsoe/segments/BRBEO-1_seg030.csv,BRBEO-1_seg030.csv
BRBEO-1,entsoe,aligned_segments,31,/ve-remi-dmz-dmz-sh-nas01/data/de_group/ghz_11401/data/wind_timeseries/aligned_15min/entsoe/segments/BRBEO-1_seg031.csv,BRBEO-1_seg031.csv
BRBEO-1,entsoe,aligned_segments,32,/ve-remi-dmz-dmz-sh-nas01/data/de_group/ghz_11401/data/wind_timeseries/aligned_15min/entsoe/segments/BRBEO-1_seg032.csv,BRBEO-1_seg032.csv
BRBEO-1,entsoe,aligned_segments,33,/ve-remi-dmz-dmz-sh-nas01/data/de_group/ghz_11401/data/wind_timeseries/aligned_15min/entsoe/segments/BRBEO-1_seg033.csv,BRBEO-1_seg033.csv
BRBEO-1,entsoe,aligned_segments,34,/ve-remi-dmz-dmz-sh-nas01/data/de_group/ghz_11401/data/wind_timeseries/aligned_15min/entsoe/segments/BRBEO-1_seg034.csv,BRBEO-1_seg034.csv
BRBEO-1,entsoe,aligned_segments,35,/ve-remi-dmz-dmz-sh-nas01/data/de_group/ghz_11401/data/wind_timeseries/aligned_15min/entsoe/segments/BRBEO-1_seg035.csv,BRBEO-1_seg035.csv
BRBEO-1,entsoe,aligned_segments,36,/ve-remi-dmz-dmz-sh-nas01/data/de_group/ghz_11401/data/wind_timeseries/aligned_15min/entsoe/segments/BRBEO-1_seg036.csv,BRBEO-1_seg036.csv
BRBEO-1,entsoe,aligned_segments,37,/ve-remi-dmz-dmz-sh-nas01/data/de_group/ghz_11401/data/wind_timeseries/aligned_15min/entsoe/segments/BRBEO-1_seg037.csv,BRBEO-1_seg037.csv
BRBEO-1,entsoe,aligned_segments,38,/ve-remi-dmz-dmz-sh-nas01/data/de_group/ghz_11401/data/wind_timeseries/aligned_15min/entsoe/segments/BRBEO-1_seg038.csv,BRBEO-1_seg038.csv
BRBEO-1,entsoe,aligned_segments,39,/ve-remi-dmz-dmz-sh-nas01/data/de_group/ghz_11401/data/wind_timeseries/aligned_15min/entsoe/segments/BRBEO-1_seg039.csv,BRBEO-1_seg039.csv
BRBEO-1,entsoe,aligned_segments,40,/ve-remi-dmz-dmz-sh-nas01/data/de_group/ghz_11401/data/wind_timeseries/aligned_15min/entsoe/segments/BRBEO-1_seg040.csv,BRBEO-1_seg040.csv
BRBEO-1,entsoe,aligned_segments,41,/ve-remi-dmz-dmz-sh-nas01/data/de_group/ghz_11401/data/wind_timeseries/aligned_15min/entsoe/segments/BRBEO-1_seg041.csv,BRBEO-1_seg041.csv
BRBEO-1,entsoe,aligned_segments,42,/ve-remi-dmz-dmz-sh-nas01/data/de_group/ghz_11401/data/wind_timeseries/aligned_15min/entsoe/segments/BRBEO-1_seg042.csv,BRBEO-1_seg042.csv
BRBEO-1,entsoe,aligned_segments,43,/ve-remi-dmz-dmz-sh-nas01/data/de_group/ghz_11401/data/wind_timeseries/aligned_15min/entsoe/segments/BRBEO-1_seg043.csv,BRBEO-1_seg043.csv
BRBEO-1,entsoe,aligned_segments,44,/ve-remi-dmz-dmz-sh-nas01/data/de_group/ghz_11401/data/wind_timeseries/aligned_15min/entsoe/segments/BRBEO-1_seg044.csv,BRBEO-1_seg044.csv
BRBEO-1,entsoe,aligned_segments,45,/ve-remi-dmz-dmz-sh-nas01/data/de_group/ghz_11401/data/wind_timeseries/aligned_15min/entsoe/segments/BRBEO-1_seg045.csv,BRBEO-1_seg045.csv
BRBEO-1,entsoe,aligned_segments,46,/ve-remi-dmz-dmz-sh-nas01/data/de_group/ghz_11401/data/wind_timeseries/aligned_15min/entsoe/segments/BRBEO-1_seg046.csv,BRBEO-1_seg046.csv
BRBEO-1,entsoe,aligned_segments,47,/ve-remi-dmz-dmz-sh-nas01/data/de_group/ghz_11401/data/wind_timeseries/aligned_15min/entsoe/segments/BRBEO-1_seg047.csv,BRBEO-1_seg047.csv
BRBEO-1,entsoe,aligned_segments,48,/ve-remi-dmz-dmz-sh-nas01/data/de_group/ghz_11401/data/wind_timeseries/aligned_15min/entsoe/segments/BRBEO-1_seg048.csv,BRBEO-1_seg048.csv
BRBEO-1,entsoe,aligned_segments,49,/ve-remi-dmz-dmz-sh-nas01/data/de_group/ghz_11401/data/wind_timeseries/aligned_15min/entsoe/segments/BRBEO-1_seg049.csv,BRBEO-1_seg049.csv
BRBEO-1,entsoe,aligned_segments,50,/ve-remi-dmz-dmz-sh-nas01/data/de_group/ghz_11401/data/wind_timeseries/aligned_15min/entsoe/segments/BRBEO-1_seg050.csv,BRBEO-1_seg050.csv
BRBEO-1,entsoe,aligned_segments,51,/ve-remi-dmz-dmz-sh-nas01/data/de_group/ghz_11401/data/wind_timeseries/aligned_15min/entsoe/segments/BRBEO-1_seg051.csv,BRBEO-1_seg051.csv
BRBEO-1,entsoe,aligned_segments,52,/ve-remi-dmz-dmz-sh-nas01/data/de_group/ghz_11401/data/wind_timeseries/aligned_15min/entsoe/segments/BRBEO-1_seg052.csv,BRBEO-1_seg052.csv
BRBEO-1,entsoe,aligned_segments,53,/ve-remi-dmz-dmz-sh-nas01/data/de_group/ghz_11401/data/wind_timeseries/aligned_15min/entsoe/segments/BRBEO-1_seg053.csv,BRBEO-1_seg053.csv
BRBEO-1,entsoe,aligned_segments,54,/ve-remi-dmz-dmz-sh-nas01/data/de_group/ghz_11401/data/wind_timeseries/aligned_15min/entsoe/segments/BRBEO-1_seg054.csv,BRBEO-1_seg054.csv
BRBEO-1,entsoe,aligned_segments,55,/ve-remi-dmz-dmz-sh-nas01/data/de_group/ghz_11401/data/wind_timeseries/aligned_15min/entsoe/segments/BRBEO-1_seg055.csv,BRBEO-1_seg055.csv
BRBEO-1,entsoe,aligned_segments,56,/ve-remi-dmz-dmz-sh-nas01/data/de_group/ghz_11401/data/wind_timeseries/aligned_15min/entsoe/segments/BRBEO-1_seg056.csv,BRBEO-1_seg056.csv
BRBEO-1,entsoe,data_process,1,/ve-remi-dmz-dmz-sh-nas01/data/de_group/ghz_11401/data/wind_timeseries/aligned_15min/data_process/entsoe/BRBEO-1/BRBEO-1_0.csv,BRBEO-1_0.csv
BRBEO-1,entsoe,data_process,2,/ve-remi-dmz-dmz-sh-nas01/data/de_group/ghz_11401/data/wind_timeseries/aligned_15min/data_process/entsoe/BRBEO-1/BRBEO-1_1.csv,BRBEO-1_1.csv
BRBEO-1,entsoe,data_process,3,/ve-remi-dmz-dmz-sh-nas01/data/de_group/ghz_11401/data/wind_timeseries/aligned_15min/data_process/entsoe/BRBEO-1/BRBEO-1_10.csv,BRBEO-1_10.csv
BRBEO-1,entsoe,data_process,4,/ve-remi-dmz-dmz-sh-nas01/data/de_group/ghz_11401/data/wind_timeseries/aligned_15min/data_process/entsoe/BRBEO-1/BRBEO-1_11.csv,BRBEO-1_11.csv
BRBEO-1,entsoe,data_process,5,/ve-remi-dmz-dmz-sh-nas01/data/de_group/ghz_11401/data/wind_timeseries/aligned_15min/data_process/entsoe/BRBEO-1/BRBEO-1_12.csv,BRBEO-1_12.csv
BRBEO-1,entsoe,data_process,6,/ve-remi-dmz-dmz-sh-nas01/data/de_group/ghz_11401/data/wind_timeseries/aligned_15min/data_process/entsoe/BRBEO-1/BRBEO-1_13.csv,BRBEO-1_13.csv
BRBEO-1,entsoe,data_process,7,/ve-remi-dmz-dmz-sh-nas01/data/de_group/ghz_11401/data/wind_timeseries/aligned_15min/data_process/entsoe/BRBEO-1/BRBEO-1_14.csv,BRBEO-1_14.csv
BRBEO-1,entsoe,data_process,8,/ve-remi-dmz-dmz-sh-nas01/data/de_group/ghz_11401/data/wind_timeseries/aligned_15min/data_process/entsoe/BRBEO-1/BRBEO-1_15.csv,BRBEO-1_15.csv
BRBEO-1,entsoe,data_process,9,/ve-remi-dmz-dmz-sh-nas01/data/de_group/ghz_11401/data/wind_timeseries/aligned_15min/data_process/entsoe/BRBEO-1/BRBEO-1_16.csv,BRBEO-1_16.csv
BRBEO-1,entsoe,data_process,10,/ve-remi-dmz-dmz-sh-nas01/data/de_group/ghz_11401/data/wind_timeseries/aligned_15min/data_process/entsoe/BRBEO-1/BRBEO-1_17.csv,BRBEO-1_17.csv
BRBEO-1,entsoe,data_process,11,/ve-remi-dmz-dmz-sh-nas01/data/de_group/ghz_11401/data/wind_timeseries/aligned_15min/data_process/entsoe/BRBEO-1/BRBEO-1_18.csv,BRBEO-1_18.csv
BRBEO-1,entsoe,data_process,12,/ve-remi-dmz-dmz-sh-nas01/data/de_group/ghz_11401/data/wind_timeseries/aligned_15min/data_process/entsoe/BRBEO-1/BRBEO-1_2.csv,BRBEO-1_2.csv
BRBEO-1,entsoe,data_process,13,/ve-remi-dmz-dmz-sh-nas01/data/de_group/ghz_11401/data/wind_timeseries/aligned_15min/data_process/entsoe/BRBEO-1/BRBEO-1_3.csv,BRBEO-1_3.csv
BRBEO-1,entsoe,data_process,14,/ve-remi-dmz-dmz-sh-nas01/data/de_group/ghz_11401/data/wind_timeseries/aligned_15min/data_process/entsoe/BRBEO-1/BRBEO-1_4.csv,BRBEO-1_4.csv
BRBEO-1,entsoe,data_process,15,/ve-remi-dmz-dmz-sh-nas01/data/de_group/ghz_11401/data/wind_timeseries/aligned_15min/data_process/entsoe/BRBEO-1/BRBEO-1_5.csv,BRBEO-1_5.csv
BRBEO-1,entsoe,data_process,16,/ve-remi-dmz-dmz-sh-nas01/data/de_group/ghz_11401/data/wind_timeseries/aligned_15min/data_process/entsoe/BRBEO-1/BRBEO-1_6.csv,BRBEO-1_6.csv
BRBEO-1,entsoe,data_process,17,/ve-remi-dmz-dmz-sh-nas01/data/de_group/ghz_11401/data/wind_timeseries/aligned_15min/data_process/entsoe/BRBEO-1/BRBEO-1_7.csv,BRBEO-1_7.csv
BRBEO-1,entsoe,data_process,18,/ve-remi-dmz-dmz-sh-nas01/data/de_group/ghz_11401/data/wind_timeseries/aligned_15min/data_process/entsoe/BRBEO-1/BRBEO-1_8.csv,BRBEO-1_8.csv
BRBEO-1,entsoe,data_process,19,/ve-remi-dmz-dmz-sh-nas01/data/de_group/ghz_11401/data/wind_timeseries/aligned_15min/data_process/entsoe/BRBEO-1/BRBEO-1_9.csv,BRBEO-1_9.csv
BRDUW-1,entsoe,aligned_segments,1,/ve-remi-dmz-dmz-sh-nas01/data/de_group/ghz_11401/data/wind_timeseries/aligned_15min/entsoe/segments/BRDUW-1_seg001.csv,BRDUW-1_seg001.csv
BRDUW-1,entsoe,aligned_segments,2,/ve-remi-dmz-dmz-sh-nas01/data/de_group/ghz_11401/data/wind_timeseries/aligned_15min/entsoe/segments/BRDUW-1_seg002.csv,BRDUW-1_seg002.csv
BRDUW-1,entsoe,aligned_segments,3,/ve-remi-dmz-dmz-sh-nas01/data/de_group/ghz_11401/data/wind_timeseries/aligned_15min/entsoe/segments/BRDUW-1_seg003.csv,BRDUW-1_seg003.csv
BRDUW-1,entsoe,aligned_segments,4,/ve-remi-dmz-dmz-sh-nas01/data/de_group/ghz_11401/data/wind_timeseries/aligned_15min/entsoe/segments/BRDUW-1_seg004.csv,BRDUW-1_seg004.csv
BRDUW-1,entsoe,aligned_segments,5,/ve-remi-dmz-dmz-sh-nas01/data/de_group/ghz_11401/data/wind_timeseries/aligned_15min/entsoe/segments/BRDUW-1_seg005.csv,BRDUW-1_seg005.csv
BRDUW-1,entsoe,aligned_segments,6,/ve-remi-dmz-dmz-sh-nas01/data/de_group/ghz_11401/data/wind_timeseries/aligned_15min/entsoe/segments/BRDUW-1_seg006.csv,BRDUW-1_seg006.csv
BRDUW-1,entsoe,aligned_segments,7,/ve-remi-dmz-dmz-sh-nas01/data/de_group/ghz_11401/data/wind_timeseries/aligned_15min/entsoe/segments/BRDUW-1_seg007.csv,BRDUW-1_seg007.csv
BRDUW-1,entsoe,aligned_segments,8,/ve-remi-dmz-dmz-sh-nas01/data/de_group/ghz_11401/data/wind_timeseries/aligned_15min/entsoe/segments/BRDUW-1_seg008.csv,BRDUW-1_seg008.csv
BRDUW-1,entsoe,aligned_segments,9,/ve-remi-dmz-dmz-sh-nas01/data/de_group/ghz_11401/data/wind_timeseries/aligned_15min/entsoe/segments/BRDUW-1_seg009.csv,BRDUW-1_seg009.csv
BRDUW-1,entsoe,aligned_segments,10,/ve-remi-dmz-dmz-sh-nas01/data/de_group/ghz_11401/data/wind_timeseries/aligned_15min/entsoe/segments/BRDUW-1_seg010.csv,BRDUW-1_seg010.csv
BRDUW-1,entsoe,aligned_segments,11,/ve-remi-dmz-dmz-sh-nas01/data/de_group/ghz_11401/data/wind_timeseries/aligned_15min/entsoe/segments/BRDUW-1_seg011.csv,BRDUW-1_seg011.csv
BRDUW-1,entsoe,aligned_segments,12,/ve-remi-dmz-dmz-sh-nas01/data/de_group/ghz_11401/data/wind_timeseries/aligned_15min/entsoe/segments/BRDUW-1_seg012.csv,BRDUW-1_seg012.csv
BRDUW-1,entsoe,aligned_segments,13,/ve-remi-dmz-dmz-sh-nas01/data/de_group/ghz_11401/data/wind_timeseries/aligned_15min/entsoe/segments/BRDUW-1_seg013.csv,BRDUW-1_seg013.csv
BRDUW-1,entsoe,aligned_segments,14,/ve-remi-dmz-dmz-sh-nas01/data/de_group/ghz_11401/data/wind_timeseries/aligned_15min/entsoe/segments/BRDUW-1_seg014.csv,BRDUW-1_seg014.csv
BRDUW-1,entsoe,aligned_segments,15,/ve-remi-dmz-dmz-sh-nas01/data/de_group/ghz_11401/data/wind_timeseries/aligned_15min/entsoe/segments/BRDUW-1_seg015.csv,BRDUW-1_seg015.csv
BRDUW-1,entsoe,aligned_segments,16,/ve-remi-dmz-dmz-sh-nas01/data/de_group/ghz_11401/data/wind_timeseries/aligned_15min/entsoe/segments/BRDUW-1_seg016.csv,BRDUW-1_seg016.csv
BRDUW-1,entsoe,aligned_segments,17,/ve-remi-dmz-dmz-sh-nas01/data/de_group/ghz_11401/data/wind_timeseries/aligned_15min/entsoe/segments/BRDUW-1_seg017.csv,BRDUW-1_seg017.csv
BRDUW-1,entsoe,aligned_segments,18,/ve-remi-dmz-dmz-sh-nas01/data/de_group/ghz_11401/data/wind_timeseries/aligned_15min/entsoe/segments/BRDUW-1_seg018.csv,BRDUW-1_seg018.csv
BRDUW-1,entsoe,aligned_segments,19,/ve-remi-dmz-dmz-sh-nas01/data/de_group/ghz_11401/data/wind_timeseries/aligned_15min/entsoe/segments/BRDUW-1_seg019.csv,BRDUW-1_seg019.csv
BRDUW-1,entsoe,aligned_segments,20,/ve-remi-dmz-dmz-sh-nas01/data/de_group/ghz_11401/data/wind_timeseries/aligned_15min/entsoe/segments/BRDUW-1_seg020.csv,BRDUW-1_seg020.csv
BRDUW-1,entsoe,aligned_segments,21,/ve-remi-dmz-dmz-sh-nas01/data/de_group/ghz_11401/data/wind_timeseries/aligned_15min/entsoe/segments/BRDUW-1_seg021.csv,BRDUW-1_seg021.csv
BRDUW-1,entsoe,aligned_segments,22,/ve-remi-dmz-dmz-sh-nas01/data/de_group/ghz_11401/data/wind_timeseries/aligned_15min/entsoe/segments/BRDUW-1_seg022.csv,BRDUW-1_seg022.csv
BRDUW-1,entsoe,aligned_segments,23,/ve-remi-dmz-dmz-sh-nas01/data/de_group/ghz_11401/data/wind_timeseries/aligned_15min/entsoe/segments/BRDUW-1_seg023.csv,BRDUW-1_seg023.csv
BRDUW-1,entsoe,aligned_segments,24,/ve-remi-dmz-dmz-sh-nas01/data/de_group/ghz_11401/data/wind_timeseries/aligned_15min/entsoe/segments/BRDUW-1_seg024.csv,BRDUW-1_seg024.csv
BRDUW-1,entsoe,aligned_segments,25,/ve-remi-dmz-dmz-sh-nas01/data/de_group/ghz_11401/data/wind_timeseries/aligned_15min/entsoe/segments/BRDUW-1_seg025.csv,BRDUW-1_seg025.csv
BRDUW-1,entsoe,aligned_segments,26,/ve-remi-dmz-dmz-sh-nas01/data/de_group/ghz_11401/data/wind_timeseries/aligned_15min/entsoe/segments/BRDUW-1_seg026.csv,BRDUW-1_seg026.csv
BRDUW-1,entsoe,aligned_segments,27,/ve-remi-dmz-dmz-sh-nas01/data/de_group/ghz_11401/data/wind_timeseries/aligned_15min/entsoe/segments/BRDUW-1_seg027.csv,BRDUW-1_seg027.csv
BRDUW-1,entsoe,aligned_segments,28,/ve-remi-dmz-dmz-sh-nas01/data/de_group/ghz_11401/data/wind_timeseries/aligned_15min/entsoe/segments/BRDUW-1_seg028.csv,BRDUW-1_seg028.csv
BRDUW-1,entsoe,aligned_segments,29,/ve-remi-dmz-dmz-sh-nas01/data/de_group/ghz_11401/data/wind_timeseries/aligned_15min/entsoe/segments/BRDUW-1_seg029.csv,BRDUW-1_seg029.csv
BRDUW-1,entsoe,aligned_segments,30,/ve-remi-dmz-dmz-sh-nas01/data/de_group/ghz_11401/data/wind_timeseries/aligned_15min/entsoe/segments/BRDUW-1_seg030.csv,BRDUW-1_seg030.csv
BRDUW-1,entsoe,aligned_segments,31,/ve-remi-dmz-dmz-sh-nas01/data/de_group/ghz_11401/data/wind_timeseries/aligned_15min/entsoe/segments/BRDUW-1_seg031.csv,BRDUW-1_seg031.csv
BRDUW-1,entsoe,aligned_segments,32,/ve-remi-dmz-dmz-sh-nas01/data/de_group/ghz_11401/data/wind_timeseries/aligned_15min/entsoe/segments/BRDUW-1_seg032.csv,BRDUW-1_seg032.csv
BRDUW-1,entsoe,aligned_segments,33,/ve-remi-dmz-dmz-sh-nas01/data/de_group/ghz_11401/data/wind_timeseries/aligned_15min/entsoe/segments/BRDUW-1_seg033.csv,BRDUW-1_seg033.csv
BRDUW-1,entsoe,aligned_segments,34,/ve-remi-dmz-dmz-sh-nas01/data/de_group/ghz_11401/data/wind_timeseries/aligned_15min/entsoe/segments/BRDUW-1_seg034.csv,BRDUW-1_seg034.csv
BRDUW-1,entsoe,aligned_segments,35,/ve-remi-dmz-dmz-sh-nas01/data/de_group/ghz_11401/data/wind_timeseries/aligned_15min/entsoe/segments/BRDUW-1_seg035.csv,BRDUW-1_seg035.csv
BRDUW-1,entsoe,aligned_segments,36,/ve-remi-dmz-dmz-sh-nas01/data/de_group/ghz_11401/data/wind_timeseries/aligned_15min/entsoe/segments/BRDUW-1_seg036.csv,BRDUW-1_seg036.csv
BRDUW-1,entsoe,aligned_segments,37,/ve-remi-dmz-dmz-sh-nas01/data/de_group/ghz_11401/data/wind_timeseries/aligned_15min/entsoe/segments/BRDUW-1_seg037.csv,BRDUW-1_seg037.csv
BRDUW-1,entsoe,aligned_segments,38,/ve-remi-dmz-dmz-sh-nas01/data/de_group/ghz_11401/data/wind_timeseries/aligned_15min/entsoe/segments/BRDUW-1_seg038.csv,BRDUW-1_seg038.csv
BRDUW-1,entsoe,aligned_segments,39,/ve-remi-dmz-dmz-sh-nas01/data/de_group/ghz_11401/data/wind_timeseries/aligned_15min/entsoe/segments/BRDUW-1_seg039.csv,BRDUW-1_seg039.csv
BRDUW-1,entsoe,aligned_segments,40,/ve-remi-dmz-dmz-sh-nas01/data/de_group/ghz_11401/data/wind_timeseries/aligned_15min/entsoe/segments/BRDUW-1_seg040.csv,BRDUW-1_seg040.csv
BRDUW-1,entsoe,aligned_segments,41,/ve-remi-dmz-dmz-sh-nas01/data/de_group/ghz_11401/data/wind_timeseries/aligned_15min/entsoe/segments/BRDUW-1_seg041.csv,BRDUW-1_seg041.csv
BRDUW-1,entsoe,aligned_segments,42,/ve-remi-dmz-dmz-sh-nas01/data/de_group/ghz_11401/data/wind_timeseries/aligned_15min/entsoe/segments/BRDUW-1_seg042.csv,BRDUW-1_seg042.csv
BRDUW-1,entsoe,aligned_segments,43,/ve-remi-dmz-dmz-sh-nas01/data/de_group/ghz_11401/data/wind_timeseries/aligned_15min/entsoe/segments/BRDUW-1_seg043.csv,BRDUW-1_seg043.csv
BRDUW-1,entsoe,aligned_segments,44,/ve-remi-dmz-dmz-sh-nas01/data/de_group/ghz_11401/data/wind_timeseries/aligned_15min/entsoe/segments/BRDUW-1_seg044.csv,BRDUW-1_seg044.csv
BRDUW-1,entsoe,aligned_segments,45,/ve-remi-dmz-dmz-sh-nas01/data/de_group/ghz_11401/data/wind_timeseries/aligned_15min/entsoe/segments/BRDUW-1_seg045.csv,BRDUW-1_seg045.csv
BRDUW-1,entsoe,aligned_segments,46,/ve-remi-dmz-dmz-sh-nas01/data/de_group/ghz_11401/data/wind_timeseries/aligned_15min/entsoe/segments/BRDUW-1_seg046.csv,BRDUW-1_seg046.csv
BRDUW-1,entsoe,aligned_segments,47,/ve-remi-dmz-dmz-sh-nas01/data/de_group/ghz_11401/data/wind_timeseries/aligned_15min/entsoe/segments/BRDUW-1_seg047.csv,BRDUW-1_seg047.csv
BRDUW-1,entsoe,aligned_segments,48,/ve-remi-dmz-dmz-sh-nas01/data/de_group/ghz_11401/data/wind_timeseries/aligned_15min/entsoe/segments/BRDUW-1_seg048.csv,BRDUW-1_seg048.csv
BRDUW-1,entsoe,aligned_segments,49,/ve-remi-dmz-dmz-sh-nas01/data/de_group/ghz_11401/data/wind_timeseries/aligned_15min/entsoe/segments/BRDUW-1_seg049.csv,BRDUW-1_seg049.csv
BRDUW-1,entsoe,aligned_segments,50,/ve-remi-dmz-dmz-sh-nas01/data/de_group/ghz_11401/data/wind_timeseries/aligned_15min/entsoe/segments/BRDUW-1_seg050.csv,BRDUW-1_seg050.csv
BRDUW-1,entsoe,aligned_segments,51,/ve-remi-dmz-dmz-sh-nas01/data/de_group/ghz_11401/data/wind_timeseries/aligned_15min/entsoe/segments/BRDUW-1_seg051.csv,BRDUW-1_seg051.csv
BRDUW-1,entsoe,aligned_segments,52,/ve-remi-dmz-dmz-sh-nas01/data/de_group/ghz_11401/data/wind_timeseries/aligned_15min/entsoe/segments/BRDUW-1_seg052.csv,BRDUW-1_seg052.csv
BRDUW-1,entsoe,aligned_segments,53,/ve-remi-dmz-dmz-sh-nas01/data/de_group/ghz_11401/data/wind_timeseries/aligned_15min/entsoe/segments/BRDUW-1_seg053.csv,BRDUW-1_seg053.csv
BRDUW-1,entsoe,aligned_segments,54,/ve-remi-dmz-dmz-sh-nas01/data/de_group/ghz_11401/data/wind_timeseries/aligned_15min/entsoe/segments/BRDUW-1_seg054.csv,BRDUW-1_seg054.csv
BRDUW-1,entsoe,aligned_segments,55,/ve-remi-dmz-dmz-sh-nas01/data/de_group/ghz_11401/data/wind_timeseries/aligned_15min/entsoe/segments/BRDUW-1_seg055.csv,BRDUW-1_seg055.csv
BRDUW-1,entsoe,aligned_segments,56,/ve-remi-dmz-dmz-sh-nas01/data/de_group/ghz_11401/data/wind_timeseries/aligned_15min/entsoe/segments/BRDUW-1_seg056.csv,BRDUW-1_seg056.csv
BRDUW-1,entsoe,aligned_segments,57,/ve-remi-dmz-dmz-sh-nas01/data/de_group/ghz_11401/data/wind_timeseries/aligned_15min/entsoe/segments/BRDUW-1_seg057.csv,BRDUW-1_seg057.csv
BRDUW-1,entsoe,aligned_segments,58,/ve-remi-dmz-dmz-sh-nas01/data/de_group/ghz_11401/data/wind_timeseries/aligned_15min/entsoe/segments/BRDUW-1_seg058.csv,BRDUW-1_seg058.csv
BRDUW-1,entsoe,aligned_segments,59,/ve-remi-dmz-dmz-sh-nas01/data/de_group/ghz_11401/data/wind_timeseries/aligned_15min/entsoe/segments/BRDUW-1_seg059.csv,BRDUW-1_seg059.csv
BRDUW-1,entsoe,aligned_segments,60,/ve-remi-dmz-dmz-sh-nas01/data/de_group/ghz_11401/data/wind_timeseries/aligned_15min/entsoe/segments/BRDUW-1_seg060.csv,BRDUW-1_seg060.csv
BRDUW-1,entsoe,aligned_segments,61,/ve-remi-dmz-dmz-sh-nas01/data/de_group/ghz_11401/data/wind_timeseries/aligned_15min/entsoe/segments/BRDUW-1_seg061.csv,BRDUW-1_seg061.csv
BRDUW-1,entsoe,aligned_segments,62,/ve-remi-dmz-dmz-sh-nas01/data/de_group/ghz_11401/data/wind_timeseries/aligned_15min/entsoe/segments/BRDUW-1_seg062.csv,BRDUW-1_seg062.csv
BRDUW-1,entsoe,aligned_segments,63,/ve-remi-dmz-dmz-sh-nas01/data/de_group/ghz_11401/data/wind_timeseries/aligned_15min/entsoe/segments/BRDUW-1_seg063.csv,BRDUW-1_seg063.csv
BRDUW-1,entsoe,aligned_segments,64,/ve-remi-dmz-dmz-sh-nas01/data/de_group/ghz_11401/data/wind_timeseries/aligned_15min/entsoe/segments/BRDUW-1_seg064.csv,BRDUW-1_seg064.csv
BRDUW-1,entsoe,aligned_segments,65,/ve-remi-dmz-dmz-sh-nas01/data/de_group/ghz_11401/data/wind_timeseries/aligned_15min/entsoe/segments/BRDUW-1_seg065.csv,BRDUW-1_seg065.csv
BRDUW-1,entsoe,aligned_segments,66,/ve-remi-dmz-dmz-sh-nas01/data/de_group/ghz_11401/data/wind_timeseries/aligned_15min/entsoe/segments/BRDUW-1_seg066.csv,BRDUW-1_seg066.csv
BRDUW-1,entsoe,aligned_segments,67,/ve-remi-dmz-dmz-sh-nas01/data/de_group/ghz_11401/data/wind_timeseries/aligned_15min/entsoe/segments/BRDUW-1_seg067.csv,BRDUW-1_seg067.csv
BRDUW-1,entsoe,aligned_segments,68,/ve-remi-dmz-dmz-sh-nas01/data/de_group/ghz_11401/data/wind_timeseries/aligned_15min/entsoe/segments/BRDUW-1_seg068.csv,BRDUW-1_seg068.csv
BRDUW-1,entsoe,aligned_segments,69,/ve-remi-dmz-dmz-sh-nas01/data/de_group/ghz_11401/data/wind_timeseries/aligned_15min/entsoe/segments/BRDUW-1_seg069.csv,BRDUW-1_seg069.csv
BRDUW-1,entsoe,aligned_segments,70,/ve-remi-dmz-dmz-sh-nas01/data/de_group/ghz_11401/data/wind_timeseries/aligned_15min/entsoe/segments/BRDUW-1_seg070.csv,BRDUW-1_seg070.csv
BRDUW-1,entsoe,aligned_segments,71,/ve-remi-dmz-dmz-sh-nas01/data/de_group/ghz_11401/data/wind_timeseries/aligned_15min/entsoe/segments/BRDUW-1_seg071.csv,BRDUW-1_seg071.csv
BRDUW-1,entsoe,aligned_segments,72,/ve-remi-dmz-dmz-sh-nas01/data/de_group/ghz_11401/data/wind_timeseries/aligned_15min/entsoe/segments/BRDUW-1_seg072.csv,BRDUW-1_seg072.csv
BRDUW-1,entsoe,aligned_segments,73,/ve-remi-dmz-dmz-sh-nas01/data/de_group/ghz_11401/data/wind_timeseries/aligned_15min/entsoe/segments/BRDUW-1_seg073.csv,BRDUW-1_seg073.csv
BRDUW-1,entsoe,aligned_segments,74,/ve-remi-dmz-dmz-sh-nas01/data/de_group/ghz_11401/data/wind_timeseries/aligned_15min/entsoe/segments/BRDUW-1_seg074.csv,BRDUW-1_seg074.csv
BRDUW-1,entsoe,aligned_segments,75,/ve-remi-dmz-dmz-sh-nas01/data/de_group/ghz_11401/data/wind_timeseries/aligned_15min/entsoe/segments/BRDUW-1_seg075.csv,BRDUW-1_seg075.csv
BRDUW-1,entsoe,aligned_segments,76,/ve-remi-dmz-dmz-sh-nas01/data/de_group/ghz_11401/data/wind_timeseries/aligned_15min/entsoe/segments/BRDUW-1_seg076.csv,BRDUW-1_seg076.csv
BRDUW-1,entsoe,aligned_segments,77,/ve-remi-dmz-dmz-sh-nas01/data/de_group/ghz_11401/data/wind_timeseries/aligned_15min/entsoe/segments/BRDUW-1_seg077.csv,BRDUW-1_seg077.csv
BRDUW-1,entsoe,aligned_segments,78,/ve-remi-dmz-dmz-sh-nas01/data/de_group/ghz_11401/data/wind_timeseries/aligned_15min/entsoe/segments/BRDUW-1_seg078.csv,BRDUW-1_seg078.csv
BRDUW-1,entsoe,aligned_segments,79,/ve-remi-dmz-dmz-sh-nas01/data/de_group/ghz_11401/data/wind_timeseries/aligned_15min/entsoe/segments/BRDUW-1_seg079.csv,BRDUW-1_seg079.csv
BRDUW-1,entsoe,aligned_segments,80,/ve-remi-dmz-dmz-sh-nas01/data/de_group/ghz_11401/data/wind_timeseries/aligned_15min/entsoe/segments/BRDUW-1_seg080.csv,BRDUW-1_seg080.csv
BRDUW-1,entsoe,aligned_segments,81,/ve-remi-dmz-dmz-sh-nas01/data/de_group/ghz_11401/data/wind_timeseries/aligned_15min/entsoe/segments/BRDUW-1_seg081.csv,BRDUW-1_seg081.csv
BRDUW-1,entsoe,aligned_segments,82,/ve-remi-dmz-dmz-sh-nas01/data/de_group/ghz_11401/data/wind_timeseries/aligned_15min/entsoe/segments/BRDUW-1_seg082.csv,BRDUW-1_seg082.csv
BRDUW-1,entsoe,aligned_segments,83,/ve-remi-dmz-dmz-sh-nas01/data/de_group/ghz_11401/data/wind_timeseries/aligned_15min/entsoe/segments/BRDUW-1_seg083.csv,BRDUW-1_seg083.csv
BRDUW-1,entsoe,aligned_segments,84,/ve-remi-dmz-dmz-sh-nas01/data/de_group/ghz_11401/data/wind_timeseries/aligned_15min/entsoe/segments/BRDUW-1_seg084.csv,BRDUW-1_seg084.csv
BRDUW-1,entsoe,aligned_segments,85,/ve-remi-dmz-dmz-sh-nas01/data/de_group/ghz_11401/data/wind_timeseries/aligned_15min/entsoe/segments/BRDUW-1_seg085.csv,BRDUW-1_seg085.csv
BRDUW-1,entsoe,aligned_segments,86,/ve-remi-dmz-dmz-sh-nas01/data/de_group/ghz_11401/data/wind_timeseries/aligned_15min/entsoe/segments/BRDUW-1_seg086.csv,BRDUW-1_seg086.csv
BRDUW-1,entsoe,aligned_segments,87,/ve-remi-dmz-dmz-sh-nas01/data/de_group/ghz_11401/data/wind_timeseries/aligned_15min/entsoe/segments/BRDUW-1_seg087.csv,BRDUW-1_seg087.csv
BRDUW-1,entsoe,aligned_segments,88,/ve-remi-dmz-dmz-sh-nas01/data/de_group/ghz_11401/data/wind_timeseries/aligned_15min/entsoe/segments/BRDUW-1_seg088.csv,BRDUW-1_seg088.csv
BRDUW-1,entsoe,aligned_segments,89,/ve-remi-dmz-dmz-sh-nas01/data/de_group/ghz_11401/data/wind_timeseries/aligned_15min/entsoe/segments/BRDUW-1_seg089.csv,BRDUW-1_seg089.csv
BRDUW-1,entsoe,aligned_segments,90,/ve-remi-dmz-dmz-sh-nas01/data/de_group/ghz_11401/data/wind_timeseries/aligned_15min/entsoe/segments/BRDUW-1_seg090.csv,BRDUW-1_seg090.csv
BRDUW-1,entsoe,aligned_segments,91,/ve-remi-dmz-dmz-sh-nas01/data/de_group/ghz_11401/data/wind_timeseries/aligned_15min/entsoe/segments/BRDUW-1_seg091.csv,BRDUW-1_seg091.csv
BRDUW-1,entsoe,aligned_segments,92,/ve-remi-dmz-dmz-sh-nas01/data/de_group/ghz_11401/data/wind_timeseries/aligned_15min/entsoe/segments/BRDUW-1_seg092.csv,BRDUW-1_seg092.csv
BRDUW-1,entsoe,aligned_segments,93,/ve-remi-dmz-dmz-sh-nas01/data/de_group/ghz_11401/data/wind_timeseries/aligned_15min/entsoe/segments/BRDUW-1_seg093.csv,BRDUW-1_seg093.csv
BRDUW-1,entsoe,aligned_segments,94,/ve-remi-dmz-dmz-sh-nas01/data/de_group/ghz_11401/data/wind_timeseries/aligned_15min/entsoe/segments/BRDUW-1_seg094.csv,BRDUW-1_seg094.csv
BRDUW-1,entsoe,aligned_segments,95,/ve-remi-dmz-dmz-sh-nas01/data/de_group/ghz_11401/data/wind_timeseries/aligned_15min/entsoe/segments/BRDUW-1_seg095.csv,BRDUW-1_seg095.csv
BRDUW-1,entsoe,aligned_segments,96,/ve-remi-dmz-dmz-sh-nas01/data/de_group/ghz_11401/data/wind_timeseries/aligned_15min/entsoe/segments/BRDUW-1_seg096.csv,BRDUW-1_seg096.csv
BRDUW-1,entsoe,aligned_segments,97,/ve-remi-dmz-dmz-sh-nas01/data/de_group/ghz_11401/data/wind_timeseries/aligned_15min/entsoe/segments/BRDUW-1_seg097.csv,BRDUW-1_seg097.csv
BRDUW-1,entsoe,aligned_segments,98,/ve-remi-dmz-dmz-sh-nas01/data/de_group/ghz_11401/data/wind_timeseries/aligned_15min/entsoe/segments/BRDUW-1_seg098.csv,BRDUW-1_seg098.csv
BRDUW-1,entsoe,aligned_segments,99,/ve-remi-dmz-dmz-sh-nas01/data/de_group/ghz_11401/data/wind_timeseries/aligned_15min/entsoe/segments/BRDUW-1_seg099.csv,BRDUW-1_seg099.csv
BRDUW-1,entsoe,aligned_segments,100,/ve-remi-dmz-dmz-sh-nas01/data/de_group/ghz_11401/data/wind_timeseries/aligned_15min/entsoe/segments/BRDUW-1_seg100.csv,BRDUW-1_seg100.csv
BRDUW-1,entsoe,aligned_segments,101,/ve-remi-dmz-dmz-sh-nas01/data/de_group/ghz_11401/data/wind_timeseries/aligned_15min/entsoe/segments/BRDUW-1_seg101.csv,BRDUW-1_seg101.csv
BRDUW-1,entsoe,aligned_segments,102,/ve-remi-dmz-dmz-sh-nas01/data/de_group/ghz_11401/data/wind_timeseries/aligned_15min/entsoe/segments/BRDUW-1_seg102.csv,BRDUW-1_seg102.csv
BRDUW-1,entsoe,aligned_segments,103,/ve-remi-dmz-dmz-sh-nas01/data/de_group/ghz_11401/data/wind_timeseries/aligned_15min/entsoe/segments/BRDUW-1_seg103.csv,BRDUW-1_seg103.csv
BRDUW-1,entsoe,aligned_segments,104,/ve-remi-dmz-dmz-sh-nas01/data/de_group/ghz_11401/data/wind_timeseries/aligned_15min/entsoe/segments/BRDUW-1_seg104.csv,BRDUW-1_seg104.csv
BRDUW-1,entsoe,aligned_segments,105,/ve-remi-dmz-dmz-sh-nas01/data/de_group/ghz_11401/data/wind_timeseries/aligned_15min/entsoe/segments/BRDUW-1_seg105.csv,BRDUW-1_seg105.csv
BRDUW-1,entsoe,aligned_segments,106,/ve-remi-dmz-dmz-sh-nas01/data/de_group/ghz_11401/data/wind_timeseries/aligned_15min/entsoe/segments/BRDUW-1_seg106.csv,BRDUW-1_seg106.csv
BRDUW-1,entsoe,aligned_segments,107,/ve-remi-dmz-dmz-sh-nas01/data/de_group/ghz_11401/data/wind_timeseries/aligned_15min/entsoe/segments/BRDUW-1_seg107.csv,BRDUW-1_seg107.csv
BRDUW-1,entsoe,aligned_segments,108,/ve-remi-dmz-dmz-sh-nas01/data/de_group/ghz_11401/data/wind_timeseries/aligned_15min/entsoe/segments/BRDUW-1_seg108.csv,BRDUW-1_seg108.csv
BRDUW-1,entsoe,aligned_segments,109,/ve-remi-dmz-dmz-sh-nas01/data/de_group/ghz_11401/data/wind_timeseries/aligned_15min/entsoe/segments/BRDUW-1_seg109.csv,BRDUW-1_seg109.csv
BRDUW-1,entsoe,aligned_segments,110,/ve-remi-dmz-dmz-sh-nas01/data/de_group/ghz_11401/data/wind_timeseries/aligned_15min/entsoe/segments/BRDUW-1_seg110.csv,BRDUW-1_seg110.csv
BRDUW-1,entsoe,aligned_segments,111,/ve-remi-dmz-dmz-sh-nas01/data/de_group/ghz_11401/data/wind_timeseries/aligned_15min/entsoe/segments/BRDUW-1_seg111.csv,BRDUW-1_seg111.csv
BRDUW-1,entsoe,aligned_segments,112,/ve-remi-dmz-dmz-sh-nas01/data/de_group/ghz_11401/data/wind_timeseries/aligned_15min/entsoe/segments/BRDUW-1_seg112.csv,BRDUW-1_seg112.csv
BRDUW-1,entsoe,aligned_segments,113,/ve-remi-dmz-dmz-sh-nas01/data/de_group/ghz_11401/data/wind_timeseries/aligned_15min/entsoe/segments/BRDUW-1_seg113.csv,BRDUW-1_seg113.csv
BRDUW-1,entsoe,aligned_segments,114,/ve-remi-dmz-dmz-sh-nas01/data/de_group/ghz_11401/data/wind_timeseries/aligned_15min/entsoe/segments/BRDUW-1_seg114.csv,BRDUW-1_seg114.csv
BRDUW-1,entsoe,aligned_segments,115,/ve-remi-dmz-dmz-sh-nas01/data/de_group/ghz_11401/data/wind_timeseries/aligned_15min/entsoe/segments/BRDUW-1_seg115.csv,BRDUW-1_seg115.csv
BRDUW-1,entsoe,data_process,1,/ve-remi-dmz-dmz-sh-nas01/data/de_group/ghz_11401/data/wind_timeseries/aligned_15min/data_process/entsoe/BRDUW-1/BRDUW-1_0.csv,BRDUW-1_0.csv
BRDUW-1,entsoe,data_process,2,/ve-remi-dmz-dmz-sh-nas01/data/de_group/ghz_11401/data/wind_timeseries/aligned_15min/data_process/entsoe/BRDUW-1/BRDUW-1_1.csv,BRDUW-1_1.csv
BRDUW-1,entsoe,data_process,3,/ve-remi-dmz-dmz-sh-nas01/data/de_group/ghz_11401/data/wind_timeseries/aligned_15min/data_process/entsoe/BRDUW-1/BRDUW-1_10.csv,BRDUW-1_10.csv
BRDUW-1,entsoe,data_process,4,/ve-remi-dmz-dmz-sh-nas01/data/de_group/ghz_11401/data/wind_timeseries/aligned_15min/data_process/entsoe/BRDUW-1/BRDUW-1_11.csv,BRDUW-1_11.csv
BRDUW-1,entsoe,data_process,5,/ve-remi-dmz-dmz-sh-nas01/data/de_group/ghz_11401/data/wind_timeseries/aligned_15min/data_process/entsoe/BRDUW-1/BRDUW-1_12.csv,BRDUW-1_12.csv
BRDUW-1,entsoe,data_process,6,/ve-remi-dmz-dmz-sh-nas01/data/de_group/ghz_11401/data/wind_timeseries/aligned_15min/data_process/entsoe/BRDUW-1/BRDUW-1_13.csv,BRDUW-1_13.csv
BRDUW-1,entsoe,data_process,7,/ve-remi-dmz-dmz-sh-nas01/data/de_group/ghz_11401/data/wind_timeseries/aligned_15min/data_process/entsoe/BRDUW-1/BRDUW-1_14.csv,BRDUW-1_14.csv
BRDUW-1,entsoe,data_process,8,/ve-remi-dmz-dmz-sh-nas01/data/de_group/ghz_11401/data/wind_timeseries/aligned_15min/data_process/entsoe/BRDUW-1/BRDUW-1_15.csv,BRDUW-1_15.csv
BRDUW-1,entsoe,data_process,9,/ve-remi-dmz-dmz-sh-nas01/data/de_group/ghz_11401/data/wind_timeseries/aligned_15min/data_process/entsoe/BRDUW-1/BRDUW-1_16.csv,BRDUW-1_16.csv
BRDUW-1,entsoe,data_process,10,/ve-remi-dmz-dmz-sh-nas01/data/de_group/ghz_11401/data/wind_timeseries/aligned_15min/data_process/entsoe/BRDUW-1/BRDUW-1_2.csv,BRDUW-1_2.csv
BRDUW-1,entsoe,data_process,11,/ve-remi-dmz-dmz-sh-nas01/data/de_group/ghz_11401/data/wind_timeseries/aligned_15min/data_process/entsoe/BRDUW-1/BRDUW-1_3.csv,BRDUW-1_3.csv
BRDUW-1,entsoe,data_process,12,/ve-remi-dmz-dmz-sh-nas01/data/de_group/ghz_11401/data/wind_timeseries/aligned_15min/data_process/entsoe/BRDUW-1/BRDUW-1_4.csv,BRDUW-1_4.csv
BRDUW-1,entsoe,data_process,13,/ve-remi-dmz-dmz-sh-nas01/data/de_group/ghz_11401/data/wind_timeseries/aligned_15min/data_process/entsoe/BRDUW-1/BRDUW-1_5.csv,BRDUW-1_5.csv
BRDUW-1,entsoe,data_process,14,/ve-remi-dmz-dmz-sh-nas01/data/de_group/ghz_11401/data/wind_timeseries/aligned_15min/data_process/entsoe/BRDUW-1/BRDUW-1_6.csv,BRDUW-1_6.csv
BRDUW-1,entsoe,data_process,15,/ve-remi-dmz-dmz-sh-nas01/data/de_group/ghz_11401/data/wind_timeseries/aligned_15min/data_process/entsoe/BRDUW-1/BRDUW-1_7.csv,BRDUW-1_7.csv
BRDUW-1,entsoe,data_process,16,/ve-remi-dmz-dmz-sh-nas01/data/de_group/ghz_11401/data/wind_timeseries/aligned_15min/data_process/entsoe/BRDUW-1/BRDUW-1_8.csv,BRDUW-1_8.csv
BRDUW-1,entsoe,data_process,17,/ve-remi-dmz-dmz-sh-nas01/data/de_group/ghz_11401/data/wind_timeseries/aligned_15min/data_process/entsoe/BRDUW-1/BRDUW-1_9.csv,BRDUW-1_9.csv
BRYBW-1,entsoe,aligned_segments,1,/ve-remi-dmz-dmz-sh-nas01/data/de_group/ghz_11401/data/wind_timeseries/aligned_15min/entsoe/segments/BRYBW-1_seg001.csv,BRYBW-1_seg001.csv
BRYBW-1,entsoe,aligned_segments,2,/ve-remi-dmz-dmz-sh-nas01/data/de_group/ghz_11401/data/wind_timeseries/aligned_15min/entsoe/segments/BRYBW-1_seg002.csv,BRYBW-1_seg002.csv
BRYBW-1,entsoe,aligned_segments,3,/ve-remi-dmz-dmz-sh-nas01/data/de_group/ghz_11401/data/wind_timeseries/aligned_15min/entsoe/segments/BRYBW-1_seg003.csv,BRYBW-1_seg003.csv
BRYBW-1,entsoe,aligned_segments,4,/ve-remi-dmz-dmz-sh-nas01/data/de_group/ghz_11401/data/wind_timeseries/aligned_15min/entsoe/segments/BRYBW-1_seg004.csv,BRYBW-1_seg004.csv
BRYBW-1,entsoe,aligned_segments,5,/ve-remi-dmz-dmz-sh-nas01/data/de_group/ghz_11401/data/wind_timeseries/aligned_15min/entsoe/segments/BRYBW-1_seg005.csv,BRYBW-1_seg005.csv
BRYBW-1,entsoe,aligned_segments,6,/ve-remi-dmz-dmz-sh-nas01/data/de_group/ghz_11401/data/wind_timeseries/aligned_15min/entsoe/segments/BRYBW-1_seg006.csv,BRYBW-1_seg006.csv
BRYBW-1,entsoe,aligned_segments,7,/ve-remi-dmz-dmz-sh-nas01/data/de_group/ghz_11401/data/wind_timeseries/aligned_15min/entsoe/segments/BRYBW-1_seg007.csv,BRYBW-1_seg007.csv
BRYBW-1,entsoe,aligned_segments,8,/ve-remi-dmz-dmz-sh-nas01/data/de_group/ghz_11401/data/wind_timeseries/aligned_15min/entsoe/segments/BRYBW-1_seg008.csv,BRYBW-1_seg008.csv
BRYBW-1,entsoe,aligned_segments,9,/ve-remi-dmz-dmz-sh-nas01/data/de_group/ghz_11401/data/wind_timeseries/aligned_15min/entsoe/segments/BRYBW-1_seg009.csv,BRYBW-1_seg009.csv
BRYBW-1,entsoe,aligned_segments,10,/ve-remi-dmz-dmz-sh-nas01/data/de_group/ghz_11401/data/wind_timeseries/aligned_15min/entsoe/segments/BRYBW-1_seg010.csv,BRYBW-1_seg010.csv
BRYBW-1,entsoe,aligned_segments,11,/ve-remi-dmz-dmz-sh-nas01/data/de_group/ghz_11401/data/wind_timeseries/aligned_15min/entsoe/segments/BRYBW-1_seg011.csv,BRYBW-1_seg011.csv
BRYBW-1,entsoe,aligned_segments,12,/ve-remi-dmz-dmz-sh-nas01/data/de_group/ghz_11401/data/wind_timeseries/aligned_15min/entsoe/segments/BRYBW-1_seg012.csv,BRYBW-1_seg012.csv
BRYBW-1,entsoe,aligned_segments,13,/ve-remi-dmz-dmz-sh-nas01/data/de_group/ghz_11401/data/wind_timeseries/aligned_15min/entsoe/segments/BRYBW-1_seg013.csv,BRYBW-1_seg013.csv
BRYBW-1,entsoe,aligned_segments,14,/ve-remi-dmz-dmz-sh-nas01/data/de_group/ghz_11401/data/wind_timeseries/aligned_15min/entsoe/segments/BRYBW-1_seg014.csv,BRYBW-1_seg014.csv
BRYBW-1,entsoe,aligned_segments,15,/ve-remi-dmz-dmz-sh-nas01/data/de_group/ghz_11401/data/wind_timeseries/aligned_15min/entsoe/segments/BRYBW-1_seg015.csv,BRYBW-1_seg015.csv
BRYBW-1,entsoe,aligned_segments,16,/ve-remi-dmz-dmz-sh-nas01/data/de_group/ghz_11401/data/wind_timeseries/aligned_15min/entsoe/segments/BRYBW-1_seg016.csv,BRYBW-1_seg016.csv
BRYBW-1,entsoe,aligned_segments,17,/ve-remi-dmz-dmz-sh-nas01/data/de_group/ghz_11401/data/wind_timeseries/aligned_15min/entsoe/segments/BRYBW-1_seg017.csv,BRYBW-1_seg017.csv
BRYBW-1,entsoe,aligned_segments,18,/ve-remi-dmz-dmz-sh-nas01/data/de_group/ghz_11401/data/wind_timeseries/aligned_15min/entsoe/segments/BRYBW-1_seg018.csv,BRYBW-1_seg018.csv
BRYBW-1,entsoe,aligned_segments,19,/ve-remi-dmz-dmz-sh-nas01/data/de_group/ghz_11401/data/wind_timeseries/aligned_15min/entsoe/segments/BRYBW-1_seg019.csv,BRYBW-1_seg019.csv
BRYBW-1,entsoe,aligned_segments,20,/ve-remi-dmz-dmz-sh-nas01/data/de_group/ghz_11401/data/wind_timeseries/aligned_15min/entsoe/segments/BRYBW-1_seg020.csv,BRYBW-1_seg020.csv
BRYBW-1,entsoe,aligned_segments,21,/ve-remi-dmz-dmz-sh-nas01/data/de_group/ghz_11401/data/wind_timeseries/aligned_15min/entsoe/segments/BRYBW-1_seg021.csv,BRYBW-1_seg021.csv
BRYBW-1,entsoe,aligned_segments,22,/ve-remi-dmz-dmz-sh-nas01/data/de_group/ghz_11401/data/wind_timeseries/aligned_15min/entsoe/segments/BRYBW-1_seg022.csv,BRYBW-1_seg022.csv
BRYBW-1,entsoe,aligned_segments,23,/ve-remi-dmz-dmz-sh-nas01/data/de_group/ghz_11401/data/wind_timeseries/aligned_15min/entsoe/segments/BRYBW-1_seg023.csv,BRYBW-1_seg023.csv
BRYBW-1,entsoe,aligned_segments,24,/ve-remi-dmz-dmz-sh-nas01/data/de_group/ghz_11401/data/wind_timeseries/aligned_15min/entsoe/segments/BRYBW-1_seg024.csv,BRYBW-1_seg024.csv
BRYBW-1,entsoe,aligned_segments,25,/ve-remi-dmz-dmz-sh-nas01/data/de_group/ghz_11401/data/wind_timeseries/aligned_15min/entsoe/segments/BRYBW-1_seg025.csv,BRYBW-1_seg025.csv
BRYBW-1,entsoe,aligned_segments,26,/ve-remi-dmz-dmz-sh-nas01/data/de_group/ghz_11401/data/wind_timeseries/aligned_15min/entsoe/segments/BRYBW-1_seg026.csv,BRYBW-1_seg026.csv
BRYBW-1,entsoe,aligned_segments,27,/ve-remi-dmz-dmz-sh-nas01/data/de_group/ghz_11401/data/wind_timeseries/aligned_15min/entsoe/segments/BRYBW-1_seg027.csv,BRYBW-1_seg027.csv
BRYBW-1,entsoe,aligned_segments,28,/ve-remi-dmz-dmz-sh-nas01/data/de_group/ghz_11401/data/wind_timeseries/aligned_15min/entsoe/segments/BRYBW-1_seg028.csv,BRYBW-1_seg028.csv
BRYBW-1,entsoe,aligned_segments,29,/ve-remi-dmz-dmz-sh-nas01/data/de_group/ghz_11401/data/wind_timeseries/aligned_15min/entsoe/segments/BRYBW-1_seg029.csv,BRYBW-1_seg029.csv
BRYBW-1,entsoe,aligned_segments,30,/ve-remi-dmz-dmz-sh-nas01/data/de_group/ghz_11401/data/wind_timeseries/aligned_15min/entsoe/segments/BRYBW-1_seg030.csv,BRYBW-1_seg030.csv
BRYBW-1,entsoe,aligned_segments,31,/ve-remi-dmz-dmz-sh-nas01/data/de_group/ghz_11401/data/wind_timeseries/aligned_15min/entsoe/segments/BRYBW-1_seg031.csv,BRYBW-1_seg031.csv
BRYBW-1,entsoe,aligned_segments,32,/ve-remi-dmz-dmz-sh-nas01/data/de_group/ghz_11401/data/wind_timeseries/aligned_15min/entsoe/segments/BRYBW-1_seg032.csv,BRYBW-1_seg032.csv
BRYBW-1,entsoe,aligned_segments,33,/ve-remi-dmz-dmz-sh-nas01/data/de_group/ghz_11401/data/wind_timeseries/aligned_15min/entsoe/segments/BRYBW-1_seg033.csv,BRYBW-1_seg033.csv
BRYBW-1,entsoe,aligned_segments,34,/ve-remi-dmz-dmz-sh-nas01/data/de_group/ghz_11401/data/wind_timeseries/aligned_15min/entsoe/segments/BRYBW-1_seg034.csv,BRYBW-1_seg034.csv
BRYBW-1,entsoe,aligned_segments,35,/ve-remi-dmz-dmz-sh-nas01/data/de_group/ghz_11401/data/wind_timeseries/aligned_15min/entsoe/segments/BRYBW-1_seg035.csv,BRYBW-1_seg035.csv
BRYBW-1,entsoe,aligned_segments,36,/ve-remi-dmz-dmz-sh-nas01/data/de_group/ghz_11401/data/wind_timeseries/aligned_15min/entsoe/segments/BRYBW-1_seg036.csv,BRYBW-1_seg036.csv
BRYBW-1,entsoe,aligned_segments,37,/ve-remi-dmz-dmz-sh-nas01/data/de_group/ghz_11401/data/wind_timeseries/aligned_15min/entsoe/segments/BRYBW-1_seg037.csv,BRYBW-1_seg037.csv
BRYBW-1,entsoe,aligned_segments,38,/ve-remi-dmz-dmz-sh-nas01/data/de_group/ghz_11401/data/wind_timeseries/aligned_15min/entsoe/segments/BRYBW-1_seg038.csv,BRYBW-1_seg038.csv
BRYBW-1,entsoe,aligned_segments,39,/ve-remi-dmz-dmz-sh-nas01/data/de_group/ghz_11401/data/wind_timeseries/aligned_15min/entsoe/segments/BRYBW-1_seg039.csv,BRYBW-1_seg039.csv
BRYBW-1,entsoe,aligned_segments,40,/ve-remi-dmz-dmz-sh-nas01/data/de_group/ghz_11401/data/wind_timeseries/aligned_15min/entsoe/segments/BRYBW-1_seg040.csv,BRYBW-1_seg040.csv
BRYBW-1,entsoe,aligned_segments,41,/ve-remi-dmz-dmz-sh-nas01/data/de_group/ghz_11401/data/wind_timeseries/aligned_15min/entsoe/segments/BRYBW-1_seg041.csv,BRYBW-1_seg041.csv
BRYBW-1,entsoe,aligned_segments,42,/ve-remi-dmz-dmz-sh-nas01/data/de_group/ghz_11401/data/wind_timeseries/aligned_15min/entsoe/segments/BRYBW-1_seg042.csv,BRYBW-1_seg042.csv
BRYBW-1,entsoe,aligned_segments,43,/ve-remi-dmz-dmz-sh-nas01/data/de_group/ghz_11401/data/wind_timeseries/aligned_15min/entsoe/segments/BRYBW-1_seg043.csv,BRYBW-1_seg043.csv
BRYBW-1,entsoe,aligned_segments,44,/ve-remi-dmz-dmz-sh-nas01/data/de_group/ghz_11401/data/wind_timeseries/aligned_15min/entsoe/segments/BRYBW-1_seg044.csv,BRYBW-1_seg044.csv
BRYBW-1,entsoe,aligned_segments,45,/ve-remi-dmz-dmz-sh-nas01/data/de_group/ghz_11401/data/wind_timeseries/aligned_15min/entsoe/segments/BRYBW-1_seg045.csv,BRYBW-1_seg045.csv
BRYBW-1,entsoe,aligned_segments,46,/ve-remi-dmz-dmz-sh-nas01/data/de_group/ghz_11401/data/wind_timeseries/aligned_15min/entsoe/segments/BRYBW-1_seg046.csv,BRYBW-1_seg046.csv
BRYBW-1,entsoe,aligned_segments,47,/ve-remi-dmz-dmz-sh-nas01/data/de_group/ghz_11401/data/wind_timeseries/aligned_15min/entsoe/segments/BRYBW-1_seg047.csv,BRYBW-1_seg047.csv
BRYBW-1,entsoe,aligned_segments,48,/ve-remi-dmz-dmz-sh-nas01/data/de_group/ghz_11401/data/wind_timeseries/aligned_15min/entsoe/segments/BRYBW-1_seg048.csv,BRYBW-1_seg048.csv
BRYBW-1,entsoe,aligned_segments,49,/ve-remi-dmz-dmz-sh-nas01/data/de_group/ghz_11401/data/wind_timeseries/aligned_15min/entsoe/segments/BRYBW-1_seg049.csv,BRYBW-1_seg049.csv
BRYBW-1,entsoe,aligned_segments,50,/ve-remi-dmz-dmz-sh-nas01/data/de_group/ghz_11401/data/wind_timeseries/aligned_15min/entsoe/segments/BRYBW-1_seg050.csv,BRYBW-1_seg050.csv
BRYBW-1,entsoe,aligned_segments,51,/ve-remi-dmz-dmz-sh-nas01/data/de_group/ghz_11401/data/wind_timeseries/aligned_15min/entsoe/segments/BRYBW-1_seg051.csv,BRYBW-1_seg051.csv
BRYBW-1,entsoe,aligned_segments,52,/ve-remi-dmz-dmz-sh-nas01/data/de_group/ghz_11401/data/wind_timeseries/aligned_15min/entsoe/segments/BRYBW-1_seg052.csv,BRYBW-1_seg052.csv
BRYBW-1,entsoe,aligned_segments,53,/ve-remi-dmz-dmz-sh-nas01/data/de_group/ghz_11401/data/wind_timeseries/aligned_15min/entsoe/segments/BRYBW-1_seg053.csv,BRYBW-1_seg053.csv
BRYBW-1,entsoe,aligned_segments,54,/ve-remi-dmz-dmz-sh-nas01/data/de_group/ghz_11401/data/wind_timeseries/aligned_15min/entsoe/segments/BRYBW-1_seg054.csv,BRYBW-1_seg054.csv
BRYBW-1,entsoe,aligned_segments,55,/ve-remi-dmz-dmz-sh-nas01/data/de_group/ghz_11401/data/wind_timeseries/aligned_15min/entsoe/segments/BRYBW-1_seg055.csv,BRYBW-1_seg055.csv
BRYBW-1,entsoe,aligned_segments,56,/ve-remi-dmz-dmz-sh-nas01/data/de_group/ghz_11401/data/wind_timeseries/aligned_15min/entsoe/segments/BRYBW-1_seg056.csv,BRYBW-1_seg056.csv
BRYBW-1,entsoe,aligned_segments,57,/ve-remi-dmz-dmz-sh-nas01/data/de_group/ghz_11401/data/wind_timeseries/aligned_15min/entsoe/segments/BRYBW-1_seg057.csv,BRYBW-1_seg057.csv
BRYBW-1,entsoe,aligned_segments,58,/ve-remi-dmz-dmz-sh-nas01/data/de_group/ghz_11401/data/wind_timeseries/aligned_15min/entsoe/segments/BRYBW-1_seg058.csv,BRYBW-1_seg058.csv
BRYBW-1,entsoe,aligned_segments,59,/ve-remi-dmz-dmz-sh-nas01/data/de_group/ghz_11401/data/wind_timeseries/aligned_15min/entsoe/segments/BRYBW-1_seg059.csv,BRYBW-1_seg059.csv
BRYBW-1,entsoe,aligned_segments,60,/ve-remi-dmz-dmz-sh-nas01/data/de_group/ghz_11401/data/wind_timeseries/aligned_15min/entsoe/segments/BRYBW-1_seg060.csv,BRYBW-1_seg060.csv
BRYBW-1,entsoe,aligned_segments,61,/ve-remi-dmz-dmz-sh-nas01/data/de_group/ghz_11401/data/wind_timeseries/aligned_15min/entsoe/segments/BRYBW-1_seg061.csv,BRYBW-1_seg061.csv
BRYBW-1,entsoe,aligned_segments,62,/ve-remi-dmz-dmz-sh-nas01/data/de_group/ghz_11401/data/wind_timeseries/aligned_15min/entsoe/segments/BRYBW-1_seg062.csv,BRYBW-1_seg062.csv
BRYBW-1,entsoe,aligned_segments,63,/ve-remi-dmz-dmz-sh-nas01/data/de_group/ghz_11401/data/wind_timeseries/aligned_15min/entsoe/segments/BRYBW-1_seg063.csv,BRYBW-1_seg063.csv
BRYBW-1,entsoe,aligned_segments,64,/ve-remi-dmz-dmz-sh-nas01/data/de_group/ghz_11401/data/wind_timeseries/aligned_15min/entsoe/segments/BRYBW-1_seg064.csv,BRYBW-1_seg064.csv
BRYBW-1,entsoe,aligned_segments,65,/ve-remi-dmz-dmz-sh-nas01/data/de_group/ghz_11401/data/wind_timeseries/aligned_15min/entsoe/segments/BRYBW-1_seg065.csv,BRYBW-1_seg065.csv
BRYBW-1,entsoe,aligned_segments,66,/ve-remi-dmz-dmz-sh-nas01/data/de_group/ghz_11401/data/wind_timeseries/aligned_15min/entsoe/segments/BRYBW-1_seg066.csv,BRYBW-1_seg066.csv
BRYBW-1,entsoe,aligned_segments,67,/ve-remi-dmz-dmz-sh-nas01/data/de_group/ghz_11401/data/wind_timeseries/aligned_15min/entsoe/segments/BRYBW-1_seg067.csv,BRYBW-1_seg067.csv
BRYBW-1,entsoe,aligned_segments,68,/ve-remi-dmz-dmz-sh-nas01/data/de_group/ghz_11401/data/wind_timeseries/aligned_15min/entsoe/segments/BRYBW-1_seg068.csv,BRYBW-1_seg068.csv
BRYBW-1,entsoe,aligned_segments,69,/ve-remi-dmz-dmz-sh-nas01/data/de_group/ghz_11401/data/wind_timeseries/aligned_15min/entsoe/segments/BRYBW-1_seg069.csv,BRYBW-1_seg069.csv
BRYBW-1,entsoe,aligned_segments,70,/ve-remi-dmz-dmz-sh-nas01/data/de_group/ghz_11401/data/wind_timeseries/aligned_15min/entsoe/segments/BRYBW-1_seg070.csv,BRYBW-1_seg070.csv
BRYBW-1,entsoe,aligned_segments,71,/ve-remi-dmz-dmz-sh-nas01/data/de_group/ghz_11401/data/wind_timeseries/aligned_15min/entsoe/segments/BRYBW-1_seg071.csv,BRYBW-1_seg071.csv
BRYBW-1,entsoe,aligned_segments,72,/ve-remi-dmz-dmz-sh-nas01/data/de_group/ghz_11401/data/wind_timeseries/aligned_15min/entsoe/segments/BRYBW-1_seg072.csv,BRYBW-1_seg072.csv
BRYBW-1,entsoe,aligned_segments,73,/ve-remi-dmz-dmz-sh-nas01/data/de_group/ghz_11401/data/wind_timeseries/aligned_15min/entsoe/segments/BRYBW-1_seg073.csv,BRYBW-1_seg073.csv
BRYBW-1,entsoe,aligned_segments,74,/ve-remi-dmz-dmz-sh-nas01/data/de_group/ghz_11401/data/wind_timeseries/aligned_15min/entsoe/segments/BRYBW-1_seg074.csv,BRYBW-1_seg074.csv
BRYBW-1,entsoe,aligned_segments,75,/ve-remi-dmz-dmz-sh-nas01/data/de_group/ghz_11401/data/wind_timeseries/aligned_15min/entsoe/segments/BRYBW-1_seg075.csv,BRYBW-1_seg075.csv
BRYBW-1,entsoe,aligned_segments,76,/ve-remi-dmz-dmz-sh-nas01/data/de_group/ghz_11401/data/wind_timeseries/aligned_15min/entsoe/segments/BRYBW-1_seg076.csv,BRYBW-1_seg076.csv
BRYBW-1,entsoe,aligned_segments,77,/ve-remi-dmz-dmz-sh-nas01/data/de_group/ghz_11401/data/wind_timeseries/aligned_15min/entsoe/segments/BRYBW-1_seg077.csv,BRYBW-1_seg077.csv
BRYBW-1,entsoe,aligned_segments,78,/ve-remi-dmz-dmz-sh-nas01/data/de_group/ghz_11401/data/wind_timeseries/aligned_15min/entsoe/segments/BRYBW-1_seg078.csv,BRYBW-1_seg078.csv
BRYBW-1,entsoe,aligned_segments,79,/ve-remi-dmz-dmz-sh-nas01/data/de_group/ghz_11401/data/wind_timeseries/aligned_15min/entsoe/segments/BRYBW-1_seg079.csv,BRYBW-1_seg079.csv
BRYBW-1,entsoe,aligned_segments,80,/ve-remi-dmz-dmz-sh-nas01/data/de_group/ghz_11401/data/wind_timeseries/aligned_15min/entsoe/segments/BRYBW-1_seg080.csv,BRYBW-1_seg080.csv
BRYBW-1,entsoe,aligned_segments,81,/ve-remi-dmz-dmz-sh-nas01/data/de_group/ghz_11401/data/wind_timeseries/aligned_15min/entsoe/segments/BRYBW-1_seg081.csv,BRYBW-1_seg081.csv
BRYBW-1,entsoe,aligned_segments,82,/ve-remi-dmz-dmz-sh-nas01/data/de_group/ghz_11401/data/wind_timeseries/aligned_15min/entsoe/segments/BRYBW-1_seg082.csv,BRYBW-1_seg082.csv
BRYBW-1,entsoe,aligned_segments,83,/ve-remi-dmz-dmz-sh-nas01/data/de_group/ghz_11401/data/wind_timeseries/aligned_15min/entsoe/segments/BRYBW-1_seg083.csv,BRYBW-1_seg083.csv
BRYBW-1,entsoe,aligned_segments,84,/ve-remi-dmz-dmz-sh-nas01/data/de_group/ghz_11401/data/wind_timeseries/aligned_15min/entsoe/segments/BRYBW-1_seg084.csv,BRYBW-1_seg084.csv
BRYBW-1,entsoe,aligned_segments,85,/ve-remi-dmz-dmz-sh-nas01/data/de_group/ghz_11401/data/wind_timeseries/aligned_15min/entsoe/segments/BRYBW-1_seg085.csv,BRYBW-1_seg085.csv
BRYBW-1,entsoe,aligned_segments,86,/ve-remi-dmz-dmz-sh-nas01/data/de_group/ghz_11401/data/wind_timeseries/aligned_15min/entsoe/segments/BRYBW-1_seg086.csv,BRYBW-1_seg086.csv
BRYBW-1,entsoe,aligned_segments,87,/ve-remi-dmz-dmz-sh-nas01/data/de_group/ghz_11401/data/wind_timeseries/aligned_15min/entsoe/segments/BRYBW-1_seg087.csv,BRYBW-1_seg087.csv
BRYBW-1,entsoe,aligned_segments,88,/ve-remi-dmz-dmz-sh-nas01/data/de_group/ghz_11401/data/wind_timeseries/aligned_15min/entsoe/segments/BRYBW-1_seg088.csv,BRYBW-1_seg088.csv
BRYBW-1,entsoe,aligned_segments,89,/ve-remi-dmz-dmz-sh-nas01/data/de_group/ghz_11401/data/wind_timeseries/aligned_15min/entsoe/segments/BRYBW-1_seg089.csv,BRYBW-1_seg089.csv
BRYBW-1,entsoe,aligned_segments,90,/ve-remi-dmz-dmz-sh-nas01/data/de_group/ghz_11401/data/wind_timeseries/aligned_15min/entsoe/segments/BRYBW-1_seg090.csv,BRYBW-1_seg090.csv
BRYBW-1,entsoe,aligned_segments,91,/ve-remi-dmz-dmz-sh-nas01/data/de_group/ghz_11401/data/wind_timeseries/aligned_15min/entsoe/segments/BRYBW-1_seg091.csv,BRYBW-1_seg091.csv
BRYBW-1,entsoe,aligned_segments,92,/ve-remi-dmz-dmz-sh-nas01/data/de_group/ghz_11401/data/wind_timeseries/aligned_15min/entsoe/segments/BRYBW-1_seg092.csv,BRYBW-1_seg092.csv
BRYBW-1,entsoe,aligned_segments,93,/ve-remi-dmz-dmz-sh-nas01/data/de_group/ghz_11401/data/wind_timeseries/aligned_15min/entsoe/segments/BRYBW-1_seg093.csv,BRYBW-1_seg093.csv
BRYBW-1,entsoe,aligned_segments,94,/ve-remi-dmz-dmz-sh-nas01/data/de_group/ghz_11401/data/wind_timeseries/aligned_15min/entsoe/segments/BRYBW-1_seg094.csv,BRYBW-1_seg094.csv
BRYBW-1,entsoe,aligned_segments,95,/ve-remi-dmz-dmz-sh-nas01/data/de_group/ghz_11401/data/wind_timeseries/aligned_15min/entsoe/segments/BRYBW-1_seg095.csv,BRYBW-1_seg095.csv
BRYBW-1,entsoe,aligned_segments,96,/ve-remi-dmz-dmz-sh-nas01/data/de_group/ghz_11401/data/wind_timeseries/aligned_15min/entsoe/segments/BRYBW-1_seg096.csv,BRYBW-1_seg096.csv
BRYBW-1,entsoe,aligned_segments,97,/ve-remi-dmz-dmz-sh-nas01/data/de_group/ghz_11401/data/wind_timeseries/aligned_15min/entsoe/segments/BRYBW-1_seg097.csv,BRYBW-1_seg097.csv
BRYBW-1,entsoe,aligned_segments,98,/ve-remi-dmz-dmz-sh-nas01/data/de_group/ghz_11401/data/wind_timeseries/aligned_15min/entsoe/segments/BRYBW-1_seg098.csv,BRYBW-1_seg098.csv
BRYBW-1,entsoe,aligned_segments,99,/ve-remi-dmz-dmz-sh-nas01/data/de_group/ghz_11401/data/wind_timeseries/aligned_15min/entsoe/segments/BRYBW-1_seg099.csv,BRYBW-1_seg099.csv
BRYBW-1,entsoe,aligned_segments,100,/ve-remi-dmz-dmz-sh-nas01/data/de_group/ghz_11401/data/wind_timeseries/aligned_15min/entsoe/segments/BRYBW-1_seg100.csv,BRYBW-1_seg100.csv
BRYBW-1,entsoe,aligned_segments,101,/ve-remi-dmz-dmz-sh-nas01/data/de_group/ghz_11401/data/wind_timeseries/aligned_15min/entsoe/segments/BRYBW-1_seg101.csv,BRYBW-1_seg101.csv
BRYBW-1,entsoe,aligned_segments,102,/ve-remi-dmz-dmz-sh-nas01/data/de_group/ghz_11401/data/wind_timeseries/aligned_15min/entsoe/segments/BRYBW-1_seg102.csv,BRYBW-1_seg102.csv
BRYBW-1,entsoe,aligned_segments,103,/ve-remi-dmz-dmz-sh-nas01/data/de_group/ghz_11401/data/wind_timeseries/aligned_15min/entsoe/segments/BRYBW-1_seg103.csv,BRYBW-1_seg103.csv
BRYBW-1,entsoe,aligned_segments,104,/ve-remi-dmz-dmz-sh-nas01/data/de_group/ghz_11401/data/wind_timeseries/aligned_15min/entsoe/segments/BRYBW-1_seg104.csv,BRYBW-1_seg104.csv
BRYBW-1,entsoe,aligned_segments,105,/ve-remi-dmz-dmz-sh-nas01/data/de_group/ghz_11401/data/wind_timeseries/aligned_15min/entsoe/segments/BRYBW-1_seg105.csv,BRYBW-1_seg105.csv
BRYBW-1,entsoe,aligned_segments,106,/ve-remi-dmz-dmz-sh-nas01/data/de_group/ghz_11401/data/wind_timeseries/aligned_15min/entsoe/segments/BRYBW-1_seg106.csv,BRYBW-1_seg106.csv
BRYBW-1,entsoe,aligned_segments,107,/ve-remi-dmz-dmz-sh-nas01/data/de_group/ghz_11401/data/wind_timeseries/aligned_15min/entsoe/segments/BRYBW-1_seg107.csv,BRYBW-1_seg107.csv
BRYBW-1,entsoe,aligned_segments,108,/ve-remi-dmz-dmz-sh-nas01/data/de_group/ghz_11401/data/wind_timeseries/aligned_15min/entsoe/segments/BRYBW-1_seg108.csv,BRYBW-1_seg108.csv
BRYBW-1,entsoe,aligned_segments,109,/ve-remi-dmz-dmz-sh-nas01/data/de_group/ghz_11401/data/wind_timeseries/aligned_15min/entsoe/segments/BRYBW-1_seg109.csv,BRYBW-1_seg109.csv
BRYBW-1,entsoe,aligned_segments,110,/ve-remi-dmz-dmz-sh-nas01/data/de_group/ghz_11401/data/wind_timeseries/aligned_15min/entsoe/segments/BRYBW-1_seg110.csv,BRYBW-1_seg110.csv
BRYBW-1,entsoe,aligned_segments,111,/ve-remi-dmz-dmz-sh-nas01/data/de_group/ghz_11401/data/wind_timeseries/aligned_15min/entsoe/segments/BRYBW-1_seg111.csv,BRYBW-1_seg111.csv
BRYBW-1,entsoe,aligned_segments,112,/ve-remi-dmz-dmz-sh-nas01/data/de_group/ghz_11401/data/wind_timeseries/aligned_15min/entsoe/segments/BRYBW-1_seg112.csv,BRYBW-1_seg112.csv
BRYBW-1,entsoe,aligned_segments,113,/ve-remi-dmz-dmz-sh-nas01/data/de_group/ghz_11401/data/wind_timeseries/aligned_15min/entsoe/segments/BRYBW-1_seg113.csv,BRYBW-1_seg113.csv
BRYBW-1,entsoe,aligned_segments,114,/ve-remi-dmz-dmz-sh-nas01/data/de_group/ghz_11401/data/wind_timeseries/aligned_15min/entsoe/segments/BRYBW-1_seg114.csv,BRYBW-1_seg114.csv
BRYBW-1,entsoe,aligned_segments,115,/ve-remi-dmz-dmz-sh-nas01/data/de_group/ghz_11401/data/wind_timeseries/aligned_15min/entsoe/segments/BRYBW-1_seg115.csv,BRYBW-1_seg115.csv
BRYBW-1,entsoe,data_process,1,/ve-remi-dmz-dmz-sh-nas01/data/de_group/ghz_11401/data/wind_timeseries/aligned_15min/data_process/entsoe/BRYBW-1/BRYBW-1_0.csv,BRYBW-1_0.csv
BRYBW-1,entsoe,data_process,2,/ve-remi-dmz-dmz-sh-nas01/data/de_group/ghz_11401/data/wind_timeseries/aligned_15min/data_process/entsoe/BRYBW-1/BRYBW-1_1.csv,BRYBW-1_1.csv
BRYBW-1,entsoe,data_process,3,/ve-remi-dmz-dmz-sh-nas01/data/de_group/ghz_11401/data/wind_timeseries/aligned_15min/data_process/entsoe/BRYBW-1/BRYBW-1_10.csv,BRYBW-1_10.csv
BRYBW-1,entsoe,data_process,4,/ve-remi-dmz-dmz-sh-nas01/data/de_group/ghz_11401/data/wind_timeseries/aligned_15min/data_process/entsoe/BRYBW-1/BRYBW-1_11.csv,BRYBW-1_11.csv
BRYBW-1,entsoe,data_process,5,/ve-remi-dmz-dmz-sh-nas01/data/de_group/ghz_11401/data/wind_timeseries/aligned_15min/data_process/entsoe/BRYBW-1/BRYBW-1_12.csv,BRYBW-1_12.csv
BRYBW-1,entsoe,data_process,6,/ve-remi-dmz-dmz-sh-nas01/data/de_group/ghz_11401/data/wind_timeseries/aligned_15min/data_process/entsoe/BRYBW-1/BRYBW-1_13.csv,BRYBW-1_13.csv
BRYBW-1,entsoe,data_process,7,/ve-remi-dmz-dmz-sh-nas01/data/de_group/ghz_11401/data/wind_timeseries/aligned_15min/data_process/entsoe/BRYBW-1/BRYBW-1_14.csv,BRYBW-1_14.csv
BRYBW-1,entsoe,data_process,8,/ve-remi-dmz-dmz-sh-nas01/data/de_group/ghz_11401/data/wind_timeseries/aligned_15min/data_process/entsoe/BRYBW-1/BRYBW-1_15.csv,BRYBW-1_15.csv
BRYBW-1,entsoe,data_process,9,/ve-remi-dmz-dmz-sh-nas01/data/de_group/ghz_11401/data/wind_timeseries/aligned_15min/data_process/entsoe/BRYBW-1/BRYBW-1_16.csv,BRYBW-1_16.csv
BRYBW-1,entsoe,data_process,10,/ve-remi-dmz-dmz-sh-nas01/data/de_group/ghz_11401/data/wind_timeseries/aligned_15min/data_process/entsoe/BRYBW-1/BRYBW-1_17.csv,BRYBW-1_17.csv
BRYBW-1,entsoe,data_process,11,/ve-remi-dmz-dmz-sh-nas01/data/de_group/ghz_11401/data/wind_timeseries/aligned_15min/data_process/entsoe/BRYBW-1/BRYBW-1_18.csv,BRYBW-1_18.csv
BRYBW-1,entsoe,data_process,12,/ve-remi-dmz-dmz-sh-nas01/data/de_group/ghz_11401/data/wind_timeseries/aligned_15min/data_process/entsoe/BRYBW-1/BRYBW-1_2.csv,BRYBW-1_2.csv
BRYBW-1,entsoe,data_process,13,/ve-remi-dmz-dmz-sh-nas01/data/de_group/ghz_11401/data/wind_timeseries/aligned_15min/data_process/entsoe/BRYBW-1/BRYBW-1_3.csv,BRYBW-1_3.csv
BRYBW-1,entsoe,data_process,14,/ve-remi-dmz-dmz-sh-nas01/data/de_group/ghz_11401/data/wind_timeseries/aligned_15min/data_process/entsoe/BRYBW-1/BRYBW-1_4.csv,BRYBW-1_4.csv
BRYBW-1,entsoe,data_process,15,/ve-remi-dmz-dmz-sh-nas01/data/de_group/ghz_11401/data/wind_timeseries/aligned_15min/data_process/entsoe/BRYBW-1/BRYBW-1_5.csv,BRYBW-1_5.csv
BRYBW-1,entsoe,data_process,16,/ve-remi-dmz-dmz-sh-nas01/data/de_group/ghz_11401/data/wind_timeseries/aligned_15min/data_process/entsoe/BRYBW-1/BRYBW-1_6.csv,BRYBW-1_6.csv
BRYBW-1,entsoe,data_process,17,/ve-remi-dmz-dmz-sh-nas01/data/de_group/ghz_11401/data/wind_timeseries/aligned_15min/data_process/entsoe/BRYBW-1/BRYBW-1_7.csv,BRYBW-1_7.csv
BRYBW-1,entsoe,data_process,18,/ve-remi-dmz-dmz-sh-nas01/data/de_group/ghz_11401/data/wind_timeseries/aligned_15min/data_process/entsoe/BRYBW-1/BRYBW-1_8.csv,BRYBW-1_8.csv
BRYBW-1,entsoe,data_process,19,/ve-remi-dmz-dmz-sh-nas01/data/de_group/ghz_11401/data/wind_timeseries/aligned_15min/data_process/entsoe/BRYBW-1/BRYBW-1_9.csv,BRYBW-1_9.csv
BURBW-1,entsoe,aligned_segments,1,/ve-remi-dmz-dmz-sh-nas01/data/de_group/ghz_11401/data/wind_timeseries/aligned_15min/entsoe/segments/BURBW-1_seg001.csv,BURBW-1_seg001.csv
BURBW-1,entsoe,aligned_segments,2,/ve-remi-dmz-dmz-sh-nas01/data/de_group/ghz_11401/data/wind_timeseries/aligned_15min/entsoe/segments/BURBW-1_seg002.csv,BURBW-1_seg002.csv
BURBW-1,entsoe,aligned_segments,3,/ve-remi-dmz-dmz-sh-nas01/data/de_group/ghz_11401/data/wind_timeseries/aligned_15min/entsoe/segments/BURBW-1_seg003.csv,BURBW-1_seg003.csv
BURBW-1,entsoe,aligned_segments,4,/ve-remi-dmz-dmz-sh-nas01/data/de_group/ghz_11401/data/wind_timeseries/aligned_15min/entsoe/segments/BURBW-1_seg004.csv,BURBW-1_seg004.csv
BURBW-1,entsoe,aligned_segments,5,/ve-remi-dmz-dmz-sh-nas01/data/de_group/ghz_11401/data/wind_timeseries/aligned_15min/entsoe/segments/BURBW-1_seg005.csv,BURBW-1_seg005.csv
BURBW-1,entsoe,aligned_segments,6,/ve-remi-dmz-dmz-sh-nas01/data/de_group/ghz_11401/data/wind_timeseries/aligned_15min/entsoe/segments/BURBW-1_seg006.csv,BURBW-1_seg006.csv
BURBW-1,entsoe,aligned_segments,7,/ve-remi-dmz-dmz-sh-nas01/data/de_group/ghz_11401/data/wind_timeseries/aligned_15min/entsoe/segments/BURBW-1_seg007.csv,BURBW-1_seg007.csv
BURBW-1,entsoe,aligned_segments,8,/ve-remi-dmz-dmz-sh-nas01/data/de_group/ghz_11401/data/wind_timeseries/aligned_15min/entsoe/segments/BURBW-1_seg008.csv,BURBW-1_seg008.csv
BURBW-1,entsoe,aligned_segments,9,/ve-remi-dmz-dmz-sh-nas01/data/de_group/ghz_11401/data/wind_timeseries/aligned_15min/entsoe/segments/BURBW-1_seg009.csv,BURBW-1_seg009.csv
BURBW-1,entsoe,aligned_segments,10,/ve-remi-dmz-dmz-sh-nas01/data/de_group/ghz_11401/data/wind_timeseries/aligned_15min/entsoe/segments/BURBW-1_seg010.csv,BURBW-1_seg010.csv
BURBW-1,entsoe,aligned_segments,11,/ve-remi-dmz-dmz-sh-nas01/data/de_group/ghz_11401/data/wind_timeseries/aligned_15min/entsoe/segments/BURBW-1_seg011.csv,BURBW-1_seg011.csv
BURBW-1,entsoe,aligned_segments,12,/ve-remi-dmz-dmz-sh-nas01/data/de_group/ghz_11401/data/wind_timeseries/aligned_15min/entsoe/segments/BURBW-1_seg012.csv,BURBW-1_seg012.csv
BURBW-1,entsoe,aligned_segments,13,/ve-remi-dmz-dmz-sh-nas01/data/de_group/ghz_11401/data/wind_timeseries/aligned_15min/entsoe/segments/BURBW-1_seg013.csv,BURBW-1_seg013.csv
BURBW-1,entsoe,aligned_segments,14,/ve-remi-dmz-dmz-sh-nas01/data/de_group/ghz_11401/data/wind_timeseries/aligned_15min/entsoe/segments/BURBW-1_seg014.csv,BURBW-1_seg014.csv
BURBW-1,entsoe,aligned_segments,15,/ve-remi-dmz-dmz-sh-nas01/data/de_group/ghz_11401/data/wind_timeseries/aligned_15min/entsoe/segments/BURBW-1_seg015.csv,BURBW-1_seg015.csv
BURBW-1,entsoe,aligned_segments,16,/ve-remi-dmz-dmz-sh-nas01/data/de_group/ghz_11401/data/wind_timeseries/aligned_15min/entsoe/segments/BURBW-1_seg016.csv,BURBW-1_seg016.csv
BURBW-1,entsoe,aligned_segments,17,/ve-remi-dmz-dmz-sh-nas01/data/de_group/ghz_11401/data/wind_timeseries/aligned_15min/entsoe/segments/BURBW-1_seg017.csv,BURBW-1_seg017.csv
BURBW-1,entsoe,aligned_segments,18,/ve-remi-dmz-dmz-sh-nas01/data/de_group/ghz_11401/data/wind_timeseries/aligned_15min/entsoe/segments/BURBW-1_seg018.csv,BURBW-1_seg018.csv
BURBW-1,entsoe,aligned_segments,19,/ve-remi-dmz-dmz-sh-nas01/data/de_group/ghz_11401/data/wind_timeseries/aligned_15min/entsoe/segments/BURBW-1_seg019.csv,BURBW-1_seg019.csv
BURBW-1,entsoe,aligned_segments,20,/ve-remi-dmz-dmz-sh-nas01/data/de_group/ghz_11401/data/wind_timeseries/aligned_15min/entsoe/segments/BURBW-1_seg020.csv,BURBW-1_seg020.csv
BURBW-1,entsoe,aligned_segments,21,/ve-remi-dmz-dmz-sh-nas01/data/de_group/ghz_11401/data/wind_timeseries/aligned_15min/entsoe/segments/BURBW-1_seg021.csv,BURBW-1_seg021.csv
BURBW-1,entsoe,aligned_segments,22,/ve-remi-dmz-dmz-sh-nas01/data/de_group/ghz_11401/data/wind_timeseries/aligned_15min/entsoe/segments/BURBW-1_seg022.csv,BURBW-1_seg022.csv
BURBW-1,entsoe,aligned_segments,23,/ve-remi-dmz-dmz-sh-nas01/data/de_group/ghz_11401/data/wind_timeseries/aligned_15min/entsoe/segments/BURBW-1_seg023.csv,BURBW-1_seg023.csv
BURBW-1,entsoe,aligned_segments,24,/ve-remi-dmz-dmz-sh-nas01/data/de_group/ghz_11401/data/wind_timeseries/aligned_15min/entsoe/segments/BURBW-1_seg024.csv,BURBW-1_seg024.csv
BURBW-1,entsoe,aligned_segments,25,/ve-remi-dmz-dmz-sh-nas01/data/de_group/ghz_11401/data/wind_timeseries/aligned_15min/entsoe/segments/BURBW-1_seg025.csv,BURBW-1_seg025.csv
BURBW-1,entsoe,aligned_segments,26,/ve-remi-dmz-dmz-sh-nas01/data/de_group/ghz_11401/data/wind_timeseries/aligned_15min/entsoe/segments/BURBW-1_seg026.csv,BURBW-1_seg026.csv
BURBW-1,entsoe,aligned_segments,27,/ve-remi-dmz-dmz-sh-nas01/data/de_group/ghz_11401/data/wind_timeseries/aligned_15min/entsoe/segments/BURBW-1_seg027.csv,BURBW-1_seg027.csv
BURBW-1,entsoe,aligned_segments,28,/ve-remi-dmz-dmz-sh-nas01/data/de_group/ghz_11401/data/wind_timeseries/aligned_15min/entsoe/segments/BURBW-1_seg028.csv,BURBW-1_seg028.csv
BURBW-1,entsoe,aligned_segments,29,/ve-remi-dmz-dmz-sh-nas01/data/de_group/ghz_11401/data/wind_timeseries/aligned_15min/entsoe/segments/BURBW-1_seg029.csv,BURBW-1_seg029.csv
BURBW-1,entsoe,aligned_segments,30,/ve-remi-dmz-dmz-sh-nas01/data/de_group/ghz_11401/data/wind_timeseries/aligned_15min/entsoe/segments/BURBW-1_seg030.csv,BURBW-1_seg030.csv
BURBW-1,entsoe,aligned_segments,31,/ve-remi-dmz-dmz-sh-nas01/data/de_group/ghz_11401/data/wind_timeseries/aligned_15min/entsoe/segments/BURBW-1_seg031.csv,BURBW-1_seg031.csv
BURBW-1,entsoe,aligned_segments,32,/ve-remi-dmz-dmz-sh-nas01/data/de_group/ghz_11401/data/wind_timeseries/aligned_15min/entsoe/segments/BURBW-1_seg032.csv,BURBW-1_seg032.csv
BURBW-1,entsoe,aligned_segments,33,/ve-remi-dmz-dmz-sh-nas01/data/de_group/ghz_11401/data/wind_timeseries/aligned_15min/entsoe/segments/BURBW-1_seg033.csv,BURBW-1_seg033.csv
BURBW-1,entsoe,aligned_segments,34,/ve-remi-dmz-dmz-sh-nas01/data/de_group/ghz_11401/data/wind_timeseries/aligned_15min/entsoe/segments/BURBW-1_seg034.csv,BURBW-1_seg034.csv
BURBW-1,entsoe,aligned_segments,35,/ve-remi-dmz-dmz-sh-nas01/data/de_group/ghz_11401/data/wind_timeseries/aligned_15min/entsoe/segments/BURBW-1_seg035.csv,BURBW-1_seg035.csv
BURBW-1,entsoe,aligned_segments,36,/ve-remi-dmz-dmz-sh-nas01/data/de_group/ghz_11401/data/wind_timeseries/aligned_15min/entsoe/segments/BURBW-1_seg036.csv,BURBW-1_seg036.csv
BURBW-1,entsoe,aligned_segments,37,/ve-remi-dmz-dmz-sh-nas01/data/de_group/ghz_11401/data/wind_timeseries/aligned_15min/entsoe/segments/BURBW-1_seg037.csv,BURBW-1_seg037.csv
BURBW-1,entsoe,aligned_segments,38,/ve-remi-dmz-dmz-sh-nas01/data/de_group/ghz_11401/data/wind_timeseries/aligned_15min/entsoe/segments/BURBW-1_seg038.csv,BURBW-1_seg038.csv
BURBW-1,entsoe,aligned_segments,39,/ve-remi-dmz-dmz-sh-nas01/data/de_group/ghz_11401/data/wind_timeseries/aligned_15min/entsoe/segments/BURBW-1_seg039.csv,BURBW-1_seg039.csv
BURBW-1,entsoe,aligned_segments,40,/ve-remi-dmz-dmz-sh-nas01/data/de_group/ghz_11401/data/wind_timeseries/aligned_15min/entsoe/segments/BURBW-1_seg040.csv,BURBW-1_seg040.csv
BURBW-1,entsoe,aligned_segments,41,/ve-remi-dmz-dmz-sh-nas01/data/de_group/ghz_11401/data/wind_timeseries/aligned_15min/entsoe/segments/BURBW-1_seg041.csv,BURBW-1_seg041.csv
BURBW-1,entsoe,aligned_segments,42,/ve-remi-dmz-dmz-sh-nas01/data/de_group/ghz_11401/data/wind_timeseries/aligned_15min/entsoe/segments/BURBW-1_seg042.csv,BURBW-1_seg042.csv
BURBW-1,entsoe,aligned_segments,43,/ve-remi-dmz-dmz-sh-nas01/data/de_group/ghz_11401/data/wind_timeseries/aligned_15min/entsoe/segments/BURBW-1_seg043.csv,BURBW-1_seg043.csv
BURBW-1,entsoe,aligned_segments,44,/ve-remi-dmz-dmz-sh-nas01/data/de_group/ghz_11401/data/wind_timeseries/aligned_15min/entsoe/segments/BURBW-1_seg044.csv,BURBW-1_seg044.csv
BURBW-1,entsoe,aligned_segments,45,/ve-remi-dmz-dmz-sh-nas01/data/de_group/ghz_11401/data/wind_timeseries/aligned_15min/entsoe/segments/BURBW-1_seg045.csv,BURBW-1_seg045.csv
BURBW-1,entsoe,aligned_segments,46,/ve-remi-dmz-dmz-sh-nas01/data/de_group/ghz_11401/data/wind_timeseries/aligned_15min/entsoe/segments/BURBW-1_seg046.csv,BURBW-1_seg046.csv
BURBW-1,entsoe,aligned_segments,47,/ve-remi-dmz-dmz-sh-nas01/data/de_group/ghz_11401/data/wind_timeseries/aligned_15min/entsoe/segments/BURBW-1_seg047.csv,BURBW-1_seg047.csv
BURBW-1,entsoe,aligned_segments,48,/ve-remi-dmz-dmz-sh-nas01/data/de_group/ghz_11401/data/wind_timeseries/aligned_15min/entsoe/segments/BURBW-1_seg048.csv,BURBW-1_seg048.csv
BURBW-1,entsoe,aligned_segments,49,/ve-remi-dmz-dmz-sh-nas01/data/de_group/ghz_11401/data/wind_timeseries/aligned_15min/entsoe/segments/BURBW-1_seg049.csv,BURBW-1_seg049.csv
BURBW-1,entsoe,aligned_segments,50,/ve-remi-dmz-dmz-sh-nas01/data/de_group/ghz_11401/data/wind_timeseries/aligned_15min/entsoe/segments/BURBW-1_seg050.csv,BURBW-1_seg050.csv
BURBW-1,entsoe,aligned_segments,51,/ve-remi-dmz-dmz-sh-nas01/data/de_group/ghz_11401/data/wind_timeseries/aligned_15min/entsoe/segments/BURBW-1_seg051.csv,BURBW-1_seg051.csv
BURBW-1,entsoe,aligned_segments,52,/ve-remi-dmz-dmz-sh-nas01/data/de_group/ghz_11401/data/wind_timeseries/aligned_15min/entsoe/segments/BURBW-1_seg052.csv,BURBW-1_seg052.csv
BURBW-1,entsoe,aligned_segments,53,/ve-remi-dmz-dmz-sh-nas01/data/de_group/ghz_11401/data/wind_timeseries/aligned_15min/entsoe/segments/BURBW-1_seg053.csv,BURBW-1_seg053.csv
BURBW-1,entsoe,aligned_segments,54,/ve-remi-dmz-dmz-sh-nas01/data/de_group/ghz_11401/data/wind_timeseries/aligned_15min/entsoe/segments/BURBW-1_seg054.csv,BURBW-1_seg054.csv
BURBW-1,entsoe,aligned_segments,55,/ve-remi-dmz-dmz-sh-nas01/data/de_group/ghz_11401/data/wind_timeseries/aligned_15min/entsoe/segments/BURBW-1_seg055.csv,BURBW-1_seg055.csv
BURBW-1,entsoe,aligned_segments,56,/ve-remi-dmz-dmz-sh-nas01/data/de_group/ghz_11401/data/wind_timeseries/aligned_15min/entsoe/segments/BURBW-1_seg056.csv,BURBW-1_seg056.csv
BURBW-1,entsoe,aligned_segments,57,/ve-remi-dmz-dmz-sh-nas01/data/de_group/ghz_11401/data/wind_timeseries/aligned_15min/entsoe/segments/BURBW-1_seg057.csv,BURBW-1_seg057.csv
BURBW-1,entsoe,aligned_segments,58,/ve-remi-dmz-dmz-sh-nas01/data/de_group/ghz_11401/data/wind_timeseries/aligned_15min/entsoe/segments/BURBW-1_seg058.csv,BURBW-1_seg058.csv
BURBW-1,entsoe,aligned_segments,59,/ve-remi-dmz-dmz-sh-nas01/data/de_group/ghz_11401/data/wind_timeseries/aligned_15min/entsoe/segments/BURBW-1_seg059.csv,BURBW-1_seg059.csv
BURBW-1,entsoe,aligned_segments,60,/ve-remi-dmz-dmz-sh-nas01/data/de_group/ghz_11401/data/wind_timeseries/aligned_15min/entsoe/segments/BURBW-1_seg060.csv,BURBW-1_seg060.csv
BURBW-1,entsoe,aligned_segments,61,/ve-remi-dmz-dmz-sh-nas01/data/de_group/ghz_11401/data/wind_timeseries/aligned_15min/entsoe/segments/BURBW-1_seg061.csv,BURBW-1_seg061.csv
BURBW-1,entsoe,aligned_segments,62,/ve-remi-dmz-dmz-sh-nas01/data/de_group/ghz_11401/data/wind_timeseries/aligned_15min/entsoe/segments/BURBW-1_seg062.csv,BURBW-1_seg062.csv
BURBW-1,entsoe,aligned_segments,63,/ve-remi-dmz-dmz-sh-nas01/data/de_group/ghz_11401/data/wind_timeseries/aligned_15min/entsoe/segments/BURBW-1_seg063.csv,BURBW-1_seg063.csv
BURBW-1,entsoe,aligned_segments,64,/ve-remi-dmz-dmz-sh-nas01/data/de_group/ghz_11401/data/wind_timeseries/aligned_15min/entsoe/segments/BURBW-1_seg064.csv,BURBW-1_seg064.csv
BURBW-1,entsoe,aligned_segments,65,/ve-remi-dmz-dmz-sh-nas01/data/de_group/ghz_11401/data/wind_timeseries/aligned_15min/entsoe/segments/BURBW-1_seg065.csv,BURBW-1_seg065.csv
BURBW-1,entsoe,aligned_segments,66,/ve-remi-dmz-dmz-sh-nas01/data/de_group/ghz_11401/data/wind_timeseries/aligned_15min/entsoe/segments/BURBW-1_seg066.csv,BURBW-1_seg066.csv
BURBW-1,entsoe,aligned_segments,67,/ve-remi-dmz-dmz-sh-nas01/data/de_group/ghz_11401/data/wind_timeseries/aligned_15min/entsoe/segments/BURBW-1_seg067.csv,BURBW-1_seg067.csv
BURBW-1,entsoe,aligned_segments,68,/ve-remi-dmz-dmz-sh-nas01/data/de_group/ghz_11401/data/wind_timeseries/aligned_15min/entsoe/segments/BURBW-1_seg068.csv,BURBW-1_seg068.csv
BURBW-1,entsoe,aligned_segments,69,/ve-remi-dmz-dmz-sh-nas01/data/de_group/ghz_11401/data/wind_timeseries/aligned_15min/entsoe/segments/BURBW-1_seg069.csv,BURBW-1_seg069.csv
BURBW-1,entsoe,aligned_segments,70,/ve-remi-dmz-dmz-sh-nas01/data/de_group/ghz_11401/data/wind_timeseries/aligned_15min/entsoe/segments/BURBW-1_seg070.csv,BURBW-1_seg070.csv
BURBW-1,entsoe,aligned_segments,71,/ve-remi-dmz-dmz-sh-nas01/data/de_group/ghz_11401/data/wind_timeseries/aligned_15min/entsoe/segments/BURBW-1_seg071.csv,BURBW-1_seg071.csv
BURBW-1,entsoe,aligned_segments,72,/ve-remi-dmz-dmz-sh-nas01/data/de_group/ghz_11401/data/wind_timeseries/aligned_15min/entsoe/segments/BURBW-1_seg072.csv,BURBW-1_seg072.csv
BURBW-1,entsoe,aligned_segments,73,/ve-remi-dmz-dmz-sh-nas01/data/de_group/ghz_11401/data/wind_timeseries/aligned_15min/entsoe/segments/BURBW-1_seg073.csv,BURBW-1_seg073.csv
BURBW-1,entsoe,aligned_segments,74,/ve-remi-dmz-dmz-sh-nas01/data/de_group/ghz_11401/data/wind_timeseries/aligned_15min/entsoe/segments/BURBW-1_seg074.csv,BURBW-1_seg074.csv
BURBW-1,entsoe,aligned_segments,75,/ve-remi-dmz-dmz-sh-nas01/data/de_group/ghz_11401/data/wind_timeseries/aligned_15min/entsoe/segments/BURBW-1_seg075.csv,BURBW-1_seg075.csv
BURBW-1,entsoe,aligned_segments,76,/ve-remi-dmz-dmz-sh-nas01/data/de_group/ghz_11401/data/wind_timeseries/aligned_15min/entsoe/segments/BURBW-1_seg076.csv,BURBW-1_seg076.csv
BURBW-1,entsoe,aligned_segments,77,/ve-remi-dmz-dmz-sh-nas01/data/de_group/ghz_11401/data/wind_timeseries/aligned_15min/entsoe/segments/BURBW-1_seg077.csv,BURBW-1_seg077.csv
BURBW-1,entsoe,aligned_segments,78,/ve-remi-dmz-dmz-sh-nas01/data/de_group/ghz_11401/data/wind_timeseries/aligned_15min/entsoe/segments/BURBW-1_seg078.csv,BURBW-1_seg078.csv
BURBW-1,entsoe,aligned_segments,79,/ve-remi-dmz-dmz-sh-nas01/data/de_group/ghz_11401/data/wind_timeseries/aligned_15min/entsoe/segments/BURBW-1_seg079.csv,BURBW-1_seg079.csv
BURBW-1,entsoe,aligned_segments,80,/ve-remi-dmz-dmz-sh-nas01/data/de_group/ghz_11401/data/wind_timeseries/aligned_15min/entsoe/segments/BURBW-1_seg080.csv,BURBW-1_seg080.csv
BURBW-1,entsoe,aligned_segments,81,/ve-remi-dmz-dmz-sh-nas01/data/de_group/ghz_11401/data/wind_timeseries/aligned_15min/entsoe/segments/BURBW-1_seg081.csv,BURBW-1_seg081.csv
BURBW-1,entsoe,aligned_segments,82,/ve-remi-dmz-dmz-sh-nas01/data/de_group/ghz_11401/data/wind_timeseries/aligned_15min/entsoe/segments/BURBW-1_seg082.csv,BURBW-1_seg082.csv
BURBW-1,entsoe,aligned_segments,83,/ve-remi-dmz-dmz-sh-nas01/data/de_group/ghz_11401/data/wind_timeseries/aligned_15min/entsoe/segments/BURBW-1_seg083.csv,BURBW-1_seg083.csv
BURBW-1,entsoe,aligned_segments,84,/ve-remi-dmz-dmz-sh-nas01/data/de_group/ghz_11401/data/wind_timeseries/aligned_15min/entsoe/segments/BURBW-1_seg084.csv,BURBW-1_seg084.csv
BURBW-1,entsoe,aligned_segments,85,/ve-remi-dmz-dmz-sh-nas01/data/de_group/ghz_11401/data/wind_timeseries/aligned_15min/entsoe/segments/BURBW-1_seg085.csv,BURBW-1_seg085.csv
BURBW-1,entsoe,aligned_segments,86,/ve-remi-dmz-dmz-sh-nas01/data/de_group/ghz_11401/data/wind_timeseries/aligned_15min/entsoe/segments/BURBW-1_seg086.csv,BURBW-1_seg086.csv
BURBW-1,entsoe,aligned_segments,87,/ve-remi-dmz-dmz-sh-nas01/data/de_group/ghz_11401/data/wind_timeseries/aligned_15min/entsoe/segments/BURBW-1_seg087.csv,BURBW-1_seg087.csv
BURBW-1,entsoe,aligned_segments,88,/ve-remi-dmz-dmz-sh-nas01/data/de_group/ghz_11401/data/wind_timeseries/aligned_15min/entsoe/segments/BURBW-1_seg088.csv,BURBW-1_seg088.csv
BURBW-1,entsoe,aligned_segments,89,/ve-remi-dmz-dmz-sh-nas01/data/de_group/ghz_11401/data/wind_timeseries/aligned_15min/entsoe/segments/BURBW-1_seg089.csv,BURBW-1_seg089.csv
BURBW-1,entsoe,aligned_segments,90,/ve-remi-dmz-dmz-sh-nas01/data/de_group/ghz_11401/data/wind_timeseries/aligned_15min/entsoe/segments/BURBW-1_seg090.csv,BURBW-1_seg090.csv
BURBW-1,entsoe,aligned_segments,91,/ve-remi-dmz-dmz-sh-nas01/data/de_group/ghz_11401/data/wind_timeseries/aligned_15min/entsoe/segments/BURBW-1_seg091.csv,BURBW-1_seg091.csv
BURBW-1,entsoe,aligned_segments,92,/ve-remi-dmz-dmz-sh-nas01/data/de_group/ghz_11401/data/wind_timeseries/aligned_15min/entsoe/segments/BURBW-1_seg092.csv,BURBW-1_seg092.csv
BURBW-1,entsoe,aligned_segments,93,/ve-remi-dmz-dmz-sh-nas01/data/de_group/ghz_11401/data/wind_timeseries/aligned_15min/entsoe/segments/BURBW-1_seg093.csv,BURBW-1_seg093.csv
BURBW-1,entsoe,aligned_segments,94,/ve-remi-dmz-dmz-sh-nas01/data/de_group/ghz_11401/data/wind_timeseries/aligned_15min/entsoe/segments/BURBW-1_seg094.csv,BURBW-1_seg094.csv
BURBW-1,entsoe,aligned_segments,95,/ve-remi-dmz-dmz-sh-nas01/data/de_group/ghz_11401/data/wind_timeseries/aligned_15min/entsoe/segments/BURBW-1_seg095.csv,BURBW-1_seg095.csv
BURBW-1,entsoe,aligned_segments,96,/ve-remi-dmz-dmz-sh-nas01/data/de_group/ghz_11401/data/wind_timeseries/aligned_15min/entsoe/segments/BURBW-1_seg096.csv,BURBW-1_seg096.csv
BURBW-1,entsoe,aligned_segments,97,/ve-remi-dmz-dmz-sh-nas01/data/de_group/ghz_11401/data/wind_timeseries/aligned_15min/entsoe/segments/BURBW-1_seg097.csv,BURBW-1_seg097.csv
BURBW-1,entsoe,aligned_segments,98,/ve-remi-dmz-dmz-sh-nas01/data/de_group/ghz_11401/data/wind_timeseries/aligned_15min/entsoe/segments/BURBW-1_seg098.csv,BURBW-1_seg098.csv
BURBW-1,entsoe,aligned_segments,99,/ve-remi-dmz-dmz-sh-nas01/data/de_group/ghz_11401/data/wind_timeseries/aligned_15min/entsoe/segments/BURBW-1_seg099.csv,BURBW-1_seg099.csv
BURBW-1,entsoe,aligned_segments,100,/ve-remi-dmz-dmz-sh-nas01/data/de_group/ghz_11401/data/wind_timeseries/aligned_15min/entsoe/segments/BURBW-1_seg100.csv,BURBW-1_seg100.csv
BURBW-1,entsoe,aligned_segments,101,/ve-remi-dmz-dmz-sh-nas01/data/de_group/ghz_11401/data/wind_timeseries/aligned_15min/entsoe/segments/BURBW-1_seg101.csv,BURBW-1_seg101.csv
BURBW-1,entsoe,data_process,1,/ve-remi-dmz-dmz-sh-nas01/data/de_group/ghz_11401/data/wind_timeseries/aligned_15min/data_process/entsoe/BURBW-1/BURBW-1_0.csv,BURBW-1_0.csv
BURBW-1,entsoe,data_process,2,/ve-remi-dmz-dmz-sh-nas01/data/de_group/ghz_11401/data/wind_timeseries/aligned_15min/data_process/entsoe/BURBW-1/BURBW-1_1.csv,BURBW-1_1.csv
BURBW-1,entsoe,data_process,3,/ve-remi-dmz-dmz-sh-nas01/data/de_group/ghz_11401/data/wind_timeseries/aligned_15min/data_process/entsoe/BURBW-1/BURBW-1_10.csv,BURBW-1_10.csv
BURBW-1,entsoe,data_process,4,/ve-remi-dmz-dmz-sh-nas01/data/de_group/ghz_11401/data/wind_timeseries/aligned_15min/data_process/entsoe/BURBW-1/BURBW-1_11.csv,BURBW-1_11.csv
BURBW-1,entsoe,data_process,5,/ve-remi-dmz-dmz-sh-nas01/data/de_group/ghz_11401/data/wind_timeseries/aligned_15min/data_process/entsoe/BURBW-1/BURBW-1_12.csv,BURBW-1_12.csv
BURBW-1,entsoe,data_process,6,/ve-remi-dmz-dmz-sh-nas01/data/de_group/ghz_11401/data/wind_timeseries/aligned_15min/data_process/entsoe/BURBW-1/BURBW-1_13.csv,BURBW-1_13.csv
BURBW-1,entsoe,data_process,7,/ve-remi-dmz-dmz-sh-nas01/data/de_group/ghz_11401/data/wind_timeseries/aligned_15min/data_process/entsoe/BURBW-1/BURBW-1_14.csv,BURBW-1_14.csv
BURBW-1,entsoe,data_process,8,/ve-remi-dmz-dmz-sh-nas01/data/de_group/ghz_11401/data/wind_timeseries/aligned_15min/data_process/entsoe/BURBW-1/BURBW-1_15.csv,BURBW-1_15.csv
BURBW-1,entsoe,data_process,9,/ve-remi-dmz-dmz-sh-nas01/data/de_group/ghz_11401/data/wind_timeseries/aligned_15min/data_process/entsoe/BURBW-1/BURBW-1_16.csv,BURBW-1_16.csv
BURBW-1,entsoe,data_process,10,/ve-remi-dmz-dmz-sh-nas01/data/de_group/ghz_11401/data/wind_timeseries/aligned_15min/data_process/entsoe/BURBW-1/BURBW-1_17.csv,BURBW-1_17.csv
BURBW-1,entsoe,data_process,11,/ve-remi-dmz-dmz-sh-nas01/data/de_group/ghz_11401/data/wind_timeseries/aligned_15min/data_process/entsoe/BURBW-1/BURBW-1_18.csv,BURBW-1_18.csv
BURBW-1,entsoe,data_process,12,/ve-remi-dmz-dmz-sh-nas01/data/de_group/ghz_11401/data/wind_timeseries/aligned_15min/data_process/entsoe/BURBW-1/BURBW-1_19.csv,BURBW-1_19.csv
BURBW-1,entsoe,data_process,13,/ve-remi-dmz-dmz-sh-nas01/data/de_group/ghz_11401/data/wind_timeseries/aligned_15min/data_process/entsoe/BURBW-1/BURBW-1_2.csv,BURBW-1_2.csv
BURBW-1,entsoe,data_process,14,/ve-remi-dmz-dmz-sh-nas01/data/de_group/ghz_11401/data/wind_timeseries/aligned_15min/data_process/entsoe/BURBW-1/BURBW-1_20.csv,BURBW-1_20.csv
BURBW-1,entsoe,data_process,15,/ve-remi-dmz-dmz-sh-nas01/data/de_group/ghz_11401/data/wind_timeseries/aligned_15min/data_process/entsoe/BURBW-1/BURBW-1_3.csv,BURBW-1_3.csv
BURBW-1,entsoe,data_process,16,/ve-remi-dmz-dmz-sh-nas01/data/de_group/ghz_11401/data/wind_timeseries/aligned_15min/data_process/entsoe/BURBW-1/BURBW-1_4.csv,BURBW-1_4.csv
BURBW-1,entsoe,data_process,17,/ve-remi-dmz-dmz-sh-nas01/data/de_group/ghz_11401/data/wind_timeseries/aligned_15min/data_process/entsoe/BURBW-1/BURBW-1_5.csv,BURBW-1_5.csv
BURBW-1,entsoe,data_process,18,/ve-remi-dmz-dmz-sh-nas01/data/de_group/ghz_11401/data/wind_timeseries/aligned_15min/data_process/entsoe/BURBW-1/BURBW-1_6.csv,BURBW-1_6.csv
BURBW-1,entsoe,data_process,19,/ve-remi-dmz-dmz-sh-nas01/data/de_group/ghz_11401/data/wind_timeseries/aligned_15min/data_process/entsoe/BURBW-1/BURBW-1_7.csv,BURBW-1_7.csv
BURBW-1,entsoe,data_process,20,/ve-remi-dmz-dmz-sh-nas01/data/de_group/ghz_11401/data/wind_timeseries/aligned_15min/data_process/entsoe/BURBW-1/BURBW-1_8.csv,BURBW-1_8.csv
BURBW-1,entsoe,data_process,21,/ve-remi-dmz-dmz-sh-nas01/data/de_group/ghz_11401/data/wind_timeseries/aligned_15min/data_process/entsoe/BURBW-1/BURBW-1_9.csv,BURBW-1_9.csv
Belwind Phase 1,entsoe,aligned_segments,1,/ve-remi-dmz-dmz-sh-nas01/data/de_group/ghz_11401/data/wind_timeseries/aligned_15min/entsoe/segments/Belwind Phase 1_seg001.csv,Belwind Phase 1_seg001.csv
Belwind Phase 1,entsoe,aligned_segments,2,/ve-remi-dmz-dmz-sh-nas01/data/de_group/ghz_11401/data/wind_timeseries/aligned_15min/entsoe/segments/Belwind Phase 1_seg002.csv,Belwind Phase 1_seg002.csv
Belwind Phase 1,entsoe,data_process,1,/ve-remi-dmz-dmz-sh-nas01/data/de_group/ghz_11401/data/wind_timeseries/aligned_15min/data_process/entsoe/Belwind Phase 1/Belwind Phase 1_0.csv,Belwind Phase 1_0.csv
CAPTL_WF,aemo,aligned_segments,1,/ve-remi-dmz-dmz-sh-nas01/data/de_group/ghz_11401/data/wind_timeseries/aligned_15min/aemo/segments/CAPTL_WF_seg001.csv,CAPTL_WF_seg001.csv
CAPTL_WF,aemo,data_process,1,/ve-remi-dmz-dmz-sh-nas01/data/de_group/ghz_11401/data/wind_timeseries/aligned_15min/data_process/aemo/CAPTL_WF/CAPTL_WF_seg001.csv,CAPTL_WF_seg001.csv
CATHROCK,aemo,aligned_segments,1,/ve-remi-dmz-dmz-sh-nas01/data/de_group/ghz_11401/data/wind_timeseries/aligned_15min/aemo/segments/CATHROCK_seg001.csv,CATHROCK_seg001.csv
CATHROCK,aemo,data_process,1,/ve-remi-dmz-dmz-sh-nas01/data/de_group/ghz_11401/data/wind_timeseries/aligned_15min/data_process/aemo/CATHROCK/CATHROCK_seg001.csv,CATHROCK_seg001.csv
CHALLHWF,aemo,aligned_segments,1,/ve-remi-dmz-dmz-sh-nas01/data/de_group/ghz_11401/data/wind_timeseries/aligned_15min/aemo/segments/CHALLHWF_seg001.csv,CHALLHWF_seg001.csv
CHALLHWF,aemo,data_process,1,/ve-remi-dmz-dmz-sh-nas01/data/de_group/ghz_11401/data/wind_timeseries/aligned_15min/data_process/aemo/CHALLHWF/CHALLHWF_seg001.csv,CHALLHWF_seg001.csv
CLDNW-1,entsoe,aligned_segments,1,/ve-remi-dmz-dmz-sh-nas01/data/de_group/ghz_11401/data/wind_timeseries/aligned_15min/entsoe/segments/CLDNW-1_seg001.csv,CLDNW-1_seg001.csv
CLDNW-1,entsoe,aligned_segments,2,/ve-remi-dmz-dmz-sh-nas01/data/de_group/ghz_11401/data/wind_timeseries/aligned_15min/entsoe/segments/CLDNW-1_seg002.csv,CLDNW-1_seg002.csv
CLDNW-1,entsoe,aligned_segments,3,/ve-remi-dmz-dmz-sh-nas01/data/de_group/ghz_11401/data/wind_timeseries/aligned_15min/entsoe/segments/CLDNW-1_seg003.csv,CLDNW-1_seg003.csv
CLDNW-1,entsoe,aligned_segments,4,/ve-remi-dmz-dmz-sh-nas01/data/de_group/ghz_11401/data/wind_timeseries/aligned_15min/entsoe/segments/CLDNW-1_seg004.csv,CLDNW-1_seg004.csv
CLDNW-1,entsoe,aligned_segments,5,/ve-remi-dmz-dmz-sh-nas01/data/de_group/ghz_11401/data/wind_timeseries/aligned_15min/entsoe/segments/CLDNW-1_seg005.csv,CLDNW-1_seg005.csv
CLDNW-1,entsoe,aligned_segments,6,/ve-remi-dmz-dmz-sh-nas01/data/de_group/ghz_11401/data/wind_timeseries/aligned_15min/entsoe/segments/CLDNW-1_seg006.csv,CLDNW-1_seg006.csv
CLDNW-1,entsoe,aligned_segments,7,/ve-remi-dmz-dmz-sh-nas01/data/de_group/ghz_11401/data/wind_timeseries/aligned_15min/entsoe/segments/CLDNW-1_seg007.csv,CLDNW-1_seg007.csv
CLDNW-1,entsoe,aligned_segments,8,/ve-remi-dmz-dmz-sh-nas01/data/de_group/ghz_11401/data/wind_timeseries/aligned_15min/entsoe/segments/CLDNW-1_seg008.csv,CLDNW-1_seg008.csv
CLDNW-1,entsoe,aligned_segments,9,/ve-remi-dmz-dmz-sh-nas01/data/de_group/ghz_11401/data/wind_timeseries/aligned_15min/entsoe/segments/CLDNW-1_seg009.csv,CLDNW-1_seg009.csv
CLDNW-1,entsoe,aligned_segments,10,/ve-remi-dmz-dmz-sh-nas01/data/de_group/ghz_11401/data/wind_timeseries/aligned_15min/entsoe/segments/CLDNW-1_seg010.csv,CLDNW-1_seg010.csv
CLDNW-1,entsoe,aligned_segments,11,/ve-remi-dmz-dmz-sh-nas01/data/de_group/ghz_11401/data/wind_timeseries/aligned_15min/entsoe/segments/CLDNW-1_seg011.csv,CLDNW-1_seg011.csv
CLDNW-1,entsoe,aligned_segments,12,/ve-remi-dmz-dmz-sh-nas01/data/de_group/ghz_11401/data/wind_timeseries/aligned_15min/entsoe/segments/CLDNW-1_seg012.csv,CLDNW-1_seg012.csv
CLDNW-1,entsoe,aligned_segments,13,/ve-remi-dmz-dmz-sh-nas01/data/de_group/ghz_11401/data/wind_timeseries/aligned_15min/entsoe/segments/CLDNW-1_seg013.csv,CLDNW-1_seg013.csv
CLDNW-1,entsoe,aligned_segments,14,/ve-remi-dmz-dmz-sh-nas01/data/de_group/ghz_11401/data/wind_timeseries/aligned_15min/entsoe/segments/CLDNW-1_seg014.csv,CLDNW-1_seg014.csv
CLDNW-1,entsoe,aligned_segments,15,/ve-remi-dmz-dmz-sh-nas01/data/de_group/ghz_11401/data/wind_timeseries/aligned_15min/entsoe/segments/CLDNW-1_seg015.csv,CLDNW-1_seg015.csv
CLDNW-1,entsoe,aligned_segments,16,/ve-remi-dmz-dmz-sh-nas01/data/de_group/ghz_11401/data/wind_timeseries/aligned_15min/entsoe/segments/CLDNW-1_seg016.csv,CLDNW-1_seg016.csv
CLDNW-1,entsoe,aligned_segments,17,/ve-remi-dmz-dmz-sh-nas01/data/de_group/ghz_11401/data/wind_timeseries/aligned_15min/entsoe/segments/CLDNW-1_seg017.csv,CLDNW-1_seg017.csv
CLDNW-1,entsoe,aligned_segments,18,/ve-remi-dmz-dmz-sh-nas01/data/de_group/ghz_11401/data/wind_timeseries/aligned_15min/entsoe/segments/CLDNW-1_seg018.csv,CLDNW-1_seg018.csv
CLDNW-1,entsoe,aligned_segments,19,/ve-remi-dmz-dmz-sh-nas01/data/de_group/ghz_11401/data/wind_timeseries/aligned_15min/entsoe/segments/CLDNW-1_seg019.csv,CLDNW-1_seg019.csv
CLDNW-1,entsoe,aligned_segments,20,/ve-remi-dmz-dmz-sh-nas01/data/de_group/ghz_11401/data/wind_timeseries/aligned_15min/entsoe/segments/CLDNW-1_seg020.csv,CLDNW-1_seg020.csv
CLDNW-1,entsoe,aligned_segments,21,/ve-remi-dmz-dmz-sh-nas01/data/de_group/ghz_11401/data/wind_timeseries/aligned_15min/entsoe/segments/CLDNW-1_seg021.csv,CLDNW-1_seg021.csv
CLDNW-1,entsoe,aligned_segments,22,/ve-remi-dmz-dmz-sh-nas01/data/de_group/ghz_11401/data/wind_timeseries/aligned_15min/entsoe/segments/CLDNW-1_seg022.csv,CLDNW-1_seg022.csv
CLDNW-1,entsoe,aligned_segments,23,/ve-remi-dmz-dmz-sh-nas01/data/de_group/ghz_11401/data/wind_timeseries/aligned_15min/entsoe/segments/CLDNW-1_seg023.csv,CLDNW-1_seg023.csv
CLDNW-1,entsoe,aligned_segments,24,/ve-remi-dmz-dmz-sh-nas01/data/de_group/ghz_11401/data/wind_timeseries/aligned_15min/entsoe/segments/CLDNW-1_seg024.csv,CLDNW-1_seg024.csv
CLDNW-1,entsoe,aligned_segments,25,/ve-remi-dmz-dmz-sh-nas01/data/de_group/ghz_11401/data/wind_timeseries/aligned_15min/entsoe/segments/CLDNW-1_seg025.csv,CLDNW-1_seg025.csv
CLDNW-1,entsoe,aligned_segments,26,/ve-remi-dmz-dmz-sh-nas01/data/de_group/ghz_11401/data/wind_timeseries/aligned_15min/entsoe/segments/CLDNW-1_seg026.csv,CLDNW-1_seg026.csv
CLDNW-1,entsoe,aligned_segments,27,/ve-remi-dmz-dmz-sh-nas01/data/de_group/ghz_11401/data/wind_timeseries/aligned_15min/entsoe/segments/CLDNW-1_seg027.csv,CLDNW-1_seg027.csv
CLDNW-1,entsoe,aligned_segments,28,/ve-remi-dmz-dmz-sh-nas01/data/de_group/ghz_11401/data/wind_timeseries/aligned_15min/entsoe/segments/CLDNW-1_seg028.csv,CLDNW-1_seg028.csv
CLDNW-1,entsoe,aligned_segments,29,/ve-remi-dmz-dmz-sh-nas01/data/de_group/ghz_11401/data/wind_timeseries/aligned_15min/entsoe/segments/CLDNW-1_seg029.csv,CLDNW-1_seg029.csv
CLDNW-1,entsoe,aligned_segments,30,/ve-remi-dmz-dmz-sh-nas01/data/de_group/ghz_11401/data/wind_timeseries/aligned_15min/entsoe/segments/CLDNW-1_seg030.csv,CLDNW-1_seg030.csv
CLDNW-1,entsoe,aligned_segments,31,/ve-remi-dmz-dmz-sh-nas01/data/de_group/ghz_11401/data/wind_timeseries/aligned_15min/entsoe/segments/CLDNW-1_seg031.csv,CLDNW-1_seg031.csv
CLDNW-1,entsoe,aligned_segments,32,/ve-remi-dmz-dmz-sh-nas01/data/de_group/ghz_11401/data/wind_timeseries/aligned_15min/entsoe/segments/CLDNW-1_seg032.csv,CLDNW-1_seg032.csv
CLDNW-1,entsoe,aligned_segments,33,/ve-remi-dmz-dmz-sh-nas01/data/de_group/ghz_11401/data/wind_timeseries/aligned_15min/entsoe/segments/CLDNW-1_seg033.csv,CLDNW-1_seg033.csv
CLDNW-1,entsoe,aligned_segments,34,/ve-remi-dmz-dmz-sh-nas01/data/de_group/ghz_11401/data/wind_timeseries/aligned_15min/entsoe/segments/CLDNW-1_seg034.csv,CLDNW-1_seg034.csv
CLDNW-1,entsoe,aligned_segments,35,/ve-remi-dmz-dmz-sh-nas01/data/de_group/ghz_11401/data/wind_timeseries/aligned_15min/entsoe/segments/CLDNW-1_seg035.csv,CLDNW-1_seg035.csv
CLDNW-1,entsoe,aligned_segments,36,/ve-remi-dmz-dmz-sh-nas01/data/de_group/ghz_11401/data/wind_timeseries/aligned_15min/entsoe/segments/CLDNW-1_seg036.csv,CLDNW-1_seg036.csv
CLDNW-1,entsoe,aligned_segments,37,/ve-remi-dmz-dmz-sh-nas01/data/de_group/ghz_11401/data/wind_timeseries/aligned_15min/entsoe/segments/CLDNW-1_seg037.csv,CLDNW-1_seg037.csv
CLDNW-1,entsoe,aligned_segments,38,/ve-remi-dmz-dmz-sh-nas01/data/de_group/ghz_11401/data/wind_timeseries/aligned_15min/entsoe/segments/CLDNW-1_seg038.csv,CLDNW-1_seg038.csv
CLDNW-1,entsoe,aligned_segments,39,/ve-remi-dmz-dmz-sh-nas01/data/de_group/ghz_11401/data/wind_timeseries/aligned_15min/entsoe/segments/CLDNW-1_seg039.csv,CLDNW-1_seg039.csv
CLDNW-1,entsoe,aligned_segments,40,/ve-remi-dmz-dmz-sh-nas01/data/de_group/ghz_11401/data/wind_timeseries/aligned_15min/entsoe/segments/CLDNW-1_seg040.csv,CLDNW-1_seg040.csv
CLDNW-1,entsoe,aligned_segments,41,/ve-remi-dmz-dmz-sh-nas01/data/de_group/ghz_11401/data/wind_timeseries/aligned_15min/entsoe/segments/CLDNW-1_seg041.csv,CLDNW-1_seg041.csv
CLDNW-1,entsoe,aligned_segments,42,/ve-remi-dmz-dmz-sh-nas01/data/de_group/ghz_11401/data/wind_timeseries/aligned_15min/entsoe/segments/CLDNW-1_seg042.csv,CLDNW-1_seg042.csv
CLDNW-1,entsoe,aligned_segments,43,/ve-remi-dmz-dmz-sh-nas01/data/de_group/ghz_11401/data/wind_timeseries/aligned_15min/entsoe/segments/CLDNW-1_seg043.csv,CLDNW-1_seg043.csv
CLDNW-1,entsoe,aligned_segments,44,/ve-remi-dmz-dmz-sh-nas01/data/de_group/ghz_11401/data/wind_timeseries/aligned_15min/entsoe/segments/CLDNW-1_seg044.csv,CLDNW-1_seg044.csv
CLDNW-1,entsoe,aligned_segments,45,/ve-remi-dmz-dmz-sh-nas01/data/de_group/ghz_11401/data/wind_timeseries/aligned_15min/entsoe/segments/CLDNW-1_seg045.csv,CLDNW-1_seg045.csv
CLDNW-1,entsoe,aligned_segments,46,/ve-remi-dmz-dmz-sh-nas01/data/de_group/ghz_11401/data/wind_timeseries/aligned_15min/entsoe/segments/CLDNW-1_seg046.csv,CLDNW-1_seg046.csv
CLDNW-1,entsoe,aligned_segments,47,/ve-remi-dmz-dmz-sh-nas01/data/de_group/ghz_11401/data/wind_timeseries/aligned_15min/entsoe/segments/CLDNW-1_seg047.csv,CLDNW-1_seg047.csv
CLDNW-1,entsoe,aligned_segments,48,/ve-remi-dmz-dmz-sh-nas01/data/de_group/ghz_11401/data/wind_timeseries/aligned_15min/entsoe/segments/CLDNW-1_seg048.csv,CLDNW-1_seg048.csv
CLDNW-1,entsoe,aligned_segments,49,/ve-remi-dmz-dmz-sh-nas01/data/de_group/ghz_11401/data/wind_timeseries/aligned_15min/entsoe/segments/CLDNW-1_seg049.csv,CLDNW-1_seg049.csv
CLDNW-1,entsoe,aligned_segments,50,/ve-remi-dmz-dmz-sh-nas01/data/de_group/ghz_11401/data/wind_timeseries/aligned_15min/entsoe/segments/CLDNW-1_seg050.csv,CLDNW-1_seg050.csv
CLDNW-1,entsoe,aligned_segments,51,/ve-remi-dmz-dmz-sh-nas01/data/de_group/ghz_11401/data/wind_timeseries/aligned_15min/entsoe/segments/CLDNW-1_seg051.csv,CLDNW-1_seg051.csv
CLDNW-1,entsoe,aligned_segments,52,/ve-remi-dmz-dmz-sh-nas01/data/de_group/ghz_11401/data/wind_timeseries/aligned_15min/entsoe/segments/CLDNW-1_seg052.csv,CLDNW-1_seg052.csv
CLDNW-1,entsoe,aligned_segments,53,/ve-remi-dmz-dmz-sh-nas01/data/de_group/ghz_11401/data/wind_timeseries/aligned_15min/entsoe/segments/CLDNW-1_seg053.csv,CLDNW-1_seg053.csv
CLDNW-1,entsoe,aligned_segments,54,/ve-remi-dmz-dmz-sh-nas01/data/de_group/ghz_11401/data/wind_timeseries/aligned_15min/entsoe/segments/CLDNW-1_seg054.csv,CLDNW-1_seg054.csv
CLDNW-1,entsoe,aligned_segments,55,/ve-remi-dmz-dmz-sh-nas01/data/de_group/ghz_11401/data/wind_timeseries/aligned_15min/entsoe/segments/CLDNW-1_seg055.csv,CLDNW-1_seg055.csv
CLDNW-1,entsoe,aligned_segments,56,/ve-remi-dmz-dmz-sh-nas01/data/de_group/ghz_11401/data/wind_timeseries/aligned_15min/entsoe/segments/CLDNW-1_seg056.csv,CLDNW-1_seg056.csv
CLDNW-1,entsoe,aligned_segments,57,/ve-remi-dmz-dmz-sh-nas01/data/de_group/ghz_11401/data/wind_timeseries/aligned_15min/entsoe/segments/CLDNW-1_seg057.csv,CLDNW-1_seg057.csv
CLDNW-1,entsoe,aligned_segments,58,/ve-remi-dmz-dmz-sh-nas01/data/de_group/ghz_11401/data/wind_timeseries/aligned_15min/entsoe/segments/CLDNW-1_seg058.csv,CLDNW-1_seg058.csv
CLDNW-1,entsoe,aligned_segments,59,/ve-remi-dmz-dmz-sh-nas01/data/de_group/ghz_11401/data/wind_timeseries/aligned_15min/entsoe/segments/CLDNW-1_seg059.csv,CLDNW-1_seg059.csv
CLDNW-1,entsoe,aligned_segments,60,/ve-remi-dmz-dmz-sh-nas01/data/de_group/ghz_11401/data/wind_timeseries/aligned_15min/entsoe/segments/CLDNW-1_seg060.csv,CLDNW-1_seg060.csv
CLDNW-1,entsoe,aligned_segments,61,/ve-remi-dmz-dmz-sh-nas01/data/de_group/ghz_11401/data/wind_timeseries/aligned_15min/entsoe/segments/CLDNW-1_seg061.csv,CLDNW-1_seg061.csv
CLDNW-1,entsoe,aligned_segments,62,/ve-remi-dmz-dmz-sh-nas01/data/de_group/ghz_11401/data/wind_timeseries/aligned_15min/entsoe/segments/CLDNW-1_seg062.csv,CLDNW-1_seg062.csv
CLDNW-1,entsoe,aligned_segments,63,/ve-remi-dmz-dmz-sh-nas01/data/de_group/ghz_11401/data/wind_timeseries/aligned_15min/entsoe/segments/CLDNW-1_seg063.csv,CLDNW-1_seg063.csv
CLDNW-1,entsoe,aligned_segments,64,/ve-remi-dmz-dmz-sh-nas01/data/de_group/ghz_11401/data/wind_timeseries/aligned_15min/entsoe/segments/CLDNW-1_seg064.csv,CLDNW-1_seg064.csv
CLDNW-1,entsoe,aligned_segments,65,/ve-remi-dmz-dmz-sh-nas01/data/de_group/ghz_11401/data/wind_timeseries/aligned_15min/entsoe/segments/CLDNW-1_seg065.csv,CLDNW-1_seg065.csv
CLDNW-1,entsoe,aligned_segments,66,/ve-remi-dmz-dmz-sh-nas01/data/de_group/ghz_11401/data/wind_timeseries/aligned_15min/entsoe/segments/CLDNW-1_seg066.csv,CLDNW-1_seg066.csv
CLDNW-1,entsoe,aligned_segments,67,/ve-remi-dmz-dmz-sh-nas01/data/de_group/ghz_11401/data/wind_timeseries/aligned_15min/entsoe/segments/CLDNW-1_seg067.csv,CLDNW-1_seg067.csv
CLDNW-1,entsoe,aligned_segments,68,/ve-remi-dmz-dmz-sh-nas01/data/de_group/ghz_11401/data/wind_timeseries/aligned_15min/entsoe/segments/CLDNW-1_seg068.csv,CLDNW-1_seg068.csv
CLDNW-1,entsoe,aligned_segments,69,/ve-remi-dmz-dmz-sh-nas01/data/de_group/ghz_11401/data/wind_timeseries/aligned_15min/entsoe/segments/CLDNW-1_seg069.csv,CLDNW-1_seg069.csv
CLDNW-1,entsoe,aligned_segments,70,/ve-remi-dmz-dmz-sh-nas01/data/de_group/ghz_11401/data/wind_timeseries/aligned_15min/entsoe/segments/CLDNW-1_seg070.csv,CLDNW-1_seg070.csv
CLDNW-1,entsoe,aligned_segments,71,/ve-remi-dmz-dmz-sh-nas01/data/de_group/ghz_11401/data/wind_timeseries/aligned_15min/entsoe/segments/CLDNW-1_seg071.csv,CLDNW-1_seg071.csv
CLDNW-1,entsoe,aligned_segments,72,/ve-remi-dmz-dmz-sh-nas01/data/de_group/ghz_11401/data/wind_timeseries/aligned_15min/entsoe/segments/CLDNW-1_seg072.csv,CLDNW-1_seg072.csv
CLDNW-1,entsoe,aligned_segments,73,/ve-remi-dmz-dmz-sh-nas01/data/de_group/ghz_11401/data/wind_timeseries/aligned_15min/entsoe/segments/CLDNW-1_seg073.csv,CLDNW-1_seg073.csv
CLDNW-1,entsoe,aligned_segments,74,/ve-remi-dmz-dmz-sh-nas01/data/de_group/ghz_11401/data/wind_timeseries/aligned_15min/entsoe/segments/CLDNW-1_seg074.csv,CLDNW-1_seg074.csv
CLDNW-1,entsoe,aligned_segments,75,/ve-remi-dmz-dmz-sh-nas01/data/de_group/ghz_11401/data/wind_timeseries/aligned_15min/entsoe/segments/CLDNW-1_seg075.csv,CLDNW-1_seg075.csv
CLDNW-1,entsoe,aligned_segments,76,/ve-remi-dmz-dmz-sh-nas01/data/de_group/ghz_11401/data/wind_timeseries/aligned_15min/entsoe/segments/CLDNW-1_seg076.csv,CLDNW-1_seg076.csv
CLDNW-1,entsoe,aligned_segments,77,/ve-remi-dmz-dmz-sh-nas01/data/de_group/ghz_11401/data/wind_timeseries/aligned_15min/entsoe/segments/CLDNW-1_seg077.csv,CLDNW-1_seg077.csv
CLDNW-1,entsoe,aligned_segments,78,/ve-remi-dmz-dmz-sh-nas01/data/de_group/ghz_11401/data/wind_timeseries/aligned_15min/entsoe/segments/CLDNW-1_seg078.csv,CLDNW-1_seg078.csv
CLDNW-1,entsoe,aligned_segments,79,/ve-remi-dmz-dmz-sh-nas01/data/de_group/ghz_11401/data/wind_timeseries/aligned_15min/entsoe/segments/CLDNW-1_seg079.csv,CLDNW-1_seg079.csv
CLDNW-1,entsoe,aligned_segments,80,/ve-remi-dmz-dmz-sh-nas01/data/de_group/ghz_11401/data/wind_timeseries/aligned_15min/entsoe/segments/CLDNW-1_seg080.csv,CLDNW-1_seg080.csv
CLDNW-1,entsoe,aligned_segments,81,/ve-remi-dmz-dmz-sh-nas01/data/de_group/ghz_11401/data/wind_timeseries/aligned_15min/entsoe/segments/CLDNW-1_seg081.csv,CLDNW-1_seg081.csv
CLDNW-1,entsoe,aligned_segments,82,/ve-remi-dmz-dmz-sh-nas01/data/de_group/ghz_11401/data/wind_timeseries/aligned_15min/entsoe/segments/CLDNW-1_seg082.csv,CLDNW-1_seg082.csv
CLDNW-1,entsoe,aligned_segments,83,/ve-remi-dmz-dmz-sh-nas01/data/de_group/ghz_11401/data/wind_timeseries/aligned_15min/entsoe/segments/CLDNW-1_seg083.csv,CLDNW-1_seg083.csv
CLDNW-1,entsoe,aligned_segments,84,/ve-remi-dmz-dmz-sh-nas01/data/de_group/ghz_11401/data/wind_timeseries/aligned_15min/entsoe/segments/CLDNW-1_seg084.csv,CLDNW-1_seg084.csv
CLDNW-1,entsoe,aligned_segments,85,/ve-remi-dmz-dmz-sh-nas01/data/de_group/ghz_11401/data/wind_timeseries/aligned_15min/entsoe/segments/CLDNW-1_seg085.csv,CLDNW-1_seg085.csv
CLDNW-1,entsoe,aligned_segments,86,/ve-remi-dmz-dmz-sh-nas01/data/de_group/ghz_11401/data/wind_timeseries/aligned_15min/entsoe/segments/CLDNW-1_seg086.csv,CLDNW-1_seg086.csv
CLDNW-1,entsoe,aligned_segments,87,/ve-remi-dmz-dmz-sh-nas01/data/de_group/ghz_11401/data/wind_timeseries/aligned_15min/entsoe/segments/CLDNW-1_seg087.csv,CLDNW-1_seg087.csv
CLDNW-1,entsoe,aligned_segments,88,/ve-remi-dmz-dmz-sh-nas01/data/de_group/ghz_11401/data/wind_timeseries/aligned_15min/entsoe/segments/CLDNW-1_seg088.csv,CLDNW-1_seg088.csv
CLDNW-1,entsoe,aligned_segments,89,/ve-remi-dmz-dmz-sh-nas01/data/de_group/ghz_11401/data/wind_timeseries/aligned_15min/entsoe/segments/CLDNW-1_seg089.csv,CLDNW-1_seg089.csv
CLDNW-1,entsoe,aligned_segments,90,/ve-remi-dmz-dmz-sh-nas01/data/de_group/ghz_11401/data/wind_timeseries/aligned_15min/entsoe/segments/CLDNW-1_seg090.csv,CLDNW-1_seg090.csv
CLDNW-1,entsoe,aligned_segments,91,/ve-remi-dmz-dmz-sh-nas01/data/de_group/ghz_11401/data/wind_timeseries/aligned_15min/entsoe/segments/CLDNW-1_seg091.csv,CLDNW-1_seg091.csv
CLDNW-1,entsoe,aligned_segments,92,/ve-remi-dmz-dmz-sh-nas01/data/de_group/ghz_11401/data/wind_timeseries/aligned_15min/entsoe/segments/CLDNW-1_seg092.csv,CLDNW-1_seg092.csv
CLDNW-1,entsoe,aligned_segments,93,/ve-remi-dmz-dmz-sh-nas01/data/de_group/ghz_11401/data/wind_timeseries/aligned_15min/entsoe/segments/CLDNW-1_seg093.csv,CLDNW-1_seg093.csv
CLDNW-1,entsoe,aligned_segments,94,/ve-remi-dmz-dmz-sh-nas01/data/de_group/ghz_11401/data/wind_timeseries/aligned_15min/entsoe/segments/CLDNW-1_seg094.csv,CLDNW-1_seg094.csv
CLDNW-1,entsoe,aligned_segments,95,/ve-remi-dmz-dmz-sh-nas01/data/de_group/ghz_11401/data/wind_timeseries/aligned_15min/entsoe/segments/CLDNW-1_seg095.csv,CLDNW-1_seg095.csv
CLDNW-1,entsoe,aligned_segments,96,/ve-remi-dmz-dmz-sh-nas01/data/de_group/ghz_11401/data/wind_timeseries/aligned_15min/entsoe/segments/CLDNW-1_seg096.csv,CLDNW-1_seg096.csv
CLDNW-1,entsoe,aligned_segments,97,/ve-remi-dmz-dmz-sh-nas01/data/de_group/ghz_11401/data/wind_timeseries/aligned_15min/entsoe/segments/CLDNW-1_seg097.csv,CLDNW-1_seg097.csv
CLDNW-1,entsoe,aligned_segments,98,/ve-remi-dmz-dmz-sh-nas01/data/de_group/ghz_11401/data/wind_timeseries/aligned_15min/entsoe/segments/CLDNW-1_seg098.csv,CLDNW-1_seg098.csv
CLDNW-1,entsoe,aligned_segments,99,/ve-remi-dmz-dmz-sh-nas01/data/de_group/ghz_11401/data/wind_timeseries/aligned_15min/entsoe/segments/CLDNW-1_seg099.csv,CLDNW-1_seg099.csv
CLDNW-1,entsoe,aligned_segments,100,/ve-remi-dmz-dmz-sh-nas01/data/de_group/ghz_11401/data/wind_timeseries/aligned_15min/entsoe/segments/CLDNW-1_seg100.csv,CLDNW-1_seg100.csv
CLDNW-1,entsoe,aligned_segments,101,/ve-remi-dmz-dmz-sh-nas01/data/de_group/ghz_11401/data/wind_timeseries/aligned_15min/entsoe/segments/CLDNW-1_seg101.csv,CLDNW-1_seg101.csv
CLDNW-1,entsoe,aligned_segments,102,/ve-remi-dmz-dmz-sh-nas01/data/de_group/ghz_11401/data/wind_timeseries/aligned_15min/entsoe/segments/CLDNW-1_seg102.csv,CLDNW-1_seg102.csv
CLDNW-1,entsoe,aligned_segments,103,/ve-remi-dmz-dmz-sh-nas01/data/de_group/ghz_11401/data/wind_timeseries/aligned_15min/entsoe/segments/CLDNW-1_seg103.csv,CLDNW-1_seg103.csv
CLDNW-1,entsoe,aligned_segments,104,/ve-remi-dmz-dmz-sh-nas01/data/de_group/ghz_11401/data/wind_timeseries/aligned_15min/entsoe/segments/CLDNW-1_seg104.csv,CLDNW-1_seg104.csv
CLDNW-1,entsoe,aligned_segments,105,/ve-remi-dmz-dmz-sh-nas01/data/de_group/ghz_11401/data/wind_timeseries/aligned_15min/entsoe/segments/CLDNW-1_seg105.csv,CLDNW-1_seg105.csv
CLDNW-1,entsoe,aligned_segments,106,/ve-remi-dmz-dmz-sh-nas01/data/de_group/ghz_11401/data/wind_timeseries/aligned_15min/entsoe/segments/CLDNW-1_seg106.csv,CLDNW-1_seg106.csv
CLDNW-1,entsoe,aligned_segments,107,/ve-remi-dmz-dmz-sh-nas01/data/de_group/ghz_11401/data/wind_timeseries/aligned_15min/entsoe/segments/CLDNW-1_seg107.csv,CLDNW-1_seg107.csv
CLDNW-1,entsoe,aligned_segments,108,/ve-remi-dmz-dmz-sh-nas01/data/de_group/ghz_11401/data/wind_timeseries/aligned_15min/entsoe/segments/CLDNW-1_seg108.csv,CLDNW-1_seg108.csv
CLDNW-1,entsoe,aligned_segments,109,/ve-remi-dmz-dmz-sh-nas01/data/de_group/ghz_11401/data/wind_timeseries/aligned_15min/entsoe/segments/CLDNW-1_seg109.csv,CLDNW-1_seg109.csv
CLDNW-1,entsoe,aligned_segments,110,/ve-remi-dmz-dmz-sh-nas01/data/de_group/ghz_11401/data/wind_timeseries/aligned_15min/entsoe/segments/CLDNW-1_seg110.csv,CLDNW-1_seg110.csv
CLDNW-1,entsoe,aligned_segments,111,/ve-remi-dmz-dmz-sh-nas01/data/de_group/ghz_11401/data/wind_timeseries/aligned_15min/entsoe/segments/CLDNW-1_seg111.csv,CLDNW-1_seg111.csv
CLDNW-1,entsoe,aligned_segments,112,/ve-remi-dmz-dmz-sh-nas01/data/de_group/ghz_11401/data/wind_timeseries/aligned_15min/entsoe/segments/CLDNW-1_seg112.csv,CLDNW-1_seg112.csv
CLDNW-1,entsoe,aligned_segments,113,/ve-remi-dmz-dmz-sh-nas01/data/de_group/ghz_11401/data/wind_timeseries/aligned_15min/entsoe/segments/CLDNW-1_seg113.csv,CLDNW-1_seg113.csv
CLDNW-1,entsoe,aligned_segments,114,/ve-remi-dmz-dmz-sh-nas01/data/de_group/ghz_11401/data/wind_timeseries/aligned_15min/entsoe/segments/CLDNW-1_seg114.csv,CLDNW-1_seg114.csv
CLDNW-1,entsoe,aligned_segments,115,/ve-remi-dmz-dmz-sh-nas01/data/de_group/ghz_11401/data/wind_timeseries/aligned_15min/entsoe/segments/CLDNW-1_seg115.csv,CLDNW-1_seg115.csv
CLDNW-1,entsoe,aligned_segments,116,/ve-remi-dmz-dmz-sh-nas01/data/de_group/ghz_11401/data/wind_timeseries/aligned_15min/entsoe/segments/CLDNW-1_seg116.csv,CLDNW-1_seg116.csv
CLDNW-1,entsoe,aligned_segments,117,/ve-remi-dmz-dmz-sh-nas01/data/de_group/ghz_11401/data/wind_timeseries/aligned_15min/entsoe/segments/CLDNW-1_seg117.csv,CLDNW-1_seg117.csv
CLDNW-1,entsoe,aligned_segments,118,/ve-remi-dmz-dmz-sh-nas01/data/de_group/ghz_11401/data/wind_timeseries/aligned_15min/entsoe/segments/CLDNW-1_seg118.csv,CLDNW-1_seg118.csv
CLDNW-1,entsoe,aligned_segments,119,/ve-remi-dmz-dmz-sh-nas01/data/de_group/ghz_11401/data/wind_timeseries/aligned_15min/entsoe/segments/CLDNW-1_seg119.csv,CLDNW-1_seg119.csv
CLDNW-1,entsoe,data_process,1,/ve-remi-dmz-dmz-sh-nas01/data/de_group/ghz_11401/data/wind_timeseries/aligned_15min/data_process/entsoe/CLDNW-1/CLDNW-1_0.csv,CLDNW-1_0.csv
CLDNW-1,entsoe,data_process,2,/ve-remi-dmz-dmz-sh-nas01/data/de_group/ghz_11401/data/wind_timeseries/aligned_15min/data_process/entsoe/CLDNW-1/CLDNW-1_1.csv,CLDNW-1_1.csv
CLDNW-1,entsoe,data_process,3,/ve-remi-dmz-dmz-sh-nas01/data/de_group/ghz_11401/data/wind_timeseries/aligned_15min/data_process/entsoe/CLDNW-1/CLDNW-1_10.csv,CLDNW-1_10.csv
CLDNW-1,entsoe,data_process,4,/ve-remi-dmz-dmz-sh-nas01/data/de_group/ghz_11401/data/wind_timeseries/aligned_15min/data_process/entsoe/CLDNW-1/CLDNW-1_11.csv,CLDNW-1_11.csv
CLDNW-1,entsoe,data_process,5,/ve-remi-dmz-dmz-sh-nas01/data/de_group/ghz_11401/data/wind_timeseries/aligned_15min/data_process/entsoe/CLDNW-1/CLDNW-1_12.csv,CLDNW-1_12.csv
CLDNW-1,entsoe,data_process,6,/ve-remi-dmz-dmz-sh-nas01/data/de_group/ghz_11401/data/wind_timeseries/aligned_15min/data_process/entsoe/CLDNW-1/CLDNW-1_13.csv,CLDNW-1_13.csv
CLDNW-1,entsoe,data_process,7,/ve-remi-dmz-dmz-sh-nas01/data/de_group/ghz_11401/data/wind_timeseries/aligned_15min/data_process/entsoe/CLDNW-1/CLDNW-1_14.csv,CLDNW-1_14.csv
CLDNW-1,entsoe,data_process,8,/ve-remi-dmz-dmz-sh-nas01/data/de_group/ghz_11401/data/wind_timeseries/aligned_15min/data_process/entsoe/CLDNW-1/CLDNW-1_15.csv,CLDNW-1_15.csv
CLDNW-1,entsoe,data_process,9,/ve-remi-dmz-dmz-sh-nas01/data/de_group/ghz_11401/data/wind_timeseries/aligned_15min/data_process/entsoe/CLDNW-1/CLDNW-1_16.csv,CLDNW-1_16.csv
CLDNW-1,entsoe,data_process,10,/ve-remi-dmz-dmz-sh-nas01/data/de_group/ghz_11401/data/wind_timeseries/aligned_15min/data_process/entsoe/CLDNW-1/CLDNW-1_17.csv,CLDNW-1_17.csv
CLDNW-1,entsoe,data_process,11,/ve-remi-dmz-dmz-sh-nas01/data/de_group/ghz_11401/data/wind_timeseries/aligned_15min/data_process/entsoe/CLDNW-1/CLDNW-1_18.csv,CLDNW-1_18.csv
CLDNW-1,entsoe,data_process,12,/ve-remi-dmz-dmz-sh-nas01/data/de_group/ghz_11401/data/wind_timeseries/aligned_15min/data_process/entsoe/CLDNW-1/CLDNW-1_19.csv,CLDNW-1_19.csv
CLDNW-1,entsoe,data_process,13,/ve-remi-dmz-dmz-sh-nas01/data/de_group/ghz_11401/data/wind_timeseries/aligned_15min/data_process/entsoe/CLDNW-1/CLDNW-1_2.csv,CLDNW-1_2.csv
CLDNW-1,entsoe,data_process,14,/ve-remi-dmz-dmz-sh-nas01/data/de_group/ghz_11401/data/wind_timeseries/aligned_15min/data_process/entsoe/CLDNW-1/CLDNW-1_20.csv,CLDNW-1_20.csv
CLDNW-1,entsoe,data_process,15,/ve-remi-dmz-dmz-sh-nas01/data/de_group/ghz_11401/data/wind_timeseries/aligned_15min/data_process/entsoe/CLDNW-1/CLDNW-1_21.csv,CLDNW-1_21.csv
CLDNW-1,entsoe,data_process,16,/ve-remi-dmz-dmz-sh-nas01/data/de_group/ghz_11401/data/wind_timeseries/aligned_15min/data_process/entsoe/CLDNW-1/CLDNW-1_3.csv,CLDNW-1_3.csv
CLDNW-1,entsoe,data_process,17,/ve-remi-dmz-dmz-sh-nas01/data/de_group/ghz_11401/data/wind_timeseries/aligned_15min/data_process/entsoe/CLDNW-1/CLDNW-1_4.csv,CLDNW-1_4.csv
CLDNW-1,entsoe,data_process,18,/ve-remi-dmz-dmz-sh-nas01/data/de_group/ghz_11401/data/wind_timeseries/aligned_15min/data_process/entsoe/CLDNW-1/CLDNW-1_5.csv,CLDNW-1_5.csv
CLDNW-1,entsoe,data_process,19,/ve-remi-dmz-dmz-sh-nas01/data/de_group/ghz_11401/data/wind_timeseries/aligned_15min/data_process/entsoe/CLDNW-1/CLDNW-1_6.csv,CLDNW-1_6.csv
CLDNW-1,entsoe,data_process,20,/ve-remi-dmz-dmz-sh-nas01/data/de_group/ghz_11401/data/wind_timeseries/aligned_15min/data_process/entsoe/CLDNW-1/CLDNW-1_7.csv,CLDNW-1_7.csv
CLDNW-1,entsoe,data_process,21,/ve-remi-dmz-dmz-sh-nas01/data/de_group/ghz_11401/data/wind_timeseries/aligned_15min/data_process/entsoe/CLDNW-1/CLDNW-1_8.csv,CLDNW-1_8.csv
CLDNW-1,entsoe,data_process,22,/ve-remi-dmz-dmz-sh-nas01/data/de_group/ghz_11401/data/wind_timeseries/aligned_15min/data_process/entsoe/CLDNW-1/CLDNW-1_9.csv,CLDNW-1_9.csv
CLDSW-1,entsoe,aligned_segments,1,/ve-remi-dmz-dmz-sh-nas01/data/de_group/ghz_11401/data/wind_timeseries/aligned_15min/entsoe/segments/CLDSW-1_seg001.csv,CLDSW-1_seg001.csv
CLDSW-1,entsoe,aligned_segments,2,/ve-remi-dmz-dmz-sh-nas01/data/de_group/ghz_11401/data/wind_timeseries/aligned_15min/entsoe/segments/CLDSW-1_seg002.csv,CLDSW-1_seg002.csv
CLDSW-1,entsoe,aligned_segments,3,/ve-remi-dmz-dmz-sh-nas01/data/de_group/ghz_11401/data/wind_timeseries/aligned_15min/entsoe/segments/CLDSW-1_seg003.csv,CLDSW-1_seg003.csv
CLDSW-1,entsoe,aligned_segments,4,/ve-remi-dmz-dmz-sh-nas01/data/de_group/ghz_11401/data/wind_timeseries/aligned_15min/entsoe/segments/CLDSW-1_seg004.csv,CLDSW-1_seg004.csv
CLDSW-1,entsoe,aligned_segments,5,/ve-remi-dmz-dmz-sh-nas01/data/de_group/ghz_11401/data/wind_timeseries/aligned_15min/entsoe/segments/CLDSW-1_seg005.csv,CLDSW-1_seg005.csv
CLDSW-1,entsoe,aligned_segments,6,/ve-remi-dmz-dmz-sh-nas01/data/de_group/ghz_11401/data/wind_timeseries/aligned_15min/entsoe/segments/CLDSW-1_seg006.csv,CLDSW-1_seg006.csv
CLDSW-1,entsoe,aligned_segments,7,/ve-remi-dmz-dmz-sh-nas01/data/de_group/ghz_11401/data/wind_timeseries/aligned_15min/entsoe/segments/CLDSW-1_seg007.csv,CLDSW-1_seg007.csv
CLDSW-1,entsoe,aligned_segments,8,/ve-remi-dmz-dmz-sh-nas01/data/de_group/ghz_11401/data/wind_timeseries/aligned_15min/entsoe/segments/CLDSW-1_seg008.csv,CLDSW-1_seg008.csv
CLDSW-1,entsoe,aligned_segments,9,/ve-remi-dmz-dmz-sh-nas01/data/de_group/ghz_11401/data/wind_timeseries/aligned_15min/entsoe/segments/CLDSW-1_seg009.csv,CLDSW-1_seg009.csv
CLDSW-1,entsoe,aligned_segments,10,/ve-remi-dmz-dmz-sh-nas01/data/de_group/ghz_11401/data/wind_timeseries/aligned_15min/entsoe/segments/CLDSW-1_seg010.csv,CLDSW-1_seg010.csv
CLDSW-1,entsoe,aligned_segments,11,/ve-remi-dmz-dmz-sh-nas01/data/de_group/ghz_11401/data/wind_timeseries/aligned_15min/entsoe/segments/CLDSW-1_seg011.csv,CLDSW-1_seg011.csv
CLDSW-1,entsoe,aligned_segments,12,/ve-remi-dmz-dmz-sh-nas01/data/de_group/ghz_11401/data/wind_timeseries/aligned_15min/entsoe/segments/CLDSW-1_seg012.csv,CLDSW-1_seg012.csv
CLDSW-1,entsoe,aligned_segments,13,/ve-remi-dmz-dmz-sh-nas01/data/de_group/ghz_11401/data/wind_timeseries/aligned_15min/entsoe/segments/CLDSW-1_seg013.csv,CLDSW-1_seg013.csv
CLDSW-1,entsoe,aligned_segments,14,/ve-remi-dmz-dmz-sh-nas01/data/de_group/ghz_11401/data/wind_timeseries/aligned_15min/entsoe/segments/CLDSW-1_seg014.csv,CLDSW-1_seg014.csv
CLDSW-1,entsoe,aligned_segments,15,/ve-remi-dmz-dmz-sh-nas01/data/de_group/ghz_11401/data/wind_timeseries/aligned_15min/entsoe/segments/CLDSW-1_seg015.csv,CLDSW-1_seg015.csv
CLDSW-1,entsoe,aligned_segments,16,/ve-remi-dmz-dmz-sh-nas01/data/de_group/ghz_11401/data/wind_timeseries/aligned_15min/entsoe/segments/CLDSW-1_seg016.csv,CLDSW-1_seg016.csv
CLDSW-1,entsoe,aligned_segments,17,/ve-remi-dmz-dmz-sh-nas01/data/de_group/ghz_11401/data/wind_timeseries/aligned_15min/entsoe/segments/CLDSW-1_seg017.csv,CLDSW-1_seg017.csv
CLDSW-1,entsoe,aligned_segments,18,/ve-remi-dmz-dmz-sh-nas01/data/de_group/ghz_11401/data/wind_timeseries/aligned_15min/entsoe/segments/CLDSW-1_seg018.csv,CLDSW-1_seg018.csv
CLDSW-1,entsoe,aligned_segments,19,/ve-remi-dmz-dmz-sh-nas01/data/de_group/ghz_11401/data/wind_timeseries/aligned_15min/entsoe/segments/CLDSW-1_seg019.csv,CLDSW-1_seg019.csv
CLDSW-1,entsoe,aligned_segments,20,/ve-remi-dmz-dmz-sh-nas01/data/de_group/ghz_11401/data/wind_timeseries/aligned_15min/entsoe/segments/CLDSW-1_seg020.csv,CLDSW-1_seg020.csv
CLDSW-1,entsoe,aligned_segments,21,/ve-remi-dmz-dmz-sh-nas01/data/de_group/ghz_11401/data/wind_timeseries/aligned_15min/entsoe/segments/CLDSW-1_seg021.csv,CLDSW-1_seg021.csv
CLDSW-1,entsoe,aligned_segments,22,/ve-remi-dmz-dmz-sh-nas01/data/de_group/ghz_11401/data/wind_timeseries/aligned_15min/entsoe/segments/CLDSW-1_seg022.csv,CLDSW-1_seg022.csv
CLDSW-1,entsoe,aligned_segments,23,/ve-remi-dmz-dmz-sh-nas01/data/de_group/ghz_11401/data/wind_timeseries/aligned_15min/entsoe/segments/CLDSW-1_seg023.csv,CLDSW-1_seg023.csv
CLDSW-1,entsoe,aligned_segments,24,/ve-remi-dmz-dmz-sh-nas01/data/de_group/ghz_11401/data/wind_timeseries/aligned_15min/entsoe/segments/CLDSW-1_seg024.csv,CLDSW-1_seg024.csv
CLDSW-1,entsoe,aligned_segments,25,/ve-remi-dmz-dmz-sh-nas01/data/de_group/ghz_11401/data/wind_timeseries/aligned_15min/entsoe/segments/CLDSW-1_seg025.csv,CLDSW-1_seg025.csv
CLDSW-1,entsoe,aligned_segments,26,/ve-remi-dmz-dmz-sh-nas01/data/de_group/ghz_11401/data/wind_timeseries/aligned_15min/entsoe/segments/CLDSW-1_seg026.csv,CLDSW-1_seg026.csv
CLDSW-1,entsoe,aligned_segments,27,/ve-remi-dmz-dmz-sh-nas01/data/de_group/ghz_11401/data/wind_timeseries/aligned_15min/entsoe/segments/CLDSW-1_seg027.csv,CLDSW-1_seg027.csv
CLDSW-1,entsoe,aligned_segments,28,/ve-remi-dmz-dmz-sh-nas01/data/de_group/ghz_11401/data/wind_timeseries/aligned_15min/entsoe/segments/CLDSW-1_seg028.csv,CLDSW-1_seg028.csv
CLDSW-1,entsoe,aligned_segments,29,/ve-remi-dmz-dmz-sh-nas01/data/de_group/ghz_11401/data/wind_timeseries/aligned_15min/entsoe/segments/CLDSW-1_seg029.csv,CLDSW-1_seg029.csv
CLDSW-1,entsoe,aligned_segments,30,/ve-remi-dmz-dmz-sh-nas01/data/de_group/ghz_11401/data/wind_timeseries/aligned_15min/entsoe/segments/CLDSW-1_seg030.csv,CLDSW-1_seg030.csv
CLDSW-1,entsoe,aligned_segments,31,/ve-remi-dmz-dmz-sh-nas01/data/de_group/ghz_11401/data/wind_timeseries/aligned_15min/entsoe/segments/CLDSW-1_seg031.csv,CLDSW-1_seg031.csv
CLDSW-1,entsoe,aligned_segments,32,/ve-remi-dmz-dmz-sh-nas01/data/de_group/ghz_11401/data/wind_timeseries/aligned_15min/entsoe/segments/CLDSW-1_seg032.csv,CLDSW-1_seg032.csv
CLDSW-1,entsoe,aligned_segments,33,/ve-remi-dmz-dmz-sh-nas01/data/de_group/ghz_11401/data/wind_timeseries/aligned_15min/entsoe/segments/CLDSW-1_seg033.csv,CLDSW-1_seg033.csv
CLDSW-1,entsoe,aligned_segments,34,/ve-remi-dmz-dmz-sh-nas01/data/de_group/ghz_11401/data/wind_timeseries/aligned_15min/entsoe/segments/CLDSW-1_seg034.csv,CLDSW-1_seg034.csv
CLDSW-1,entsoe,aligned_segments,35,/ve-remi-dmz-dmz-sh-nas01/data/de_group/ghz_11401/data/wind_timeseries/aligned_15min/entsoe/segments/CLDSW-1_seg035.csv,CLDSW-1_seg035.csv
CLDSW-1,entsoe,aligned_segments,36,/ve-remi-dmz-dmz-sh-nas01/data/de_group/ghz_11401/data/wind_timeseries/aligned_15min/entsoe/segments/CLDSW-1_seg036.csv,CLDSW-1_seg036.csv
CLDSW-1,entsoe,aligned_segments,37,/ve-remi-dmz-dmz-sh-nas01/data/de_group/ghz_11401/data/wind_timeseries/aligned_15min/entsoe/segments/CLDSW-1_seg037.csv,CLDSW-1_seg037.csv
CLDSW-1,entsoe,aligned_segments,38,/ve-remi-dmz-dmz-sh-nas01/data/de_group/ghz_11401/data/wind_timeseries/aligned_15min/entsoe/segments/CLDSW-1_seg038.csv,CLDSW-1_seg038.csv
CLDSW-1,entsoe,aligned_segments,39,/ve-remi-dmz-dmz-sh-nas01/data/de_group/ghz_11401/data/wind_timeseries/aligned_15min/entsoe/segments/CLDSW-1_seg039.csv,CLDSW-1_seg039.csv
CLDSW-1,entsoe,aligned_segments,40,/ve-remi-dmz-dmz-sh-nas01/data/de_group/ghz_11401/data/wind_timeseries/aligned_15min/entsoe/segments/CLDSW-1_seg040.csv,CLDSW-1_seg040.csv
CLDSW-1,entsoe,aligned_segments,41,/ve-remi-dmz-dmz-sh-nas01/data/de_group/ghz_11401/data/wind_timeseries/aligned_15min/entsoe/segments/CLDSW-1_seg041.csv,CLDSW-1_seg041.csv
CLDSW-1,entsoe,aligned_segments,42,/ve-remi-dmz-dmz-sh-nas01/data/de_group/ghz_11401/data/wind_timeseries/aligned_15min/entsoe/segments/CLDSW-1_seg042.csv,CLDSW-1_seg042.csv
CLDSW-1,entsoe,aligned_segments,43,/ve-remi-dmz-dmz-sh-nas01/data/de_group/ghz_11401/data/wind_timeseries/aligned_15min/entsoe/segments/CLDSW-1_seg043.csv,CLDSW-1_seg043.csv
CLDSW-1,entsoe,aligned_segments,44,/ve-remi-dmz-dmz-sh-nas01/data/de_group/ghz_11401/data/wind_timeseries/aligned_15min/entsoe/segments/CLDSW-1_seg044.csv,CLDSW-1_seg044.csv
CLDSW-1,entsoe,aligned_segments,45,/ve-remi-dmz-dmz-sh-nas01/data/de_group/ghz_11401/data/wind_timeseries/aligned_15min/entsoe/segments/CLDSW-1_seg045.csv,CLDSW-1_seg045.csv
CLDSW-1,entsoe,aligned_segments,46,/ve-remi-dmz-dmz-sh-nas01/data/de_group/ghz_11401/data/wind_timeseries/aligned_15min/entsoe/segments/CLDSW-1_seg046.csv,CLDSW-1_seg046.csv
CLDSW-1,entsoe,aligned_segments,47,/ve-remi-dmz-dmz-sh-nas01/data/de_group/ghz_11401/data/wind_timeseries/aligned_15min/entsoe/segments/CLDSW-1_seg047.csv,CLDSW-1_seg047.csv
CLDSW-1,entsoe,aligned_segments,48,/ve-remi-dmz-dmz-sh-nas01/data/de_group/ghz_11401/data/wind_timeseries/aligned_15min/entsoe/segments/CLDSW-1_seg048.csv,CLDSW-1_seg048.csv
CLDSW-1,entsoe,aligned_segments,49,/ve-remi-dmz-dmz-sh-nas01/data/de_group/ghz_11401/data/wind_timeseries/aligned_15min/entsoe/segments/CLDSW-1_seg049.csv,CLDSW-1_seg049.csv
CLDSW-1,entsoe,aligned_segments,50,/ve-remi-dmz-dmz-sh-nas01/data/de_group/ghz_11401/data/wind_timeseries/aligned_15min/entsoe/segments/CLDSW-1_seg050.csv,CLDSW-1_seg050.csv
CLDSW-1,entsoe,aligned_segments,51,/ve-remi-dmz-dmz-sh-nas01/data/de_group/ghz_11401/data/wind_timeseries/aligned_15min/entsoe/segments/CLDSW-1_seg051.csv,CLDSW-1_seg051.csv
CLDSW-1,entsoe,aligned_segments,52,/ve-remi-dmz-dmz-sh-nas01/data/de_group/ghz_11401/data/wind_timeseries/aligned_15min/entsoe/segments/CLDSW-1_seg052.csv,CLDSW-1_seg052.csv
CLDSW-1,entsoe,aligned_segments,53,/ve-remi-dmz-dmz-sh-nas01/data/de_group/ghz_11401/data/wind_timeseries/aligned_15min/entsoe/segments/CLDSW-1_seg053.csv,CLDSW-1_seg053.csv
CLDSW-1,entsoe,aligned_segments,54,/ve-remi-dmz-dmz-sh-nas01/data/de_group/ghz_11401/data/wind_timeseries/aligned_15min/entsoe/segments/CLDSW-1_seg054.csv,CLDSW-1_seg054.csv
CLDSW-1,entsoe,aligned_segments,55,/ve-remi-dmz-dmz-sh-nas01/data/de_group/ghz_11401/data/wind_timeseries/aligned_15min/entsoe/segments/CLDSW-1_seg055.csv,CLDSW-1_seg055.csv
CLDSW-1,entsoe,aligned_segments,56,/ve-remi-dmz-dmz-sh-nas01/data/de_group/ghz_11401/data/wind_timeseries/aligned_15min/entsoe/segments/CLDSW-1_seg056.csv,CLDSW-1_seg056.csv
CLDSW-1,entsoe,aligned_segments,57,/ve-remi-dmz-dmz-sh-nas01/data/de_group/ghz_11401/data/wind_timeseries/aligned_15min/entsoe/segments/CLDSW-1_seg057.csv,CLDSW-1_seg057.csv
CLDSW-1,entsoe,aligned_segments,58,/ve-remi-dmz-dmz-sh-nas01/data/de_group/ghz_11401/data/wind_timeseries/aligned_15min/entsoe/segments/CLDSW-1_seg058.csv,CLDSW-1_seg058.csv
CLDSW-1,entsoe,aligned_segments,59,/ve-remi-dmz-dmz-sh-nas01/data/de_group/ghz_11401/data/wind_timeseries/aligned_15min/entsoe/segments/CLDSW-1_seg059.csv,CLDSW-1_seg059.csv
CLDSW-1,entsoe,aligned_segments,60,/ve-remi-dmz-dmz-sh-nas01/data/de_group/ghz_11401/data/wind_timeseries/aligned_15min/entsoe/segments/CLDSW-1_seg060.csv,CLDSW-1_seg060.csv
CLDSW-1,entsoe,aligned_segments,61,/ve-remi-dmz-dmz-sh-nas01/data/de_group/ghz_11401/data/wind_timeseries/aligned_15min/entsoe/segments/CLDSW-1_seg061.csv,CLDSW-1_seg061.csv
CLDSW-1,entsoe,aligned_segments,62,/ve-remi-dmz-dmz-sh-nas01/data/de_group/ghz_11401/data/wind_timeseries/aligned_15min/entsoe/segments/CLDSW-1_seg062.csv,CLDSW-1_seg062.csv
CLDSW-1,entsoe,aligned_segments,63,/ve-remi-dmz-dmz-sh-nas01/data/de_group/ghz_11401/data/wind_timeseries/aligned_15min/entsoe/segments/CLDSW-1_seg063.csv,CLDSW-1_seg063.csv
CLDSW-1,entsoe,aligned_segments,64,/ve-remi-dmz-dmz-sh-nas01/data/de_group/ghz_11401/data/wind_timeseries/aligned_15min/entsoe/segments/CLDSW-1_seg064.csv,CLDSW-1_seg064.csv
CLDSW-1,entsoe,aligned_segments,65,/ve-remi-dmz-dmz-sh-nas01/data/de_group/ghz_11401/data/wind_timeseries/aligned_15min/entsoe/segments/CLDSW-1_seg065.csv,CLDSW-1_seg065.csv
CLDSW-1,entsoe,aligned_segments,66,/ve-remi-dmz-dmz-sh-nas01/data/de_group/ghz_11401/data/wind_timeseries/aligned_15min/entsoe/segments/CLDSW-1_seg066.csv,CLDSW-1_seg066.csv
CLDSW-1,entsoe,aligned_segments,67,/ve-remi-dmz-dmz-sh-nas01/data/de_group/ghz_11401/data/wind_timeseries/aligned_15min/entsoe/segments/CLDSW-1_seg067.csv,CLDSW-1_seg067.csv
CLDSW-1,entsoe,aligned_segments,68,/ve-remi-dmz-dmz-sh-nas01/data/de_group/ghz_11401/data/wind_timeseries/aligned_15min/entsoe/segments/CLDSW-1_seg068.csv,CLDSW-1_seg068.csv
CLDSW-1,entsoe,aligned_segments,69,/ve-remi-dmz-dmz-sh-nas01/data/de_group/ghz_11401/data/wind_timeseries/aligned_15min/entsoe/segments/CLDSW-1_seg069.csv,CLDSW-1_seg069.csv
CLDSW-1,entsoe,aligned_segments,70,/ve-remi-dmz-dmz-sh-nas01/data/de_group/ghz_11401/data/wind_timeseries/aligned_15min/entsoe/segments/CLDSW-1_seg070.csv,CLDSW-1_seg070.csv
CLDSW-1,entsoe,aligned_segments,71,/ve-remi-dmz-dmz-sh-nas01/data/de_group/ghz_11401/data/wind_timeseries/aligned_15min/entsoe/segments/CLDSW-1_seg071.csv,CLDSW-1_seg071.csv
CLDSW-1,entsoe,aligned_segments,72,/ve-remi-dmz-dmz-sh-nas01/data/de_group/ghz_11401/data/wind_timeseries/aligned_15min/entsoe/segments/CLDSW-1_seg072.csv,CLDSW-1_seg072.csv
CLDSW-1,entsoe,aligned_segments,73,/ve-remi-dmz-dmz-sh-nas01/data/de_group/ghz_11401/data/wind_timeseries/aligned_15min/entsoe/segments/CLDSW-1_seg073.csv,CLDSW-1_seg073.csv
CLDSW-1,entsoe,aligned_segments,74,/ve-remi-dmz-dmz-sh-nas01/data/de_group/ghz_11401/data/wind_timeseries/aligned_15min/entsoe/segments/CLDSW-1_seg074.csv,CLDSW-1_seg074.csv
CLDSW-1,entsoe,aligned_segments,75,/ve-remi-dmz-dmz-sh-nas01/data/de_group/ghz_11401/data/wind_timeseries/aligned_15min/entsoe/segments/CLDSW-1_seg075.csv,CLDSW-1_seg075.csv
CLDSW-1,entsoe,aligned_segments,76,/ve-remi-dmz-dmz-sh-nas01/data/de_group/ghz_11401/data/wind_timeseries/aligned_15min/entsoe/segments/CLDSW-1_seg076.csv,CLDSW-1_seg076.csv
CLDSW-1,entsoe,aligned_segments,77,/ve-remi-dmz-dmz-sh-nas01/data/de_group/ghz_11401/data/wind_timeseries/aligned_15min/entsoe/segments/CLDSW-1_seg077.csv,CLDSW-1_seg077.csv
CLDSW-1,entsoe,aligned_segments,78,/ve-remi-dmz-dmz-sh-nas01/data/de_group/ghz_11401/data/wind_timeseries/aligned_15min/entsoe/segments/CLDSW-1_seg078.csv,CLDSW-1_seg078.csv
CLDSW-1,entsoe,aligned_segments,79,/ve-remi-dmz-dmz-sh-nas01/data/de_group/ghz_11401/data/wind_timeseries/aligned_15min/entsoe/segments/CLDSW-1_seg079.csv,CLDSW-1_seg079.csv
CLDSW-1,entsoe,aligned_segments,80,/ve-remi-dmz-dmz-sh-nas01/data/de_group/ghz_11401/data/wind_timeseries/aligned_15min/entsoe/segments/CLDSW-1_seg080.csv,CLDSW-1_seg080.csv
CLDSW-1,entsoe,aligned_segments,81,/ve-remi-dmz-dmz-sh-nas01/data/de_group/ghz_11401/data/wind_timeseries/aligned_15min/entsoe/segments/CLDSW-1_seg081.csv,CLDSW-1_seg081.csv
CLDSW-1,entsoe,aligned_segments,82,/ve-remi-dmz-dmz-sh-nas01/data/de_group/ghz_11401/data/wind_timeseries/aligned_15min/entsoe/segments/CLDSW-1_seg082.csv,CLDSW-1_seg082.csv
CLDSW-1,entsoe,aligned_segments,83,/ve-remi-dmz-dmz-sh-nas01/data/de_group/ghz_11401/data/wind_timeseries/aligned_15min/entsoe/segments/CLDSW-1_seg083.csv,CLDSW-1_seg083.csv
CLDSW-1,entsoe,aligned_segments,84,/ve-remi-dmz-dmz-sh-nas01/data/de_group/ghz_11401/data/wind_timeseries/aligned_15min/entsoe/segments/CLDSW-1_seg084.csv,CLDSW-1_seg084.csv
CLDSW-1,entsoe,aligned_segments,85,/ve-remi-dmz-dmz-sh-nas01/data/de_group/ghz_11401/data/wind_timeseries/aligned_15min/entsoe/segments/CLDSW-1_seg085.csv,CLDSW-1_seg085.csv
CLDSW-1,entsoe,aligned_segments,86,/ve-remi-dmz-dmz-sh-nas01/data/de_group/ghz_11401/data/wind_timeseries/aligned_15min/entsoe/segments/CLDSW-1_seg086.csv,CLDSW-1_seg086.csv
CLDSW-1,entsoe,aligned_segments,87,/ve-remi-dmz-dmz-sh-nas01/data/de_group/ghz_11401/data/wind_timeseries/aligned_15min/entsoe/segments/CLDSW-1_seg087.csv,CLDSW-1_seg087.csv
CLDSW-1,entsoe,aligned_segments,88,/ve-remi-dmz-dmz-sh-nas01/data/de_group/ghz_11401/data/wind_timeseries/aligned_15min/entsoe/segments/CLDSW-1_seg088.csv,CLDSW-1_seg088.csv
CLDSW-1,entsoe,aligned_segments,89,/ve-remi-dmz-dmz-sh-nas01/data/de_group/ghz_11401/data/wind_timeseries/aligned_15min/entsoe/segments/CLDSW-1_seg089.csv,CLDSW-1_seg089.csv
CLDSW-1,entsoe,aligned_segments,90,/ve-remi-dmz-dmz-sh-nas01/data/de_group/ghz_11401/data/wind_timeseries/aligned_15min/entsoe/segments/CLDSW-1_seg090.csv,CLDSW-1_seg090.csv
CLDSW-1,entsoe,aligned_segments,91,/ve-remi-dmz-dmz-sh-nas01/data/de_group/ghz_11401/data/wind_timeseries/aligned_15min/entsoe/segments/CLDSW-1_seg091.csv,CLDSW-1_seg091.csv
CLDSW-1,entsoe,aligned_segments,92,/ve-remi-dmz-dmz-sh-nas01/data/de_group/ghz_11401/data/wind_timeseries/aligned_15min/entsoe/segments/CLDSW-1_seg092.csv,CLDSW-1_seg092.csv
CLDSW-1,entsoe,aligned_segments,93,/ve-remi-dmz-dmz-sh-nas01/data/de_group/ghz_11401/data/wind_timeseries/aligned_15min/entsoe/segments/CLDSW-1_seg093.csv,CLDSW-1_seg093.csv
CLDSW-1,entsoe,aligned_segments,94,/ve-remi-dmz-dmz-sh-nas01/data/de_group/ghz_11401/data/wind_timeseries/aligned_15min/entsoe/segments/CLDSW-1_seg094.csv,CLDSW-1_seg094.csv
CLDSW-1,entsoe,aligned_segments,95,/ve-remi-dmz-dmz-sh-nas01/data/de_group/ghz_11401/data/wind_timeseries/aligned_15min/entsoe/segments/CLDSW-1_seg095.csv,CLDSW-1_seg095.csv
CLDSW-1,entsoe,aligned_segments,96,/ve-remi-dmz-dmz-sh-nas01/data/de_group/ghz_11401/data/wind_timeseries/aligned_15min/entsoe/segments/CLDSW-1_seg096.csv,CLDSW-1_seg096.csv
CLDSW-1,entsoe,aligned_segments,97,/ve-remi-dmz-dmz-sh-nas01/data/de_group/ghz_11401/data/wind_timeseries/aligned_15min/entsoe/segments/CLDSW-1_seg097.csv,CLDSW-1_seg097.csv
CLDSW-1,entsoe,aligned_segments,98,/ve-remi-dmz-dmz-sh-nas01/data/de_group/ghz_11401/data/wind_timeseries/aligned_15min/entsoe/segments/CLDSW-1_seg098.csv,CLDSW-1_seg098.csv
CLDSW-1,entsoe,aligned_segments,99,/ve-remi-dmz-dmz-sh-nas01/data/de_group/ghz_11401/data/wind_timeseries/aligned_15min/entsoe/segments/CLDSW-1_seg099.csv,CLDSW-1_seg099.csv
CLDSW-1,entsoe,aligned_segments,100,/ve-remi-dmz-dmz-sh-nas01/data/de_group/ghz_11401/data/wind_timeseries/aligned_15min/entsoe/segments/CLDSW-1_seg100.csv,CLDSW-1_seg100.csv
CLDSW-1,entsoe,aligned_segments,101,/ve-remi-dmz-dmz-sh-nas01/data/de_group/ghz_11401/data/wind_timeseries/aligned_15min/entsoe/segments/CLDSW-1_seg101.csv,CLDSW-1_seg101.csv
CLDSW-1,entsoe,aligned_segments,102,/ve-remi-dmz-dmz-sh-nas01/data/de_group/ghz_11401/data/wind_timeseries/aligned_15min/entsoe/segments/CLDSW-1_seg102.csv,CLDSW-1_seg102.csv
CLDSW-1,entsoe,aligned_segments,103,/ve-remi-dmz-dmz-sh-nas01/data/de_group/ghz_11401/data/wind_timeseries/aligned_15min/entsoe/segments/CLDSW-1_seg103.csv,CLDSW-1_seg103.csv
CLDSW-1,entsoe,aligned_segments,104,/ve-remi-dmz-dmz-sh-nas01/data/de_group/ghz_11401/data/wind_timeseries/aligned_15min/entsoe/segments/CLDSW-1_seg104.csv,CLDSW-1_seg104.csv
CLDSW-1,entsoe,aligned_segments,105,/ve-remi-dmz-dmz-sh-nas01/data/de_group/ghz_11401/data/wind_timeseries/aligned_15min/entsoe/segments/CLDSW-1_seg105.csv,CLDSW-1_seg105.csv
CLDSW-1,entsoe,aligned_segments,106,/ve-remi-dmz-dmz-sh-nas01/data/de_group/ghz_11401/data/wind_timeseries/aligned_15min/entsoe/segments/CLDSW-1_seg106.csv,CLDSW-1_seg106.csv
CLDSW-1,entsoe,aligned_segments,107,/ve-remi-dmz-dmz-sh-nas01/data/de_group/ghz_11401/data/wind_timeseries/aligned_15min/entsoe/segments/CLDSW-1_seg107.csv,CLDSW-1_seg107.csv
CLDSW-1,entsoe,data_process,1,/ve-remi-dmz-dmz-sh-nas01/data/de_group/ghz_11401/data/wind_timeseries/aligned_15min/data_process/entsoe/CLDSW-1/CLDSW-1_0.csv,CLDSW-1_0.csv
CLDSW-1,entsoe,data_process,2,/ve-remi-dmz-dmz-sh-nas01/data/de_group/ghz_11401/data/wind_timeseries/aligned_15min/data_process/entsoe/CLDSW-1/CLDSW-1_1.csv,CLDSW-1_1.csv
CLDSW-1,entsoe,data_process,3,/ve-remi-dmz-dmz-sh-nas01/data/de_group/ghz_11401/data/wind_timeseries/aligned_15min/data_process/entsoe/CLDSW-1/CLDSW-1_10.csv,CLDSW-1_10.csv
CLDSW-1,entsoe,data_process,4,/ve-remi-dmz-dmz-sh-nas01/data/de_group/ghz_11401/data/wind_timeseries/aligned_15min/data_process/entsoe/CLDSW-1/CLDSW-1_11.csv,CLDSW-1_11.csv
CLDSW-1,entsoe,data_process,5,/ve-remi-dmz-dmz-sh-nas01/data/de_group/ghz_11401/data/wind_timeseries/aligned_15min/data_process/entsoe/CLDSW-1/CLDSW-1_12.csv,CLDSW-1_12.csv
CLDSW-1,entsoe,data_process,6,/ve-remi-dmz-dmz-sh-nas01/data/de_group/ghz_11401/data/wind_timeseries/aligned_15min/data_process/entsoe/CLDSW-1/CLDSW-1_13.csv,CLDSW-1_13.csv
CLDSW-1,entsoe,data_process,7,/ve-remi-dmz-dmz-sh-nas01/data/de_group/ghz_11401/data/wind_timeseries/aligned_15min/data_process/entsoe/CLDSW-1/CLDSW-1_14.csv,CLDSW-1_14.csv
CLDSW-1,entsoe,data_process,8,/ve-remi-dmz-dmz-sh-nas01/data/de_group/ghz_11401/data/wind_timeseries/aligned_15min/data_process/entsoe/CLDSW-1/CLDSW-1_15.csv,CLDSW-1_15.csv
CLDSW-1,entsoe,data_process,9,/ve-remi-dmz-dmz-sh-nas01/data/de_group/ghz_11401/data/wind_timeseries/aligned_15min/data_process/entsoe/CLDSW-1/CLDSW-1_16.csv,CLDSW-1_16.csv
CLDSW-1,entsoe,data_process,10,/ve-remi-dmz-dmz-sh-nas01/data/de_group/ghz_11401/data/wind_timeseries/aligned_15min/data_process/entsoe/CLDSW-1/CLDSW-1_17.csv,CLDSW-1_17.csv
CLDSW-1,entsoe,data_process,11,/ve-remi-dmz-dmz-sh-nas01/data/de_group/ghz_11401/data/wind_timeseries/aligned_15min/data_process/entsoe/CLDSW-1/CLDSW-1_18.csv,CLDSW-1_18.csv
CLDSW-1,entsoe,data_process,12,/ve-remi-dmz-dmz-sh-nas01/data/de_group/ghz_11401/data/wind_timeseries/aligned_15min/data_process/entsoe/CLDSW-1/CLDSW-1_19.csv,CLDSW-1_19.csv
CLDSW-1,entsoe,data_process,13,/ve-remi-dmz-dmz-sh-nas01/data/de_group/ghz_11401/data/wind_timeseries/aligned_15min/data_process/entsoe/CLDSW-1/CLDSW-1_2.csv,CLDSW-1_2.csv
CLDSW-1,entsoe,data_process,14,/ve-remi-dmz-dmz-sh-nas01/data/de_group/ghz_11401/data/wind_timeseries/aligned_15min/data_process/entsoe/CLDSW-1/CLDSW-1_20.csv,CLDSW-1_20.csv
CLDSW-1,entsoe,data_process,15,/ve-remi-dmz-dmz-sh-nas01/data/de_group/ghz_11401/data/wind_timeseries/aligned_15min/data_process/entsoe/CLDSW-1/CLDSW-1_21.csv,CLDSW-1_21.csv
CLDSW-1,entsoe,data_process,16,/ve-remi-dmz-dmz-sh-nas01/data/de_group/ghz_11401/data/wind_timeseries/aligned_15min/data_process/entsoe/CLDSW-1/CLDSW-1_3.csv,CLDSW-1_3.csv
CLDSW-1,entsoe,data_process,17,/ve-remi-dmz-dmz-sh-nas01/data/de_group/ghz_11401/data/wind_timeseries/aligned_15min/data_process/entsoe/CLDSW-1/CLDSW-1_4.csv,CLDSW-1_4.csv
CLDSW-1,entsoe,data_process,18,/ve-remi-dmz-dmz-sh-nas01/data/de_group/ghz_11401/data/wind_timeseries/aligned_15min/data_process/entsoe/CLDSW-1/CLDSW-1_5.csv,CLDSW-1_5.csv
CLDSW-1,entsoe,data_process,19,/ve-remi-dmz-dmz-sh-nas01/data/de_group/ghz_11401/data/wind_timeseries/aligned_15min/data_process/entsoe/CLDSW-1/CLDSW-1_6.csv,CLDSW-1_6.csv
CLDSW-1,entsoe,data_process,20,/ve-remi-dmz-dmz-sh-nas01/data/de_group/ghz_11401/data/wind_timeseries/aligned_15min/data_process/entsoe/CLDSW-1/CLDSW-1_7.csv,CLDSW-1_7.csv
CLDSW-1,entsoe,data_process,21,/ve-remi-dmz-dmz-sh-nas01/data/de_group/ghz_11401/data/wind_timeseries/aligned_15min/data_process/entsoe/CLDSW-1/CLDSW-1_8.csv,CLDSW-1_8.csv
CLDSW-1,entsoe,data_process,22,/ve-remi-dmz-dmz-sh-nas01/data/de_group/ghz_11401/data/wind_timeseries/aligned_15min/data_process/entsoe/CLDSW-1/CLDSW-1_9.csv,CLDSW-1_9.csv
CLEMGPWF,aemo,aligned_segments,1,/ve-remi-dmz-dmz-sh-nas01/data/de_group/ghz_11401/data/wind_timeseries/aligned_15min/aemo/segments/CLEMGPWF_seg001.csv,CLEMGPWF_seg001.csv
CLEMGPWF,aemo,data_process,1,/ve-remi-dmz-dmz-sh-nas01/data/de_group/ghz_11401/data/wind_timeseries/aligned_15min/data_process/aemo/CLEMGPWF/CLEMGPWF_seg001.csv,CLEMGPWF_seg001.csv
CNUNDAWF,aemo,aligned_segments,1,/ve-remi-dmz-dmz-sh-nas01/data/de_group/ghz_11401/data/wind_timeseries/aligned_15min/aemo/segments/CNUNDAWF_seg001.csv,CNUNDAWF_seg001.csv
CNUNDAWF,aemo,data_process,1,/ve-remi-dmz-dmz-sh-nas01/data/de_group/ghz_11401/data/wind_timeseries/aligned_15min/data_process/aemo/CNUNDAWF/CNUNDAWF_seg001.csv,CNUNDAWF_seg001.csv
CULLRGWF,aemo,aligned_segments,1,/ve-remi-dmz-dmz-sh-nas01/data/de_group/ghz_11401/data/wind_timeseries/aligned_15min/aemo/segments/CULLRGWF_seg001.csv,CULLRGWF_seg001.csv
CULLRGWF,aemo,data_process,1,/ve-remi-dmz-dmz-sh-nas01/data/de_group/ghz_11401/data/wind_timeseries/aligned_15min/data_process/aemo/CULLRGWF/CULLRGWF_seg001.csv,CULLRGWF_seg001.csv
DK_KF_AB_GU,entsoe,aligned_segments,1,/ve-remi-dmz-dmz-sh-nas01/data/de_group/ghz_11401/data/wind_timeseries/aligned_15min/entsoe/segments/DK_KF_AB_GU_seg001.csv,DK_KF_AB_GU_seg001.csv
DK_KF_AB_GU,entsoe,aligned_segments,2,/ve-remi-dmz-dmz-sh-nas01/data/de_group/ghz_11401/data/wind_timeseries/aligned_15min/entsoe/segments/DK_KF_AB_GU_seg002.csv,DK_KF_AB_GU_seg002.csv
DK_KF_AB_GU,entsoe,aligned_segments,3,/ve-remi-dmz-dmz-sh-nas01/data/de_group/ghz_11401/data/wind_timeseries/aligned_15min/entsoe/segments/DK_KF_AB_GU_seg003.csv,DK_KF_AB_GU_seg003.csv
DK_KF_AB_GU,entsoe,aligned_segments,4,/ve-remi-dmz-dmz-sh-nas01/data/de_group/ghz_11401/data/wind_timeseries/aligned_15min/entsoe/segments/DK_KF_AB_GU_seg004.csv,DK_KF_AB_GU_seg004.csv
DK_KF_AB_GU,entsoe,aligned_segments,5,/ve-remi-dmz-dmz-sh-nas01/data/de_group/ghz_11401/data/wind_timeseries/aligned_15min/entsoe/segments/DK_KF_AB_GU_seg005.csv,DK_KF_AB_GU_seg005.csv
DK_KF_AB_GU,entsoe,aligned_segments,6,/ve-remi-dmz-dmz-sh-nas01/data/de_group/ghz_11401/data/wind_timeseries/aligned_15min/entsoe/segments/DK_KF_AB_GU_seg006.csv,DK_KF_AB_GU_seg006.csv
DK_KF_AB_GU,entsoe,aligned_segments,7,/ve-remi-dmz-dmz-sh-nas01/data/de_group/ghz_11401/data/wind_timeseries/aligned_15min/entsoe/segments/DK_KF_AB_GU_seg007.csv,DK_KF_AB_GU_seg007.csv
DK_KF_AB_GU,entsoe,data_process,1,/ve-remi-dmz-dmz-sh-nas01/data/de_group/ghz_11401/data/wind_timeseries/aligned_15min/data_process/entsoe/DK_KF_AB_GU/DK_KF_AB_GU_0.csv,DK_KF_AB_GU_0.csv
GRGBW-1,entsoe,aligned_segments,1,/ve-remi-dmz-dmz-sh-nas01/data/de_group/ghz_11401/data/wind_timeseries/aligned_15min/entsoe/segments/GRGBW-1_seg001.csv,GRGBW-1_seg001.csv
GRGBW-1,entsoe,aligned_segments,2,/ve-remi-dmz-dmz-sh-nas01/data/de_group/ghz_11401/data/wind_timeseries/aligned_15min/entsoe/segments/GRGBW-1_seg002.csv,GRGBW-1_seg002.csv
GRGBW-1,entsoe,aligned_segments,3,/ve-remi-dmz-dmz-sh-nas01/data/de_group/ghz_11401/data/wind_timeseries/aligned_15min/entsoe/segments/GRGBW-1_seg003.csv,GRGBW-1_seg003.csv
GRGBW-1,entsoe,aligned_segments,4,/ve-remi-dmz-dmz-sh-nas01/data/de_group/ghz_11401/data/wind_timeseries/aligned_15min/entsoe/segments/GRGBW-1_seg004.csv,GRGBW-1_seg004.csv
GRGBW-1,entsoe,aligned_segments,5,/ve-remi-dmz-dmz-sh-nas01/data/de_group/ghz_11401/data/wind_timeseries/aligned_15min/entsoe/segments/GRGBW-1_seg005.csv,GRGBW-1_seg005.csv
GRGBW-1,entsoe,aligned_segments,6,/ve-remi-dmz-dmz-sh-nas01/data/de_group/ghz_11401/data/wind_timeseries/aligned_15min/entsoe/segments/GRGBW-1_seg006.csv,GRGBW-1_seg006.csv
GRGBW-1,entsoe,aligned_segments,7,/ve-remi-dmz-dmz-sh-nas01/data/de_group/ghz_11401/data/wind_timeseries/aligned_15min/entsoe/segments/GRGBW-1_seg007.csv,GRGBW-1_seg007.csv
GRGBW-1,entsoe,aligned_segments,8,/ve-remi-dmz-dmz-sh-nas01/data/de_group/ghz_11401/data/wind_timeseries/aligned_15min/entsoe/segments/GRGBW-1_seg008.csv,GRGBW-1_seg008.csv
GRGBW-1,entsoe,aligned_segments,9,/ve-remi-dmz-dmz-sh-nas01/data/de_group/ghz_11401/data/wind_timeseries/aligned_15min/entsoe/segments/GRGBW-1_seg009.csv,GRGBW-1_seg009.csv
GRGBW-1,entsoe,aligned_segments,10,/ve-remi-dmz-dmz-sh-nas01/data/de_group/ghz_11401/data/wind_timeseries/aligned_15min/entsoe/segments/GRGBW-1_seg010.csv,GRGBW-1_seg010.csv
GRGBW-1,entsoe,aligned_segments,11,/ve-remi-dmz-dmz-sh-nas01/data/de_group/ghz_11401/data/wind_timeseries/aligned_15min/entsoe/segments/GRGBW-1_seg011.csv,GRGBW-1_seg011.csv
GRGBW-1,entsoe,aligned_segments,12,/ve-remi-dmz-dmz-sh-nas01/data/de_group/ghz_11401/data/wind_timeseries/aligned_15min/entsoe/segments/GRGBW-1_seg012.csv,GRGBW-1_seg012.csv
GRGBW-1,entsoe,aligned_segments,13,/ve-remi-dmz-dmz-sh-nas01/data/de_group/ghz_11401/data/wind_timeseries/aligned_15min/entsoe/segments/GRGBW-1_seg013.csv,GRGBW-1_seg013.csv
GRGBW-1,entsoe,aligned_segments,14,/ve-remi-dmz-dmz-sh-nas01/data/de_group/ghz_11401/data/wind_timeseries/aligned_15min/entsoe/segments/GRGBW-1_seg014.csv,GRGBW-1_seg014.csv
GRGBW-1,entsoe,aligned_segments,15,/ve-remi-dmz-dmz-sh-nas01/data/de_group/ghz_11401/data/wind_timeseries/aligned_15min/entsoe/segments/GRGBW-1_seg015.csv,GRGBW-1_seg015.csv
GRGBW-1,entsoe,aligned_segments,16,/ve-remi-dmz-dmz-sh-nas01/data/de_group/ghz_11401/data/wind_timeseries/aligned_15min/entsoe/segments/GRGBW-1_seg016.csv,GRGBW-1_seg016.csv
GRGBW-1,entsoe,aligned_segments,17,/ve-remi-dmz-dmz-sh-nas01/data/de_group/ghz_11401/data/wind_timeseries/aligned_15min/entsoe/segments/GRGBW-1_seg017.csv,GRGBW-1_seg017.csv
GRGBW-1,entsoe,aligned_segments,18,/ve-remi-dmz-dmz-sh-nas01/data/de_group/ghz_11401/data/wind_timeseries/aligned_15min/entsoe/segments/GRGBW-1_seg018.csv,GRGBW-1_seg018.csv
GRGBW-1,entsoe,aligned_segments,19,/ve-remi-dmz-dmz-sh-nas01/data/de_group/ghz_11401/data/wind_timeseries/aligned_15min/entsoe/segments/GRGBW-1_seg019.csv,GRGBW-1_seg019.csv
GRGBW-1,entsoe,aligned_segments,20,/ve-remi-dmz-dmz-sh-nas01/data/de_group/ghz_11401/data/wind_timeseries/aligned_15min/entsoe/segments/GRGBW-1_seg020.csv,GRGBW-1_seg020.csv
GRGBW-1,entsoe,aligned_segments,21,/ve-remi-dmz-dmz-sh-nas01/data/de_group/ghz_11401/data/wind_timeseries/aligned_15min/entsoe/segments/GRGBW-1_seg021.csv,GRGBW-1_seg021.csv
GRGBW-1,entsoe,aligned_segments,22,/ve-remi-dmz-dmz-sh-nas01/data/de_group/ghz_11401/data/wind_timeseries/aligned_15min/entsoe/segments/GRGBW-1_seg022.csv,GRGBW-1_seg022.csv
GRGBW-1,entsoe,aligned_segments,23,/ve-remi-dmz-dmz-sh-nas01/data/de_group/ghz_11401/data/wind_timeseries/aligned_15min/entsoe/segments/GRGBW-1_seg023.csv,GRGBW-1_seg023.csv
GRGBW-1,entsoe,aligned_segments,24,/ve-remi-dmz-dmz-sh-nas01/data/de_group/ghz_11401/data/wind_timeseries/aligned_15min/entsoe/segments/GRGBW-1_seg024.csv,GRGBW-1_seg024.csv
GRGBW-1,entsoe,aligned_segments,25,/ve-remi-dmz-dmz-sh-nas01/data/de_group/ghz_11401/data/wind_timeseries/aligned_15min/entsoe/segments/GRGBW-1_seg025.csv,GRGBW-1_seg025.csv
GRGBW-1,entsoe,aligned_segments,26,/ve-remi-dmz-dmz-sh-nas01/data/de_group/ghz_11401/data/wind_timeseries/aligned_15min/entsoe/segments/GRGBW-1_seg026.csv,GRGBW-1_seg026.csv
GRGBW-1,entsoe,aligned_segments,27,/ve-remi-dmz-dmz-sh-nas01/data/de_group/ghz_11401/data/wind_timeseries/aligned_15min/entsoe/segments/GRGBW-1_seg027.csv,GRGBW-1_seg027.csv
GRGBW-1,entsoe,aligned_segments,28,/ve-remi-dmz-dmz-sh-nas01/data/de_group/ghz_11401/data/wind_timeseries/aligned_15min/entsoe/segments/GRGBW-1_seg028.csv,GRGBW-1_seg028.csv
GRGBW-1,entsoe,aligned_segments,29,/ve-remi-dmz-dmz-sh-nas01/data/de_group/ghz_11401/data/wind_timeseries/aligned_15min/entsoe/segments/GRGBW-1_seg029.csv,GRGBW-1_seg029.csv
GRGBW-1,entsoe,aligned_segments,30,/ve-remi-dmz-dmz-sh-nas01/data/de_group/ghz_11401/data/wind_timeseries/aligned_15min/entsoe/segments/GRGBW-1_seg030.csv,GRGBW-1_seg030.csv
GRGBW-1,entsoe,aligned_segments,31,/ve-remi-dmz-dmz-sh-nas01/data/de_group/ghz_11401/data/wind_timeseries/aligned_15min/entsoe/segments/GRGBW-1_seg031.csv,GRGBW-1_seg031.csv
GRGBW-1,entsoe,aligned_segments,32,/ve-remi-dmz-dmz-sh-nas01/data/de_group/ghz_11401/data/wind_timeseries/aligned_15min/entsoe/segments/GRGBW-1_seg032.csv,GRGBW-1_seg032.csv
GRGBW-1,entsoe,aligned_segments,33,/ve-remi-dmz-dmz-sh-nas01/data/de_group/ghz_11401/data/wind_timeseries/aligned_15min/entsoe/segments/GRGBW-1_seg033.csv,GRGBW-1_seg033.csv
GRGBW-1,entsoe,aligned_segments,34,/ve-remi-dmz-dmz-sh-nas01/data/de_group/ghz_11401/data/wind_timeseries/aligned_15min/entsoe/segments/GRGBW-1_seg034.csv,GRGBW-1_seg034.csv
GRGBW-1,entsoe,aligned_segments,35,/ve-remi-dmz-dmz-sh-nas01/data/de_group/ghz_11401/data/wind_timeseries/aligned_15min/entsoe/segments/GRGBW-1_seg035.csv,GRGBW-1_seg035.csv
GRGBW-1,entsoe,aligned_segments,36,/ve-remi-dmz-dmz-sh-nas01/data/de_group/ghz_11401/data/wind_timeseries/aligned_15min/entsoe/segments/GRGBW-1_seg036.csv,GRGBW-1_seg036.csv
GRGBW-1,entsoe,aligned_segments,37,/ve-remi-dmz-dmz-sh-nas01/data/de_group/ghz_11401/data/wind_timeseries/aligned_15min/entsoe/segments/GRGBW-1_seg037.csv,GRGBW-1_seg037.csv
GRGBW-1,entsoe,aligned_segments,38,/ve-remi-dmz-dmz-sh-nas01/data/de_group/ghz_11401/data/wind_timeseries/aligned_15min/entsoe/segments/GRGBW-1_seg038.csv,GRGBW-1_seg038.csv
GRGBW-1,entsoe,aligned_segments,39,/ve-remi-dmz-dmz-sh-nas01/data/de_group/ghz_11401/data/wind_timeseries/aligned_15min/entsoe/segments/GRGBW-1_seg039.csv,GRGBW-1_seg039.csv
GRGBW-1,entsoe,aligned_segments,40,/ve-remi-dmz-dmz-sh-nas01/data/de_group/ghz_11401/data/wind_timeseries/aligned_15min/entsoe/segments/GRGBW-1_seg040.csv,GRGBW-1_seg040.csv
GRGBW-1,entsoe,aligned_segments,41,/ve-remi-dmz-dmz-sh-nas01/data/de_group/ghz_11401/data/wind_timeseries/aligned_15min/entsoe/segments/GRGBW-1_seg041.csv,GRGBW-1_seg041.csv
GRGBW-1,entsoe,aligned_segments,42,/ve-remi-dmz-dmz-sh-nas01/data/de_group/ghz_11401/data/wind_timeseries/aligned_15min/entsoe/segments/GRGBW-1_seg042.csv,GRGBW-1_seg042.csv
GRGBW-1,entsoe,aligned_segments,43,/ve-remi-dmz-dmz-sh-nas01/data/de_group/ghz_11401/data/wind_timeseries/aligned_15min/entsoe/segments/GRGBW-1_seg043.csv,GRGBW-1_seg043.csv
GRGBW-1,entsoe,aligned_segments,44,/ve-remi-dmz-dmz-sh-nas01/data/de_group/ghz_11401/data/wind_timeseries/aligned_15min/entsoe/segments/GRGBW-1_seg044.csv,GRGBW-1_seg044.csv
GRGBW-1,entsoe,aligned_segments,45,/ve-remi-dmz-dmz-sh-nas01/data/de_group/ghz_11401/data/wind_timeseries/aligned_15min/entsoe/segments/GRGBW-1_seg045.csv,GRGBW-1_seg045.csv
GRGBW-1,entsoe,aligned_segments,46,/ve-remi-dmz-dmz-sh-nas01/data/de_group/ghz_11401/data/wind_timeseries/aligned_15min/entsoe/segments/GRGBW-1_seg046.csv,GRGBW-1_seg046.csv
GRGBW-1,entsoe,aligned_segments,47,/ve-remi-dmz-dmz-sh-nas01/data/de_group/ghz_11401/data/wind_timeseries/aligned_15min/entsoe/segments/GRGBW-1_seg047.csv,GRGBW-1_seg047.csv
GRGBW-1,entsoe,aligned_segments,48,/ve-remi-dmz-dmz-sh-nas01/data/de_group/ghz_11401/data/wind_timeseries/aligned_15min/entsoe/segments/GRGBW-1_seg048.csv,GRGBW-1_seg048.csv
GRGBW-1,entsoe,aligned_segments,49,/ve-remi-dmz-dmz-sh-nas01/data/de_group/ghz_11401/data/wind_timeseries/aligned_15min/entsoe/segments/GRGBW-1_seg049.csv,GRGBW-1_seg049.csv
GRGBW-1,entsoe,aligned_segments,50,/ve-remi-dmz-dmz-sh-nas01/data/de_group/ghz_11401/data/wind_timeseries/aligned_15min/entsoe/segments/GRGBW-1_seg050.csv,GRGBW-1_seg050.csv
GRGBW-1,entsoe,aligned_segments,51,/ve-remi-dmz-dmz-sh-nas01/data/de_group/ghz_11401/data/wind_timeseries/aligned_15min/entsoe/segments/GRGBW-1_seg051.csv,GRGBW-1_seg051.csv
GRGBW-1,entsoe,aligned_segments,52,/ve-remi-dmz-dmz-sh-nas01/data/de_group/ghz_11401/data/wind_timeseries/aligned_15min/entsoe/segments/GRGBW-1_seg052.csv,GRGBW-1_seg052.csv
GRGBW-1,entsoe,aligned_segments,53,/ve-remi-dmz-dmz-sh-nas01/data/de_group/ghz_11401/data/wind_timeseries/aligned_15min/entsoe/segments/GRGBW-1_seg053.csv,GRGBW-1_seg053.csv
GRGBW-1,entsoe,aligned_segments,54,/ve-remi-dmz-dmz-sh-nas01/data/de_group/ghz_11401/data/wind_timeseries/aligned_15min/entsoe/segments/GRGBW-1_seg054.csv,GRGBW-1_seg054.csv
GRGBW-1,entsoe,aligned_segments,55,/ve-remi-dmz-dmz-sh-nas01/data/de_group/ghz_11401/data/wind_timeseries/aligned_15min/entsoe/segments/GRGBW-1_seg055.csv,GRGBW-1_seg055.csv
GRGBW-1,entsoe,aligned_segments,56,/ve-remi-dmz-dmz-sh-nas01/data/de_group/ghz_11401/data/wind_timeseries/aligned_15min/entsoe/segments/GRGBW-1_seg056.csv,GRGBW-1_seg056.csv
GRGBW-1,entsoe,aligned_segments,57,/ve-remi-dmz-dmz-sh-nas01/data/de_group/ghz_11401/data/wind_timeseries/aligned_15min/entsoe/segments/GRGBW-1_seg057.csv,GRGBW-1_seg057.csv
GRGBW-1,entsoe,aligned_segments,58,/ve-remi-dmz-dmz-sh-nas01/data/de_group/ghz_11401/data/wind_timeseries/aligned_15min/entsoe/segments/GRGBW-1_seg058.csv,GRGBW-1_seg058.csv
GRGBW-1,entsoe,aligned_segments,59,/ve-remi-dmz-dmz-sh-nas01/data/de_group/ghz_11401/data/wind_timeseries/aligned_15min/entsoe/segments/GRGBW-1_seg059.csv,GRGBW-1_seg059.csv
GRGBW-1,entsoe,aligned_segments,60,/ve-remi-dmz-dmz-sh-nas01/data/de_group/ghz_11401/data/wind_timeseries/aligned_15min/entsoe/segments/GRGBW-1_seg060.csv,GRGBW-1_seg060.csv
GRGBW-1,entsoe,aligned_segments,61,/ve-remi-dmz-dmz-sh-nas01/data/de_group/ghz_11401/data/wind_timeseries/aligned_15min/entsoe/segments/GRGBW-1_seg061.csv,GRGBW-1_seg061.csv
GRGBW-1,entsoe,aligned_segments,62,/ve-remi-dmz-dmz-sh-nas01/data/de_group/ghz_11401/data/wind_timeseries/aligned_15min/entsoe/segments/GRGBW-1_seg062.csv,GRGBW-1_seg062.csv
GRGBW-1,entsoe,aligned_segments,63,/ve-remi-dmz-dmz-sh-nas01/data/de_group/ghz_11401/data/wind_timeseries/aligned_15min/entsoe/segments/GRGBW-1_seg063.csv,GRGBW-1_seg063.csv
GRGBW-1,entsoe,aligned_segments,64,/ve-remi-dmz-dmz-sh-nas01/data/de_group/ghz_11401/data/wind_timeseries/aligned_15min/entsoe/segments/GRGBW-1_seg064.csv,GRGBW-1_seg064.csv
GRGBW-1,entsoe,aligned_segments,65,/ve-remi-dmz-dmz-sh-nas01/data/de_group/ghz_11401/data/wind_timeseries/aligned_15min/entsoe/segments/GRGBW-1_seg065.csv,GRGBW-1_seg065.csv
GRGBW-1,entsoe,aligned_segments,66,/ve-remi-dmz-dmz-sh-nas01/data/de_group/ghz_11401/data/wind_timeseries/aligned_15min/entsoe/segments/GRGBW-1_seg066.csv,GRGBW-1_seg066.csv
GRGBW-1,entsoe,aligned_segments,67,/ve-remi-dmz-dmz-sh-nas01/data/de_group/ghz_11401/data/wind_timeseries/aligned_15min/entsoe/segments/GRGBW-1_seg067.csv,GRGBW-1_seg067.csv
GRGBW-1,entsoe,aligned_segments,68,/ve-remi-dmz-dmz-sh-nas01/data/de_group/ghz_11401/data/wind_timeseries/aligned_15min/entsoe/segments/GRGBW-1_seg068.csv,GRGBW-1_seg068.csv
GRGBW-1,entsoe,aligned_segments,69,/ve-remi-dmz-dmz-sh-nas01/data/de_group/ghz_11401/data/wind_timeseries/aligned_15min/entsoe/segments/GRGBW-1_seg069.csv,GRGBW-1_seg069.csv
GRGBW-1,entsoe,aligned_segments,70,/ve-remi-dmz-dmz-sh-nas01/data/de_group/ghz_11401/data/wind_timeseries/aligned_15min/entsoe/segments/GRGBW-1_seg070.csv,GRGBW-1_seg070.csv
GRGBW-1,entsoe,aligned_segments,71,/ve-remi-dmz-dmz-sh-nas01/data/de_group/ghz_11401/data/wind_timeseries/aligned_15min/entsoe/segments/GRGBW-1_seg071.csv,GRGBW-1_seg071.csv
GRGBW-1,entsoe,aligned_segments,72,/ve-remi-dmz-dmz-sh-nas01/data/de_group/ghz_11401/data/wind_timeseries/aligned_15min/entsoe/segments/GRGBW-1_seg072.csv,GRGBW-1_seg072.csv
GRGBW-1,entsoe,aligned_segments,73,/ve-remi-dmz-dmz-sh-nas01/data/de_group/ghz_11401/data/wind_timeseries/aligned_15min/entsoe/segments/GRGBW-1_seg073.csv,GRGBW-1_seg073.csv
GRGBW-1,entsoe,aligned_segments,74,/ve-remi-dmz-dmz-sh-nas01/data/de_group/ghz_11401/data/wind_timeseries/aligned_15min/entsoe/segments/GRGBW-1_seg074.csv,GRGBW-1_seg074.csv
GRGBW-1,entsoe,aligned_segments,75,/ve-remi-dmz-dmz-sh-nas01/data/de_group/ghz_11401/data/wind_timeseries/aligned_15min/entsoe/segments/GRGBW-1_seg075.csv,GRGBW-1_seg075.csv
GRGBW-1,entsoe,aligned_segments,76,/ve-remi-dmz-dmz-sh-nas01/data/de_group/ghz_11401/data/wind_timeseries/aligned_15min/entsoe/segments/GRGBW-1_seg076.csv,GRGBW-1_seg076.csv
GRGBW-1,entsoe,aligned_segments,77,/ve-remi-dmz-dmz-sh-nas01/data/de_group/ghz_11401/data/wind_timeseries/aligned_15min/entsoe/segments/GRGBW-1_seg077.csv,GRGBW-1_seg077.csv
GRGBW-1,entsoe,aligned_segments,78,/ve-remi-dmz-dmz-sh-nas01/data/de_group/ghz_11401/data/wind_timeseries/aligned_15min/entsoe/segments/GRGBW-1_seg078.csv,GRGBW-1_seg078.csv
GRGBW-1,entsoe,aligned_segments,79,/ve-remi-dmz-dmz-sh-nas01/data/de_group/ghz_11401/data/wind_timeseries/aligned_15min/entsoe/segments/GRGBW-1_seg079.csv,GRGBW-1_seg079.csv
GRGBW-1,entsoe,aligned_segments,80,/ve-remi-dmz-dmz-sh-nas01/data/de_group/ghz_11401/data/wind_timeseries/aligned_15min/entsoe/segments/GRGBW-1_seg080.csv,GRGBW-1_seg080.csv
GRGBW-1,entsoe,aligned_segments,81,/ve-remi-dmz-dmz-sh-nas01/data/de_group/ghz_11401/data/wind_timeseries/aligned_15min/entsoe/segments/GRGBW-1_seg081.csv,GRGBW-1_seg081.csv
GRGBW-1,entsoe,aligned_segments,82,/ve-remi-dmz-dmz-sh-nas01/data/de_group/ghz_11401/data/wind_timeseries/aligned_15min/entsoe/segments/GRGBW-1_seg082.csv,GRGBW-1_seg082.csv
GRGBW-1,entsoe,aligned_segments,83,/ve-remi-dmz-dmz-sh-nas01/data/de_group/ghz_11401/data/wind_timeseries/aligned_15min/entsoe/segments/GRGBW-1_seg083.csv,GRGBW-1_seg083.csv
GRGBW-1,entsoe,aligned_segments,84,/ve-remi-dmz-dmz-sh-nas01/data/de_group/ghz_11401/data/wind_timeseries/aligned_15min/entsoe/segments/GRGBW-1_seg084.csv,GRGBW-1_seg084.csv
GRGBW-1,entsoe,aligned_segments,85,/ve-remi-dmz-dmz-sh-nas01/data/de_group/ghz_11401/data/wind_timeseries/aligned_15min/entsoe/segments/GRGBW-1_seg085.csv,GRGBW-1_seg085.csv
GRGBW-1,entsoe,aligned_segments,86,/ve-remi-dmz-dmz-sh-nas01/data/de_group/ghz_11401/data/wind_timeseries/aligned_15min/entsoe/segments/GRGBW-1_seg086.csv,GRGBW-1_seg086.csv
GRGBW-1,entsoe,aligned_segments,87,/ve-remi-dmz-dmz-sh-nas01/data/de_group/ghz_11401/data/wind_timeseries/aligned_15min/entsoe/segments/GRGBW-1_seg087.csv,GRGBW-1_seg087.csv
GRGBW-1,entsoe,aligned_segments,88,/ve-remi-dmz-dmz-sh-nas01/data/de_group/ghz_11401/data/wind_timeseries/aligned_15min/entsoe/segments/GRGBW-1_seg088.csv,GRGBW-1_seg088.csv
GRGBW-1,entsoe,aligned_segments,89,/ve-remi-dmz-dmz-sh-nas01/data/de_group/ghz_11401/data/wind_timeseries/aligned_15min/entsoe/segments/GRGBW-1_seg089.csv,GRGBW-1_seg089.csv
GRGBW-1,entsoe,aligned_segments,90,/ve-remi-dmz-dmz-sh-nas01/data/de_group/ghz_11401/data/wind_timeseries/aligned_15min/entsoe/segments/GRGBW-1_seg090.csv,GRGBW-1_seg090.csv
GRGBW-1,entsoe,aligned_segments,91,/ve-remi-dmz-dmz-sh-nas01/data/de_group/ghz_11401/data/wind_timeseries/aligned_15min/entsoe/segments/GRGBW-1_seg091.csv,GRGBW-1_seg091.csv
GRGBW-1,entsoe,aligned_segments,92,/ve-remi-dmz-dmz-sh-nas01/data/de_group/ghz_11401/data/wind_timeseries/aligned_15min/entsoe/segments/GRGBW-1_seg092.csv,GRGBW-1_seg092.csv
GRGBW-1,entsoe,aligned_segments,93,/ve-remi-dmz-dmz-sh-nas01/data/de_group/ghz_11401/data/wind_timeseries/aligned_15min/entsoe/segments/GRGBW-1_seg093.csv,GRGBW-1_seg093.csv
GRGBW-1,entsoe,aligned_segments,94,/ve-remi-dmz-dmz-sh-nas01/data/de_group/ghz_11401/data/wind_timeseries/aligned_15min/entsoe/segments/GRGBW-1_seg094.csv,GRGBW-1_seg094.csv
GRGBW-1,entsoe,aligned_segments,95,/ve-remi-dmz-dmz-sh-nas01/data/de_group/ghz_11401/data/wind_timeseries/aligned_15min/entsoe/segments/GRGBW-1_seg095.csv,GRGBW-1_seg095.csv
GRGBW-1,entsoe,aligned_segments,96,/ve-remi-dmz-dmz-sh-nas01/data/de_group/ghz_11401/data/wind_timeseries/aligned_15min/entsoe/segments/GRGBW-1_seg096.csv,GRGBW-1_seg096.csv
GRGBW-1,entsoe,aligned_segments,97,/ve-remi-dmz-dmz-sh-nas01/data/de_group/ghz_11401/data/wind_timeseries/aligned_15min/entsoe/segments/GRGBW-1_seg097.csv,GRGBW-1_seg097.csv
GRGBW-1,entsoe,aligned_segments,98,/ve-remi-dmz-dmz-sh-nas01/data/de_group/ghz_11401/data/wind_timeseries/aligned_15min/entsoe/segments/GRGBW-1_seg098.csv,GRGBW-1_seg098.csv
GRGBW-1,entsoe,aligned_segments,99,/ve-remi-dmz-dmz-sh-nas01/data/de_group/ghz_11401/data/wind_timeseries/aligned_15min/entsoe/segments/GRGBW-1_seg099.csv,GRGBW-1_seg099.csv
GRGBW-1,entsoe,aligned_segments,100,/ve-remi-dmz-dmz-sh-nas01/data/de_group/ghz_11401/data/wind_timeseries/aligned_15min/entsoe/segments/GRGBW-1_seg100.csv,GRGBW-1_seg100.csv
GRGBW-1,entsoe,aligned_segments,101,/ve-remi-dmz-dmz-sh-nas01/data/de_group/ghz_11401/data/wind_timeseries/aligned_15min/entsoe/segments/GRGBW-1_seg101.csv,GRGBW-1_seg101.csv
GRGBW-1,entsoe,aligned_segments,102,/ve-remi-dmz-dmz-sh-nas01/data/de_group/ghz_11401/data/wind_timeseries/aligned_15min/entsoe/segments/GRGBW-1_seg102.csv,GRGBW-1_seg102.csv
GRGBW-1,entsoe,aligned_segments,103,/ve-remi-dmz-dmz-sh-nas01/data/de_group/ghz_11401/data/wind_timeseries/aligned_15min/entsoe/segments/GRGBW-1_seg103.csv,GRGBW-1_seg103.csv
GRGBW-1,entsoe,aligned_segments,104,/ve-remi-dmz-dmz-sh-nas01/data/de_group/ghz_11401/data/wind_timeseries/aligned_15min/entsoe/segments/GRGBW-1_seg104.csv,GRGBW-1_seg104.csv
GRGBW-1,entsoe,aligned_segments,105,/ve-remi-dmz-dmz-sh-nas01/data/de_group/ghz_11401/data/wind_timeseries/aligned_15min/entsoe/segments/GRGBW-1_seg105.csv,GRGBW-1_seg105.csv
GRGBW-1,entsoe,aligned_segments,106,/ve-remi-dmz-dmz-sh-nas01/data/de_group/ghz_11401/data/wind_timeseries/aligned_15min/entsoe/segments/GRGBW-1_seg106.csv,GRGBW-1_seg106.csv
GRGBW-1,entsoe,aligned_segments,107,/ve-remi-dmz-dmz-sh-nas01/data/de_group/ghz_11401/data/wind_timeseries/aligned_15min/entsoe/segments/GRGBW-1_seg107.csv,GRGBW-1_seg107.csv
GRGBW-1,entsoe,aligned_segments,108,/ve-remi-dmz-dmz-sh-nas01/data/de_group/ghz_11401/data/wind_timeseries/aligned_15min/entsoe/segments/GRGBW-1_seg108.csv,GRGBW-1_seg108.csv
GRGBW-1,entsoe,aligned_segments,109,/ve-remi-dmz-dmz-sh-nas01/data/de_group/ghz_11401/data/wind_timeseries/aligned_15min/entsoe/segments/GRGBW-1_seg109.csv,GRGBW-1_seg109.csv
GRGBW-1,entsoe,aligned_segments,110,/ve-remi-dmz-dmz-sh-nas01/data/de_group/ghz_11401/data/wind_timeseries/aligned_15min/entsoe/segments/GRGBW-1_seg110.csv,GRGBW-1_seg110.csv
GRGBW-1,entsoe,aligned_segments,111,/ve-remi-dmz-dmz-sh-nas01/data/de_group/ghz_11401/data/wind_timeseries/aligned_15min/entsoe/segments/GRGBW-1_seg111.csv,GRGBW-1_seg111.csv
GRGBW-1,entsoe,data_process,1,/ve-remi-dmz-dmz-sh-nas01/data/de_group/ghz_11401/data/wind_timeseries/aligned_15min/data_process/entsoe/GRGBW-1/GRGBW-1_0.csv,GRGBW-1_0.csv
GRGBW-1,entsoe,data_process,2,/ve-remi-dmz-dmz-sh-nas01/data/de_group/ghz_11401/data/wind_timeseries/aligned_15min/data_process/entsoe/GRGBW-1/GRGBW-1_1.csv,GRGBW-1_1.csv
GRGBW-1,entsoe,data_process,3,/ve-remi-dmz-dmz-sh-nas01/data/de_group/ghz_11401/data/wind_timeseries/aligned_15min/data_process/entsoe/GRGBW-1/GRGBW-1_10.csv,GRGBW-1_10.csv
GRGBW-1,entsoe,data_process,4,/ve-remi-dmz-dmz-sh-nas01/data/de_group/ghz_11401/data/wind_timeseries/aligned_15min/data_process/entsoe/GRGBW-1/GRGBW-1_11.csv,GRGBW-1_11.csv
GRGBW-1,entsoe,data_process,5,/ve-remi-dmz-dmz-sh-nas01/data/de_group/ghz_11401/data/wind_timeseries/aligned_15min/data_process/entsoe/GRGBW-1/GRGBW-1_12.csv,GRGBW-1_12.csv
GRGBW-1,entsoe,data_process,6,/ve-remi-dmz-dmz-sh-nas01/data/de_group/ghz_11401/data/wind_timeseries/aligned_15min/data_process/entsoe/GRGBW-1/GRGBW-1_13.csv,GRGBW-1_13.csv
GRGBW-1,entsoe,data_process,7,/ve-remi-dmz-dmz-sh-nas01/data/de_group/ghz_11401/data/wind_timeseries/aligned_15min/data_process/entsoe/GRGBW-1/GRGBW-1_14.csv,GRGBW-1_14.csv
GRGBW-1,entsoe,data_process,8,/ve-remi-dmz-dmz-sh-nas01/data/de_group/ghz_11401/data/wind_timeseries/aligned_15min/data_process/entsoe/GRGBW-1/GRGBW-1_15.csv,GRGBW-1_15.csv
GRGBW-1,entsoe,data_process,9,/ve-remi-dmz-dmz-sh-nas01/data/de_group/ghz_11401/data/wind_timeseries/aligned_15min/data_process/entsoe/GRGBW-1/GRGBW-1_16.csv,GRGBW-1_16.csv
GRGBW-1,entsoe,data_process,10,/ve-remi-dmz-dmz-sh-nas01/data/de_group/ghz_11401/data/wind_timeseries/aligned_15min/data_process/entsoe/GRGBW-1/GRGBW-1_17.csv,GRGBW-1_17.csv
GRGBW-1,entsoe,data_process,11,/ve-remi-dmz-dmz-sh-nas01/data/de_group/ghz_11401/data/wind_timeseries/aligned_15min/data_process/entsoe/GRGBW-1/GRGBW-1_2.csv,GRGBW-1_2.csv
GRGBW-1,entsoe,data_process,12,/ve-remi-dmz-dmz-sh-nas01/data/de_group/ghz_11401/data/wind_timeseries/aligned_15min/data_process/entsoe/GRGBW-1/GRGBW-1_3.csv,GRGBW-1_3.csv
GRGBW-1,entsoe,data_process,13,/ve-remi-dmz-dmz-sh-nas01/data/de_group/ghz_11401/data/wind_timeseries/aligned_15min/data_process/entsoe/GRGBW-1/GRGBW-1_4.csv,GRGBW-1_4.csv
GRGBW-1,entsoe,data_process,14,/ve-remi-dmz-dmz-sh-nas01/data/de_group/ghz_11401/data/wind_timeseries/aligned_15min/data_process/entsoe/GRGBW-1/GRGBW-1_5.csv,GRGBW-1_5.csv
GRGBW-1,entsoe,data_process,15,/ve-remi-dmz-dmz-sh-nas01/data/de_group/ghz_11401/data/wind_timeseries/aligned_15min/data_process/entsoe/GRGBW-1/GRGBW-1_6.csv,GRGBW-1_6.csv
GRGBW-1,entsoe,data_process,16,/ve-remi-dmz-dmz-sh-nas01/data/de_group/ghz_11401/data/wind_timeseries/aligned_15min/data_process/entsoe/GRGBW-1/GRGBW-1_7.csv,GRGBW-1_7.csv
GRGBW-1,entsoe,data_process,17,/ve-remi-dmz-dmz-sh-nas01/data/de_group/ghz_11401/data/wind_timeseries/aligned_15min/data_process/entsoe/GRGBW-1/GRGBW-1_8.csv,GRGBW-1_8.csv
GRGBW-1,entsoe,data_process,18,/ve-remi-dmz-dmz-sh-nas01/data/de_group/ghz_11401/data/wind_timeseries/aligned_15min/data_process/entsoe/GRGBW-1/GRGBW-1_9.csv,GRGBW-1_9.csv
GRGBW-2,entsoe,aligned_segments,1,/ve-remi-dmz-dmz-sh-nas01/data/de_group/ghz_11401/data/wind_timeseries/aligned_15min/entsoe/segments/GRGBW-2_seg001.csv,GRGBW-2_seg001.csv
GRGBW-2,entsoe,aligned_segments,2,/ve-remi-dmz-dmz-sh-nas01/data/de_group/ghz_11401/data/wind_timeseries/aligned_15min/entsoe/segments/GRGBW-2_seg002.csv,GRGBW-2_seg002.csv
GRGBW-2,entsoe,aligned_segments,3,/ve-remi-dmz-dmz-sh-nas01/data/de_group/ghz_11401/data/wind_timeseries/aligned_15min/entsoe/segments/GRGBW-2_seg003.csv,GRGBW-2_seg003.csv
GRGBW-2,entsoe,aligned_segments,4,/ve-remi-dmz-dmz-sh-nas01/data/de_group/ghz_11401/data/wind_timeseries/aligned_15min/entsoe/segments/GRGBW-2_seg004.csv,GRGBW-2_seg004.csv
GRGBW-2,entsoe,aligned_segments,5,/ve-remi-dmz-dmz-sh-nas01/data/de_group/ghz_11401/data/wind_timeseries/aligned_15min/entsoe/segments/GRGBW-2_seg005.csv,GRGBW-2_seg005.csv
GRGBW-2,entsoe,aligned_segments,6,/ve-remi-dmz-dmz-sh-nas01/data/de_group/ghz_11401/data/wind_timeseries/aligned_15min/entsoe/segments/GRGBW-2_seg006.csv,GRGBW-2_seg006.csv
GRGBW-2,entsoe,aligned_segments,7,/ve-remi-dmz-dmz-sh-nas01/data/de_group/ghz_11401/data/wind_timeseries/aligned_15min/entsoe/segments/GRGBW-2_seg007.csv,GRGBW-2_seg007.csv
GRGBW-2,entsoe,aligned_segments,8,/ve-remi-dmz-dmz-sh-nas01/data/de_group/ghz_11401/data/wind_timeseries/aligned_15min/entsoe/segments/GRGBW-2_seg008.csv,GRGBW-2_seg008.csv
GRGBW-2,entsoe,aligned_segments,9,/ve-remi-dmz-dmz-sh-nas01/data/de_group/ghz_11401/data/wind_timeseries/aligned_15min/entsoe/segments/GRGBW-2_seg009.csv,GRGBW-2_seg009.csv
GRGBW-2,entsoe,aligned_segments,10,/ve-remi-dmz-dmz-sh-nas01/data/de_group/ghz_11401/data/wind_timeseries/aligned_15min/entsoe/segments/GRGBW-2_seg010.csv,GRGBW-2_seg010.csv
GRGBW-2,entsoe,aligned_segments,11,/ve-remi-dmz-dmz-sh-nas01/data/de_group/ghz_11401/data/wind_timeseries/aligned_15min/entsoe/segments/GRGBW-2_seg011.csv,GRGBW-2_seg011.csv
GRGBW-2,entsoe,aligned_segments,12,/ve-remi-dmz-dmz-sh-nas01/data/de_group/ghz_11401/data/wind_timeseries/aligned_15min/entsoe/segments/GRGBW-2_seg012.csv,GRGBW-2_seg012.csv
GRGBW-2,entsoe,aligned_segments,13,/ve-remi-dmz-dmz-sh-nas01/data/de_group/ghz_11401/data/wind_timeseries/aligned_15min/entsoe/segments/GRGBW-2_seg013.csv,GRGBW-2_seg013.csv
GRGBW-2,entsoe,aligned_segments,14,/ve-remi-dmz-dmz-sh-nas01/data/de_group/ghz_11401/data/wind_timeseries/aligned_15min/entsoe/segments/GRGBW-2_seg014.csv,GRGBW-2_seg014.csv
GRGBW-2,entsoe,aligned_segments,15,/ve-remi-dmz-dmz-sh-nas01/data/de_group/ghz_11401/data/wind_timeseries/aligned_15min/entsoe/segments/GRGBW-2_seg015.csv,GRGBW-2_seg015.csv
GRGBW-2,entsoe,aligned_segments,16,/ve-remi-dmz-dmz-sh-nas01/data/de_group/ghz_11401/data/wind_timeseries/aligned_15min/entsoe/segments/GRGBW-2_seg016.csv,GRGBW-2_seg016.csv
GRGBW-2,entsoe,aligned_segments,17,/ve-remi-dmz-dmz-sh-nas01/data/de_group/ghz_11401/data/wind_timeseries/aligned_15min/entsoe/segments/GRGBW-2_seg017.csv,GRGBW-2_seg017.csv
GRGBW-2,entsoe,aligned_segments,18,/ve-remi-dmz-dmz-sh-nas01/data/de_group/ghz_11401/data/wind_timeseries/aligned_15min/entsoe/segments/GRGBW-2_seg018.csv,GRGBW-2_seg018.csv
GRGBW-2,entsoe,aligned_segments,19,/ve-remi-dmz-dmz-sh-nas01/data/de_group/ghz_11401/data/wind_timeseries/aligned_15min/entsoe/segments/GRGBW-2_seg019.csv,GRGBW-2_seg019.csv
GRGBW-2,entsoe,aligned_segments,20,/ve-remi-dmz-dmz-sh-nas01/data/de_group/ghz_11401/data/wind_timeseries/aligned_15min/entsoe/segments/GRGBW-2_seg020.csv,GRGBW-2_seg020.csv
GRGBW-2,entsoe,aligned_segments,21,/ve-remi-dmz-dmz-sh-nas01/data/de_group/ghz_11401/data/wind_timeseries/aligned_15min/entsoe/segments/GRGBW-2_seg021.csv,GRGBW-2_seg021.csv
GRGBW-2,entsoe,aligned_segments,22,/ve-remi-dmz-dmz-sh-nas01/data/de_group/ghz_11401/data/wind_timeseries/aligned_15min/entsoe/segments/GRGBW-2_seg022.csv,GRGBW-2_seg022.csv
GRGBW-2,entsoe,aligned_segments,23,/ve-remi-dmz-dmz-sh-nas01/data/de_group/ghz_11401/data/wind_timeseries/aligned_15min/entsoe/segments/GRGBW-2_seg023.csv,GRGBW-2_seg023.csv
GRGBW-2,entsoe,aligned_segments,24,/ve-remi-dmz-dmz-sh-nas01/data/de_group/ghz_11401/data/wind_timeseries/aligned_15min/entsoe/segments/GRGBW-2_seg024.csv,GRGBW-2_seg024.csv
GRGBW-2,entsoe,aligned_segments,25,/ve-remi-dmz-dmz-sh-nas01/data/de_group/ghz_11401/data/wind_timeseries/aligned_15min/entsoe/segments/GRGBW-2_seg025.csv,GRGBW-2_seg025.csv
GRGBW-2,entsoe,aligned_segments,26,/ve-remi-dmz-dmz-sh-nas01/data/de_group/ghz_11401/data/wind_timeseries/aligned_15min/entsoe/segments/GRGBW-2_seg026.csv,GRGBW-2_seg026.csv
GRGBW-2,entsoe,aligned_segments,27,/ve-remi-dmz-dmz-sh-nas01/data/de_group/ghz_11401/data/wind_timeseries/aligned_15min/entsoe/segments/GRGBW-2_seg027.csv,GRGBW-2_seg027.csv
GRGBW-2,entsoe,aligned_segments,28,/ve-remi-dmz-dmz-sh-nas01/data/de_group/ghz_11401/data/wind_timeseries/aligned_15min/entsoe/segments/GRGBW-2_seg028.csv,GRGBW-2_seg028.csv
GRGBW-2,entsoe,aligned_segments,29,/ve-remi-dmz-dmz-sh-nas01/data/de_group/ghz_11401/data/wind_timeseries/aligned_15min/entsoe/segments/GRGBW-2_seg029.csv,GRGBW-2_seg029.csv
GRGBW-2,entsoe,aligned_segments,30,/ve-remi-dmz-dmz-sh-nas01/data/de_group/ghz_11401/data/wind_timeseries/aligned_15min/entsoe/segments/GRGBW-2_seg030.csv,GRGBW-2_seg030.csv
GRGBW-2,entsoe,aligned_segments,31,/ve-remi-dmz-dmz-sh-nas01/data/de_group/ghz_11401/data/wind_timeseries/aligned_15min/entsoe/segments/GRGBW-2_seg031.csv,GRGBW-2_seg031.csv
GRGBW-2,entsoe,aligned_segments,32,/ve-remi-dmz-dmz-sh-nas01/data/de_group/ghz_11401/data/wind_timeseries/aligned_15min/entsoe/segments/GRGBW-2_seg032.csv,GRGBW-2_seg032.csv
GRGBW-2,entsoe,aligned_segments,33,/ve-remi-dmz-dmz-sh-nas01/data/de_group/ghz_11401/data/wind_timeseries/aligned_15min/entsoe/segments/GRGBW-2_seg033.csv,GRGBW-2_seg033.csv
GRGBW-2,entsoe,aligned_segments,34,/ve-remi-dmz-dmz-sh-nas01/data/de_group/ghz_11401/data/wind_timeseries/aligned_15min/entsoe/segments/GRGBW-2_seg034.csv,GRGBW-2_seg034.csv
GRGBW-2,entsoe,aligned_segments,35,/ve-remi-dmz-dmz-sh-nas01/data/de_group/ghz_11401/data/wind_timeseries/aligned_15min/entsoe/segments/GRGBW-2_seg035.csv,GRGBW-2_seg035.csv
GRGBW-2,entsoe,aligned_segments,36,/ve-remi-dmz-dmz-sh-nas01/data/de_group/ghz_11401/data/wind_timeseries/aligned_15min/entsoe/segments/GRGBW-2_seg036.csv,GRGBW-2_seg036.csv
GRGBW-2,entsoe,aligned_segments,37,/ve-remi-dmz-dmz-sh-nas01/data/de_group/ghz_11401/data/wind_timeseries/aligned_15min/entsoe/segments/GRGBW-2_seg037.csv,GRGBW-2_seg037.csv
GRGBW-2,entsoe,aligned_segments,38,/ve-remi-dmz-dmz-sh-nas01/data/de_group/ghz_11401/data/wind_timeseries/aligned_15min/entsoe/segments/GRGBW-2_seg038.csv,GRGBW-2_seg038.csv
GRGBW-2,entsoe,aligned_segments,39,/ve-remi-dmz-dmz-sh-nas01/data/de_group/ghz_11401/data/wind_timeseries/aligned_15min/entsoe/segments/GRGBW-2_seg039.csv,GRGBW-2_seg039.csv
GRGBW-2,entsoe,aligned_segments,40,/ve-remi-dmz-dmz-sh-nas01/data/de_group/ghz_11401/data/wind_timeseries/aligned_15min/entsoe/segments/GRGBW-2_seg040.csv,GRGBW-2_seg040.csv
GRGBW-2,entsoe,aligned_segments,41,/ve-remi-dmz-dmz-sh-nas01/data/de_group/ghz_11401/data/wind_timeseries/aligned_15min/entsoe/segments/GRGBW-2_seg041.csv,GRGBW-2_seg041.csv
GRGBW-2,entsoe,aligned_segments,42,/ve-remi-dmz-dmz-sh-nas01/data/de_group/ghz_11401/data/wind_timeseries/aligned_15min/entsoe/segments/GRGBW-2_seg042.csv,GRGBW-2_seg042.csv
GRGBW-2,entsoe,aligned_segments,43,/ve-remi-dmz-dmz-sh-nas01/data/de_group/ghz_11401/data/wind_timeseries/aligned_15min/entsoe/segments/GRGBW-2_seg043.csv,GRGBW-2_seg043.csv
GRGBW-2,entsoe,aligned_segments,44,/ve-remi-dmz-dmz-sh-nas01/data/de_group/ghz_11401/data/wind_timeseries/aligned_15min/entsoe/segments/GRGBW-2_seg044.csv,GRGBW-2_seg044.csv
GRGBW-2,entsoe,aligned_segments,45,/ve-remi-dmz-dmz-sh-nas01/data/de_group/ghz_11401/data/wind_timeseries/aligned_15min/entsoe/segments/GRGBW-2_seg045.csv,GRGBW-2_seg045.csv
GRGBW-2,entsoe,aligned_segments,46,/ve-remi-dmz-dmz-sh-nas01/data/de_group/ghz_11401/data/wind_timeseries/aligned_15min/entsoe/segments/GRGBW-2_seg046.csv,GRGBW-2_seg046.csv
GRGBW-2,entsoe,aligned_segments,47,/ve-remi-dmz-dmz-sh-nas01/data/de_group/ghz_11401/data/wind_timeseries/aligned_15min/entsoe/segments/GRGBW-2_seg047.csv,GRGBW-2_seg047.csv
GRGBW-2,entsoe,aligned_segments,48,/ve-remi-dmz-dmz-sh-nas01/data/de_group/ghz_11401/data/wind_timeseries/aligned_15min/entsoe/segments/GRGBW-2_seg048.csv,GRGBW-2_seg048.csv
GRGBW-2,entsoe,aligned_segments,49,/ve-remi-dmz-dmz-sh-nas01/data/de_group/ghz_11401/data/wind_timeseries/aligned_15min/entsoe/segments/GRGBW-2_seg049.csv,GRGBW-2_seg049.csv
GRGBW-2,entsoe,aligned_segments,50,/ve-remi-dmz-dmz-sh-nas01/data/de_group/ghz_11401/data/wind_timeseries/aligned_15min/entsoe/segments/GRGBW-2_seg050.csv,GRGBW-2_seg050.csv
GRGBW-2,entsoe,aligned_segments,51,/ve-remi-dmz-dmz-sh-nas01/data/de_group/ghz_11401/data/wind_timeseries/aligned_15min/entsoe/segments/GRGBW-2_seg051.csv,GRGBW-2_seg051.csv
GRGBW-2,entsoe,aligned_segments,52,/ve-remi-dmz-dmz-sh-nas01/data/de_group/ghz_11401/data/wind_timeseries/aligned_15min/entsoe/segments/GRGBW-2_seg052.csv,GRGBW-2_seg052.csv
GRGBW-2,entsoe,aligned_segments,53,/ve-remi-dmz-dmz-sh-nas01/data/de_group/ghz_11401/data/wind_timeseries/aligned_15min/entsoe/segments/GRGBW-2_seg053.csv,GRGBW-2_seg053.csv
GRGBW-2,entsoe,aligned_segments,54,/ve-remi-dmz-dmz-sh-nas01/data/de_group/ghz_11401/data/wind_timeseries/aligned_15min/entsoe/segments/GRGBW-2_seg054.csv,GRGBW-2_seg054.csv
GRGBW-2,entsoe,aligned_segments,55,/ve-remi-dmz-dmz-sh-nas01/data/de_group/ghz_11401/data/wind_timeseries/aligned_15min/entsoe/segments/GRGBW-2_seg055.csv,GRGBW-2_seg055.csv
GRGBW-2,entsoe,aligned_segments,56,/ve-remi-dmz-dmz-sh-nas01/data/de_group/ghz_11401/data/wind_timeseries/aligned_15min/entsoe/segments/GRGBW-2_seg056.csv,GRGBW-2_seg056.csv
GRGBW-2,entsoe,aligned_segments,57,/ve-remi-dmz-dmz-sh-nas01/data/de_group/ghz_11401/data/wind_timeseries/aligned_15min/entsoe/segments/GRGBW-2_seg057.csv,GRGBW-2_seg057.csv
GRGBW-2,entsoe,aligned_segments,58,/ve-remi-dmz-dmz-sh-nas01/data/de_group/ghz_11401/data/wind_timeseries/aligned_15min/entsoe/segments/GRGBW-2_seg058.csv,GRGBW-2_seg058.csv
GRGBW-2,entsoe,aligned_segments,59,/ve-remi-dmz-dmz-sh-nas01/data/de_group/ghz_11401/data/wind_timeseries/aligned_15min/entsoe/segments/GRGBW-2_seg059.csv,GRGBW-2_seg059.csv
GRGBW-2,entsoe,aligned_segments,60,/ve-remi-dmz-dmz-sh-nas01/data/de_group/ghz_11401/data/wind_timeseries/aligned_15min/entsoe/segments/GRGBW-2_seg060.csv,GRGBW-2_seg060.csv
GRGBW-2,entsoe,aligned_segments,61,/ve-remi-dmz-dmz-sh-nas01/data/de_group/ghz_11401/data/wind_timeseries/aligned_15min/entsoe/segments/GRGBW-2_seg061.csv,GRGBW-2_seg061.csv
GRGBW-2,entsoe,aligned_segments,62,/ve-remi-dmz-dmz-sh-nas01/data/de_group/ghz_11401/data/wind_timeseries/aligned_15min/entsoe/segments/GRGBW-2_seg062.csv,GRGBW-2_seg062.csv
GRGBW-2,entsoe,aligned_segments,63,/ve-remi-dmz-dmz-sh-nas01/data/de_group/ghz_11401/data/wind_timeseries/aligned_15min/entsoe/segments/GRGBW-2_seg063.csv,GRGBW-2_seg063.csv
GRGBW-2,entsoe,aligned_segments,64,/ve-remi-dmz-dmz-sh-nas01/data/de_group/ghz_11401/data/wind_timeseries/aligned_15min/entsoe/segments/GRGBW-2_seg064.csv,GRGBW-2_seg064.csv
GRGBW-2,entsoe,aligned_segments,65,/ve-remi-dmz-dmz-sh-nas01/data/de_group/ghz_11401/data/wind_timeseries/aligned_15min/entsoe/segments/GRGBW-2_seg065.csv,GRGBW-2_seg065.csv
GRGBW-2,entsoe,aligned_segments,66,/ve-remi-dmz-dmz-sh-nas01/data/de_group/ghz_11401/data/wind_timeseries/aligned_15min/entsoe/segments/GRGBW-2_seg066.csv,GRGBW-2_seg066.csv
GRGBW-2,entsoe,aligned_segments,67,/ve-remi-dmz-dmz-sh-nas01/data/de_group/ghz_11401/data/wind_timeseries/aligned_15min/entsoe/segments/GRGBW-2_seg067.csv,GRGBW-2_seg067.csv
GRGBW-2,entsoe,aligned_segments,68,/ve-remi-dmz-dmz-sh-nas01/data/de_group/ghz_11401/data/wind_timeseries/aligned_15min/entsoe/segments/GRGBW-2_seg068.csv,GRGBW-2_seg068.csv
GRGBW-2,entsoe,aligned_segments,69,/ve-remi-dmz-dmz-sh-nas01/data/de_group/ghz_11401/data/wind_timeseries/aligned_15min/entsoe/segments/GRGBW-2_seg069.csv,GRGBW-2_seg069.csv
GRGBW-2,entsoe,aligned_segments,70,/ve-remi-dmz-dmz-sh-nas01/data/de_group/ghz_11401/data/wind_timeseries/aligned_15min/entsoe/segments/GRGBW-2_seg070.csv,GRGBW-2_seg070.csv
GRGBW-2,entsoe,aligned_segments,71,/ve-remi-dmz-dmz-sh-nas01/data/de_group/ghz_11401/data/wind_timeseries/aligned_15min/entsoe/segments/GRGBW-2_seg071.csv,GRGBW-2_seg071.csv
GRGBW-2,entsoe,aligned_segments,72,/ve-remi-dmz-dmz-sh-nas01/data/de_group/ghz_11401/data/wind_timeseries/aligned_15min/entsoe/segments/GRGBW-2_seg072.csv,GRGBW-2_seg072.csv
GRGBW-2,entsoe,aligned_segments,73,/ve-remi-dmz-dmz-sh-nas01/data/de_group/ghz_11401/data/wind_timeseries/aligned_15min/entsoe/segments/GRGBW-2_seg073.csv,GRGBW-2_seg073.csv
GRGBW-2,entsoe,aligned_segments,74,/ve-remi-dmz-dmz-sh-nas01/data/de_group/ghz_11401/data/wind_timeseries/aligned_15min/entsoe/segments/GRGBW-2_seg074.csv,GRGBW-2_seg074.csv
GRGBW-2,entsoe,aligned_segments,75,/ve-remi-dmz-dmz-sh-nas01/data/de_group/ghz_11401/data/wind_timeseries/aligned_15min/entsoe/segments/GRGBW-2_seg075.csv,GRGBW-2_seg075.csv
GRGBW-2,entsoe,aligned_segments,76,/ve-remi-dmz-dmz-sh-nas01/data/de_group/ghz_11401/data/wind_timeseries/aligned_15min/entsoe/segments/GRGBW-2_seg076.csv,GRGBW-2_seg076.csv
GRGBW-2,entsoe,aligned_segments,77,/ve-remi-dmz-dmz-sh-nas01/data/de_group/ghz_11401/data/wind_timeseries/aligned_15min/entsoe/segments/GRGBW-2_seg077.csv,GRGBW-2_seg077.csv
GRGBW-2,entsoe,aligned_segments,78,/ve-remi-dmz-dmz-sh-nas01/data/de_group/ghz_11401/data/wind_timeseries/aligned_15min/entsoe/segments/GRGBW-2_seg078.csv,GRGBW-2_seg078.csv
GRGBW-2,entsoe,aligned_segments,79,/ve-remi-dmz-dmz-sh-nas01/data/de_group/ghz_11401/data/wind_timeseries/aligned_15min/entsoe/segments/GRGBW-2_seg079.csv,GRGBW-2_seg079.csv
GRGBW-2,entsoe,aligned_segments,80,/ve-remi-dmz-dmz-sh-nas01/data/de_group/ghz_11401/data/wind_timeseries/aligned_15min/entsoe/segments/GRGBW-2_seg080.csv,GRGBW-2_seg080.csv
GRGBW-2,entsoe,aligned_segments,81,/ve-remi-dmz-dmz-sh-nas01/data/de_group/ghz_11401/data/wind_timeseries/aligned_15min/entsoe/segments/GRGBW-2_seg081.csv,GRGBW-2_seg081.csv
GRGBW-2,entsoe,aligned_segments,82,/ve-remi-dmz-dmz-sh-nas01/data/de_group/ghz_11401/data/wind_timeseries/aligned_15min/entsoe/segments/GRGBW-2_seg082.csv,GRGBW-2_seg082.csv
GRGBW-2,entsoe,aligned_segments,83,/ve-remi-dmz-dmz-sh-nas01/data/de_group/ghz_11401/data/wind_timeseries/aligned_15min/entsoe/segments/GRGBW-2_seg083.csv,GRGBW-2_seg083.csv
GRGBW-2,entsoe,aligned_segments,84,/ve-remi-dmz-dmz-sh-nas01/data/de_group/ghz_11401/data/wind_timeseries/aligned_15min/entsoe/segments/GRGBW-2_seg084.csv,GRGBW-2_seg084.csv
GRGBW-2,entsoe,aligned_segments,85,/ve-remi-dmz-dmz-sh-nas01/data/de_group/ghz_11401/data/wind_timeseries/aligned_15min/entsoe/segments/GRGBW-2_seg085.csv,GRGBW-2_seg085.csv
GRGBW-2,entsoe,aligned_segments,86,/ve-remi-dmz-dmz-sh-nas01/data/de_group/ghz_11401/data/wind_timeseries/aligned_15min/entsoe/segments/GRGBW-2_seg086.csv,GRGBW-2_seg086.csv
GRGBW-2,entsoe,aligned_segments,87,/ve-remi-dmz-dmz-sh-nas01/data/de_group/ghz_11401/data/wind_timeseries/aligned_15min/entsoe/segments/GRGBW-2_seg087.csv,GRGBW-2_seg087.csv
GRGBW-2,entsoe,aligned_segments,88,/ve-remi-dmz-dmz-sh-nas01/data/de_group/ghz_11401/data/wind_timeseries/aligned_15min/entsoe/segments/GRGBW-2_seg088.csv,GRGBW-2_seg088.csv
GRGBW-2,entsoe,aligned_segments,89,/ve-remi-dmz-dmz-sh-nas01/data/de_group/ghz_11401/data/wind_timeseries/aligned_15min/entsoe/segments/GRGBW-2_seg089.csv,GRGBW-2_seg089.csv
GRGBW-2,entsoe,aligned_segments,90,/ve-remi-dmz-dmz-sh-nas01/data/de_group/ghz_11401/data/wind_timeseries/aligned_15min/entsoe/segments/GRGBW-2_seg090.csv,GRGBW-2_seg090.csv
GRGBW-2,entsoe,aligned_segments,91,/ve-remi-dmz-dmz-sh-nas01/data/de_group/ghz_11401/data/wind_timeseries/aligned_15min/entsoe/segments/GRGBW-2_seg091.csv,GRGBW-2_seg091.csv
GRGBW-2,entsoe,aligned_segments,92,/ve-remi-dmz-dmz-sh-nas01/data/de_group/ghz_11401/data/wind_timeseries/aligned_15min/entsoe/segments/GRGBW-2_seg092.csv,GRGBW-2_seg092.csv
GRGBW-2,entsoe,aligned_segments,93,/ve-remi-dmz-dmz-sh-nas01/data/de_group/ghz_11401/data/wind_timeseries/aligned_15min/entsoe/segments/GRGBW-2_seg093.csv,GRGBW-2_seg093.csv
GRGBW-2,entsoe,aligned_segments,94,/ve-remi-dmz-dmz-sh-nas01/data/de_group/ghz_11401/data/wind_timeseries/aligned_15min/entsoe/segments/GRGBW-2_seg094.csv,GRGBW-2_seg094.csv
GRGBW-2,entsoe,aligned_segments,95,/ve-remi-dmz-dmz-sh-nas01/data/de_group/ghz_11401/data/wind_timeseries/aligned_15min/entsoe/segments/GRGBW-2_seg095.csv,GRGBW-2_seg095.csv
GRGBW-2,entsoe,aligned_segments,96,/ve-remi-dmz-dmz-sh-nas01/data/de_group/ghz_11401/data/wind_timeseries/aligned_15min/entsoe/segments/GRGBW-2_seg096.csv,GRGBW-2_seg096.csv
GRGBW-2,entsoe,aligned_segments,97,/ve-remi-dmz-dmz-sh-nas01/data/de_group/ghz_11401/data/wind_timeseries/aligned_15min/entsoe/segments/GRGBW-2_seg097.csv,GRGBW-2_seg097.csv
GRGBW-2,entsoe,aligned_segments,98,/ve-remi-dmz-dmz-sh-nas01/data/de_group/ghz_11401/data/wind_timeseries/aligned_15min/entsoe/segments/GRGBW-2_seg098.csv,GRGBW-2_seg098.csv
GRGBW-2,entsoe,aligned_segments,99,/ve-remi-dmz-dmz-sh-nas01/data/de_group/ghz_11401/data/wind_timeseries/aligned_15min/entsoe/segments/GRGBW-2_seg099.csv,GRGBW-2_seg099.csv
GRGBW-2,entsoe,aligned_segments,100,/ve-remi-dmz-dmz-sh-nas01/data/de_group/ghz_11401/data/wind_timeseries/aligned_15min/entsoe/segments/GRGBW-2_seg100.csv,GRGBW-2_seg100.csv
GRGBW-2,entsoe,aligned_segments,101,/ve-remi-dmz-dmz-sh-nas01/data/de_group/ghz_11401/data/wind_timeseries/aligned_15min/entsoe/segments/GRGBW-2_seg101.csv,GRGBW-2_seg101.csv
GRGBW-2,entsoe,aligned_segments,102,/ve-remi-dmz-dmz-sh-nas01/data/de_group/ghz_11401/data/wind_timeseries/aligned_15min/entsoe/segments/GRGBW-2_seg102.csv,GRGBW-2_seg102.csv
GRGBW-2,entsoe,aligned_segments,103,/ve-remi-dmz-dmz-sh-nas01/data/de_group/ghz_11401/data/wind_timeseries/aligned_15min/entsoe/segments/GRGBW-2_seg103.csv,GRGBW-2_seg103.csv
GRGBW-2,entsoe,aligned_segments,104,/ve-remi-dmz-dmz-sh-nas01/data/de_group/ghz_11401/data/wind_timeseries/aligned_15min/entsoe/segments/GRGBW-2_seg104.csv,GRGBW-2_seg104.csv
GRGBW-2,entsoe,aligned_segments,105,/ve-remi-dmz-dmz-sh-nas01/data/de_group/ghz_11401/data/wind_timeseries/aligned_15min/entsoe/segments/GRGBW-2_seg105.csv,GRGBW-2_seg105.csv
GRGBW-2,entsoe,aligned_segments,106,/ve-remi-dmz-dmz-sh-nas01/data/de_group/ghz_11401/data/wind_timeseries/aligned_15min/entsoe/segments/GRGBW-2_seg106.csv,GRGBW-2_seg106.csv
GRGBW-2,entsoe,aligned_segments,107,/ve-remi-dmz-dmz-sh-nas01/data/de_group/ghz_11401/data/wind_timeseries/aligned_15min/entsoe/segments/GRGBW-2_seg107.csv,GRGBW-2_seg107.csv
GRGBW-2,entsoe,aligned_segments,108,/ve-remi-dmz-dmz-sh-nas01/data/de_group/ghz_11401/data/wind_timeseries/aligned_15min/entsoe/segments/GRGBW-2_seg108.csv,GRGBW-2_seg108.csv
GRGBW-2,entsoe,aligned_segments,109,/ve-remi-dmz-dmz-sh-nas01/data/de_group/ghz_11401/data/wind_timeseries/aligned_15min/entsoe/segments/GRGBW-2_seg109.csv,GRGBW-2_seg109.csv
GRGBW-2,entsoe,aligned_segments,110,/ve-remi-dmz-dmz-sh-nas01/data/de_group/ghz_11401/data/wind_timeseries/aligned_15min/entsoe/segments/GRGBW-2_seg110.csv,GRGBW-2_seg110.csv
GRGBW-2,entsoe,aligned_segments,111,/ve-remi-dmz-dmz-sh-nas01/data/de_group/ghz_11401/data/wind_timeseries/aligned_15min/entsoe/segments/GRGBW-2_seg111.csv,GRGBW-2_seg111.csv
GRGBW-2,entsoe,aligned_segments,112,/ve-remi-dmz-dmz-sh-nas01/data/de_group/ghz_11401/data/wind_timeseries/aligned_15min/entsoe/segments/GRGBW-2_seg112.csv,GRGBW-2_seg112.csv
GRGBW-2,entsoe,aligned_segments,113,/ve-remi-dmz-dmz-sh-nas01/data/de_group/ghz_11401/data/wind_timeseries/aligned_15min/entsoe/segments/GRGBW-2_seg113.csv,GRGBW-2_seg113.csv
GRGBW-2,entsoe,aligned_segments,114,/ve-remi-dmz-dmz-sh-nas01/data/de_group/ghz_11401/data/wind_timeseries/aligned_15min/entsoe/segments/GRGBW-2_seg114.csv,GRGBW-2_seg114.csv
GRGBW-2,entsoe,aligned_segments,115,/ve-remi-dmz-dmz-sh-nas01/data/de_group/ghz_11401/data/wind_timeseries/aligned_15min/entsoe/segments/GRGBW-2_seg115.csv,GRGBW-2_seg115.csv
GRGBW-2,entsoe,data_process,1,/ve-remi-dmz-dmz-sh-nas01/data/de_group/ghz_11401/data/wind_timeseries/aligned_15min/data_process/entsoe/GRGBW-2/GRGBW-2_0.csv,GRGBW-2_0.csv
GRGBW-2,entsoe,data_process,2,/ve-remi-dmz-dmz-sh-nas01/data/de_group/ghz_11401/data/wind_timeseries/aligned_15min/data_process/entsoe/GRGBW-2/GRGBW-2_1.csv,GRGBW-2_1.csv
GRGBW-2,entsoe,data_process,3,/ve-remi-dmz-dmz-sh-nas01/data/de_group/ghz_11401/data/wind_timeseries/aligned_15min/data_process/entsoe/GRGBW-2/GRGBW-2_10.csv,GRGBW-2_10.csv
GRGBW-2,entsoe,data_process,4,/ve-remi-dmz-dmz-sh-nas01/data/de_group/ghz_11401/data/wind_timeseries/aligned_15min/data_process/entsoe/GRGBW-2/GRGBW-2_11.csv,GRGBW-2_11.csv
GRGBW-2,entsoe,data_process,5,/ve-remi-dmz-dmz-sh-nas01/data/de_group/ghz_11401/data/wind_timeseries/aligned_15min/data_process/entsoe/GRGBW-2/GRGBW-2_12.csv,GRGBW-2_12.csv
GRGBW-2,entsoe,data_process,6,/ve-remi-dmz-dmz-sh-nas01/data/de_group/ghz_11401/data/wind_timeseries/aligned_15min/data_process/entsoe/GRGBW-2/GRGBW-2_13.csv,GRGBW-2_13.csv
GRGBW-2,entsoe,data_process,7,/ve-remi-dmz-dmz-sh-nas01/data/de_group/ghz_11401/data/wind_timeseries/aligned_15min/data_process/entsoe/GRGBW-2/GRGBW-2_14.csv,GRGBW-2_14.csv
GRGBW-2,entsoe,data_process,8,/ve-remi-dmz-dmz-sh-nas01/data/de_group/ghz_11401/data/wind_timeseries/aligned_15min/data_process/entsoe/GRGBW-2/GRGBW-2_15.csv,GRGBW-2_15.csv
GRGBW-2,entsoe,data_process,9,/ve-remi-dmz-dmz-sh-nas01/data/de_group/ghz_11401/data/wind_timeseries/aligned_15min/data_process/entsoe/GRGBW-2/GRGBW-2_16.csv,GRGBW-2_16.csv
GRGBW-2,entsoe,data_process,10,/ve-remi-dmz-dmz-sh-nas01/data/de_group/ghz_11401/data/wind_timeseries/aligned_15min/data_process/entsoe/GRGBW-2/GRGBW-2_2.csv,GRGBW-2_2.csv
GRGBW-2,entsoe,data_process,11,/ve-remi-dmz-dmz-sh-nas01/data/de_group/ghz_11401/data/wind_timeseries/aligned_15min/data_process/entsoe/GRGBW-2/GRGBW-2_3.csv,GRGBW-2_3.csv
GRGBW-2,entsoe,data_process,12,/ve-remi-dmz-dmz-sh-nas01/data/de_group/ghz_11401/data/wind_timeseries/aligned_15min/data_process/entsoe/GRGBW-2/GRGBW-2_4.csv,GRGBW-2_4.csv
GRGBW-2,entsoe,data_process,13,/ve-remi-dmz-dmz-sh-nas01/data/de_group/ghz_11401/data/wind_timeseries/aligned_15min/data_process/entsoe/GRGBW-2/GRGBW-2_5.csv,GRGBW-2_5.csv
GRGBW-2,entsoe,data_process,14,/ve-remi-dmz-dmz-sh-nas01/data/de_group/ghz_11401/data/wind_timeseries/aligned_15min/data_process/entsoe/GRGBW-2/GRGBW-2_6.csv,GRGBW-2_6.csv
GRGBW-2,entsoe,data_process,15,/ve-remi-dmz-dmz-sh-nas01/data/de_group/ghz_11401/data/wind_timeseries/aligned_15min/data_process/entsoe/GRGBW-2/GRGBW-2_7.csv,GRGBW-2_7.csv
GRGBW-2,entsoe,data_process,16,/ve-remi-dmz-dmz-sh-nas01/data/de_group/ghz_11401/data/wind_timeseries/aligned_15min/data_process/entsoe/GRGBW-2/GRGBW-2_8.csv,GRGBW-2_8.csv
GRGBW-2,entsoe,data_process,17,/ve-remi-dmz-dmz-sh-nas01/data/de_group/ghz_11401/data/wind_timeseries/aligned_15min/data_process/entsoe/GRGBW-2/GRGBW-2_9.csv,GRGBW-2_9.csv
GRGBW-3,entsoe,aligned_segments,1,/ve-remi-dmz-dmz-sh-nas01/data/de_group/ghz_11401/data/wind_timeseries/aligned_15min/entsoe/segments/GRGBW-3_seg001.csv,GRGBW-3_seg001.csv
GRGBW-3,entsoe,aligned_segments,2,/ve-remi-dmz-dmz-sh-nas01/data/de_group/ghz_11401/data/wind_timeseries/aligned_15min/entsoe/segments/GRGBW-3_seg002.csv,GRGBW-3_seg002.csv
GRGBW-3,entsoe,aligned_segments,3,/ve-remi-dmz-dmz-sh-nas01/data/de_group/ghz_11401/data/wind_timeseries/aligned_15min/entsoe/segments/GRGBW-3_seg003.csv,GRGBW-3_seg003.csv
GRGBW-3,entsoe,aligned_segments,4,/ve-remi-dmz-dmz-sh-nas01/data/de_group/ghz_11401/data/wind_timeseries/aligned_15min/entsoe/segments/GRGBW-3_seg004.csv,GRGBW-3_seg004.csv
GRGBW-3,entsoe,aligned_segments,5,/ve-remi-dmz-dmz-sh-nas01/data/de_group/ghz_11401/data/wind_timeseries/aligned_15min/entsoe/segments/GRGBW-3_seg005.csv,GRGBW-3_seg005.csv
GRGBW-3,entsoe,aligned_segments,6,/ve-remi-dmz-dmz-sh-nas01/data/de_group/ghz_11401/data/wind_timeseries/aligned_15min/entsoe/segments/GRGBW-3_seg006.csv,GRGBW-3_seg006.csv
GRGBW-3,entsoe,aligned_segments,7,/ve-remi-dmz-dmz-sh-nas01/data/de_group/ghz_11401/data/wind_timeseries/aligned_15min/entsoe/segments/GRGBW-3_seg007.csv,GRGBW-3_seg007.csv
GRGBW-3,entsoe,aligned_segments,8,/ve-remi-dmz-dmz-sh-nas01/data/de_group/ghz_11401/data/wind_timeseries/aligned_15min/entsoe/segments/GRGBW-3_seg008.csv,GRGBW-3_seg008.csv
GRGBW-3,entsoe,aligned_segments,9,/ve-remi-dmz-dmz-sh-nas01/data/de_group/ghz_11401/data/wind_timeseries/aligned_15min/entsoe/segments/GRGBW-3_seg009.csv,GRGBW-3_seg009.csv
GRGBW-3,entsoe,aligned_segments,10,/ve-remi-dmz-dmz-sh-nas01/data/de_group/ghz_11401/data/wind_timeseries/aligned_15min/entsoe/segments/GRGBW-3_seg010.csv,GRGBW-3_seg010.csv
GRGBW-3,entsoe,aligned_segments,11,/ve-remi-dmz-dmz-sh-nas01/data/de_group/ghz_11401/data/wind_timeseries/aligned_15min/entsoe/segments/GRGBW-3_seg011.csv,GRGBW-3_seg011.csv
GRGBW-3,entsoe,aligned_segments,12,/ve-remi-dmz-dmz-sh-nas01/data/de_group/ghz_11401/data/wind_timeseries/aligned_15min/entsoe/segments/GRGBW-3_seg012.csv,GRGBW-3_seg012.csv
GRGBW-3,entsoe,aligned_segments,13,/ve-remi-dmz-dmz-sh-nas01/data/de_group/ghz_11401/data/wind_timeseries/aligned_15min/entsoe/segments/GRGBW-3_seg013.csv,GRGBW-3_seg013.csv
GRGBW-3,entsoe,aligned_segments,14,/ve-remi-dmz-dmz-sh-nas01/data/de_group/ghz_11401/data/wind_timeseries/aligned_15min/entsoe/segments/GRGBW-3_seg014.csv,GRGBW-3_seg014.csv
GRGBW-3,entsoe,aligned_segments,15,/ve-remi-dmz-dmz-sh-nas01/data/de_group/ghz_11401/data/wind_timeseries/aligned_15min/entsoe/segments/GRGBW-3_seg015.csv,GRGBW-3_seg015.csv
GRGBW-3,entsoe,aligned_segments,16,/ve-remi-dmz-dmz-sh-nas01/data/de_group/ghz_11401/data/wind_timeseries/aligned_15min/entsoe/segments/GRGBW-3_seg016.csv,GRGBW-3_seg016.csv
GRGBW-3,entsoe,aligned_segments,17,/ve-remi-dmz-dmz-sh-nas01/data/de_group/ghz_11401/data/wind_timeseries/aligned_15min/entsoe/segments/GRGBW-3_seg017.csv,GRGBW-3_seg017.csv
GRGBW-3,entsoe,aligned_segments,18,/ve-remi-dmz-dmz-sh-nas01/data/de_group/ghz_11401/data/wind_timeseries/aligned_15min/entsoe/segments/GRGBW-3_seg018.csv,GRGBW-3_seg018.csv
GRGBW-3,entsoe,aligned_segments,19,/ve-remi-dmz-dmz-sh-nas01/data/de_group/ghz_11401/data/wind_timeseries/aligned_15min/entsoe/segments/GRGBW-3_seg019.csv,GRGBW-3_seg019.csv
GRGBW-3,entsoe,aligned_segments,20,/ve-remi-dmz-dmz-sh-nas01/data/de_group/ghz_11401/data/wind_timeseries/aligned_15min/entsoe/segments/GRGBW-3_seg020.csv,GRGBW-3_seg020.csv
GRGBW-3,entsoe,aligned_segments,21,/ve-remi-dmz-dmz-sh-nas01/data/de_group/ghz_11401/data/wind_timeseries/aligned_15min/entsoe/segments/GRGBW-3_seg021.csv,GRGBW-3_seg021.csv
GRGBW-3,entsoe,aligned_segments,22,/ve-remi-dmz-dmz-sh-nas01/data/de_group/ghz_11401/data/wind_timeseries/aligned_15min/entsoe/segments/GRGBW-3_seg022.csv,GRGBW-3_seg022.csv
GRGBW-3,entsoe,aligned_segments,23,/ve-remi-dmz-dmz-sh-nas01/data/de_group/ghz_11401/data/wind_timeseries/aligned_15min/entsoe/segments/GRGBW-3_seg023.csv,GRGBW-3_seg023.csv
GRGBW-3,entsoe,aligned_segments,24,/ve-remi-dmz-dmz-sh-nas01/data/de_group/ghz_11401/data/wind_timeseries/aligned_15min/entsoe/segments/GRGBW-3_seg024.csv,GRGBW-3_seg024.csv
GRGBW-3,entsoe,aligned_segments,25,/ve-remi-dmz-dmz-sh-nas01/data/de_group/ghz_11401/data/wind_timeseries/aligned_15min/entsoe/segments/GRGBW-3_seg025.csv,GRGBW-3_seg025.csv
GRGBW-3,entsoe,aligned_segments,26,/ve-remi-dmz-dmz-sh-nas01/data/de_group/ghz_11401/data/wind_timeseries/aligned_15min/entsoe/segments/GRGBW-3_seg026.csv,GRGBW-3_seg026.csv
GRGBW-3,entsoe,aligned_segments,27,/ve-remi-dmz-dmz-sh-nas01/data/de_group/ghz_11401/data/wind_timeseries/aligned_15min/entsoe/segments/GRGBW-3_seg027.csv,GRGBW-3_seg027.csv
GRGBW-3,entsoe,aligned_segments,28,/ve-remi-dmz-dmz-sh-nas01/data/de_group/ghz_11401/data/wind_timeseries/aligned_15min/entsoe/segments/GRGBW-3_seg028.csv,GRGBW-3_seg028.csv
GRGBW-3,entsoe,aligned_segments,29,/ve-remi-dmz-dmz-sh-nas01/data/de_group/ghz_11401/data/wind_timeseries/aligned_15min/entsoe/segments/GRGBW-3_seg029.csv,GRGBW-3_seg029.csv
GRGBW-3,entsoe,aligned_segments,30,/ve-remi-dmz-dmz-sh-nas01/data/de_group/ghz_11401/data/wind_timeseries/aligned_15min/entsoe/segments/GRGBW-3_seg030.csv,GRGBW-3_seg030.csv
GRGBW-3,entsoe,aligned_segments,31,/ve-remi-dmz-dmz-sh-nas01/data/de_group/ghz_11401/data/wind_timeseries/aligned_15min/entsoe/segments/GRGBW-3_seg031.csv,GRGBW-3_seg031.csv
GRGBW-3,entsoe,aligned_segments,32,/ve-remi-dmz-dmz-sh-nas01/data/de_group/ghz_11401/data/wind_timeseries/aligned_15min/entsoe/segments/GRGBW-3_seg032.csv,GRGBW-3_seg032.csv
GRGBW-3,entsoe,aligned_segments,33,/ve-remi-dmz-dmz-sh-nas01/data/de_group/ghz_11401/data/wind_timeseries/aligned_15min/entsoe/segments/GRGBW-3_seg033.csv,GRGBW-3_seg033.csv
GRGBW-3,entsoe,aligned_segments,34,/ve-remi-dmz-dmz-sh-nas01/data/de_group/ghz_11401/data/wind_timeseries/aligned_15min/entsoe/segments/GRGBW-3_seg034.csv,GRGBW-3_seg034.csv
GRGBW-3,entsoe,aligned_segments,35,/ve-remi-dmz-dmz-sh-nas01/data/de_group/ghz_11401/data/wind_timeseries/aligned_15min/entsoe/segments/GRGBW-3_seg035.csv,GRGBW-3_seg035.csv
GRGBW-3,entsoe,aligned_segments,36,/ve-remi-dmz-dmz-sh-nas01/data/de_group/ghz_11401/data/wind_timeseries/aligned_15min/entsoe/segments/GRGBW-3_seg036.csv,GRGBW-3_seg036.csv
GRGBW-3,entsoe,aligned_segments,37,/ve-remi-dmz-dmz-sh-nas01/data/de_group/ghz_11401/data/wind_timeseries/aligned_15min/entsoe/segments/GRGBW-3_seg037.csv,GRGBW-3_seg037.csv
GRGBW-3,entsoe,aligned_segments,38,/ve-remi-dmz-dmz-sh-nas01/data/de_group/ghz_11401/data/wind_timeseries/aligned_15min/entsoe/segments/GRGBW-3_seg038.csv,GRGBW-3_seg038.csv
GRGBW-3,entsoe,aligned_segments,39,/ve-remi-dmz-dmz-sh-nas01/data/de_group/ghz_11401/data/wind_timeseries/aligned_15min/entsoe/segments/GRGBW-3_seg039.csv,GRGBW-3_seg039.csv
GRGBW-3,entsoe,aligned_segments,40,/ve-remi-dmz-dmz-sh-nas01/data/de_group/ghz_11401/data/wind_timeseries/aligned_15min/entsoe/segments/GRGBW-3_seg040.csv,GRGBW-3_seg040.csv
GRGBW-3,entsoe,aligned_segments,41,/ve-remi-dmz-dmz-sh-nas01/data/de_group/ghz_11401/data/wind_timeseries/aligned_15min/entsoe/segments/GRGBW-3_seg041.csv,GRGBW-3_seg041.csv
GRGBW-3,entsoe,aligned_segments,42,/ve-remi-dmz-dmz-sh-nas01/data/de_group/ghz_11401/data/wind_timeseries/aligned_15min/entsoe/segments/GRGBW-3_seg042.csv,GRGBW-3_seg042.csv
GRGBW-3,entsoe,aligned_segments,43,/ve-remi-dmz-dmz-sh-nas01/data/de_group/ghz_11401/data/wind_timeseries/aligned_15min/entsoe/segments/GRGBW-3_seg043.csv,GRGBW-3_seg043.csv
GRGBW-3,entsoe,aligned_segments,44,/ve-remi-dmz-dmz-sh-nas01/data/de_group/ghz_11401/data/wind_timeseries/aligned_15min/entsoe/segments/GRGBW-3_seg044.csv,GRGBW-3_seg044.csv
GRGBW-3,entsoe,aligned_segments,45,/ve-remi-dmz-dmz-sh-nas01/data/de_group/ghz_11401/data/wind_timeseries/aligned_15min/entsoe/segments/GRGBW-3_seg045.csv,GRGBW-3_seg045.csv
GRGBW-3,entsoe,aligned_segments,46,/ve-remi-dmz-dmz-sh-nas01/data/de_group/ghz_11401/data/wind_timeseries/aligned_15min/entsoe/segments/GRGBW-3_seg046.csv,GRGBW-3_seg046.csv
GRGBW-3,entsoe,aligned_segments,47,/ve-remi-dmz-dmz-sh-nas01/data/de_group/ghz_11401/data/wind_timeseries/aligned_15min/entsoe/segments/GRGBW-3_seg047.csv,GRGBW-3_seg047.csv
GRGBW-3,entsoe,aligned_segments,48,/ve-remi-dmz-dmz-sh-nas01/data/de_group/ghz_11401/data/wind_timeseries/aligned_15min/entsoe/segments/GRGBW-3_seg048.csv,GRGBW-3_seg048.csv
GRGBW-3,entsoe,aligned_segments,49,/ve-remi-dmz-dmz-sh-nas01/data/de_group/ghz_11401/data/wind_timeseries/aligned_15min/entsoe/segments/GRGBW-3_seg049.csv,GRGBW-3_seg049.csv
GRGBW-3,entsoe,aligned_segments,50,/ve-remi-dmz-dmz-sh-nas01/data/de_group/ghz_11401/data/wind_timeseries/aligned_15min/entsoe/segments/GRGBW-3_seg050.csv,GRGBW-3_seg050.csv
GRGBW-3,entsoe,aligned_segments,51,/ve-remi-dmz-dmz-sh-nas01/data/de_group/ghz_11401/data/wind_timeseries/aligned_15min/entsoe/segments/GRGBW-3_seg051.csv,GRGBW-3_seg051.csv
GRGBW-3,entsoe,aligned_segments,52,/ve-remi-dmz-dmz-sh-nas01/data/de_group/ghz_11401/data/wind_timeseries/aligned_15min/entsoe/segments/GRGBW-3_seg052.csv,GRGBW-3_seg052.csv
GRGBW-3,entsoe,aligned_segments,53,/ve-remi-dmz-dmz-sh-nas01/data/de_group/ghz_11401/data/wind_timeseries/aligned_15min/entsoe/segments/GRGBW-3_seg053.csv,GRGBW-3_seg053.csv
GRGBW-3,entsoe,aligned_segments,54,/ve-remi-dmz-dmz-sh-nas01/data/de_group/ghz_11401/data/wind_timeseries/aligned_15min/entsoe/segments/GRGBW-3_seg054.csv,GRGBW-3_seg054.csv
GRGBW-3,entsoe,aligned_segments,55,/ve-remi-dmz-dmz-sh-nas01/data/de_group/ghz_11401/data/wind_timeseries/aligned_15min/entsoe/segments/GRGBW-3_seg055.csv,GRGBW-3_seg055.csv
GRGBW-3,entsoe,aligned_segments,56,/ve-remi-dmz-dmz-sh-nas01/data/de_group/ghz_11401/data/wind_timeseries/aligned_15min/entsoe/segments/GRGBW-3_seg056.csv,GRGBW-3_seg056.csv
GRGBW-3,entsoe,aligned_segments,57,/ve-remi-dmz-dmz-sh-nas01/data/de_group/ghz_11401/data/wind_timeseries/aligned_15min/entsoe/segments/GRGBW-3_seg057.csv,GRGBW-3_seg057.csv
GRGBW-3,entsoe,aligned_segments,58,/ve-remi-dmz-dmz-sh-nas01/data/de_group/ghz_11401/data/wind_timeseries/aligned_15min/entsoe/segments/GRGBW-3_seg058.csv,GRGBW-3_seg058.csv
GRGBW-3,entsoe,aligned_segments,59,/ve-remi-dmz-dmz-sh-nas01/data/de_group/ghz_11401/data/wind_timeseries/aligned_15min/entsoe/segments/GRGBW-3_seg059.csv,GRGBW-3_seg059.csv
GRGBW-3,entsoe,aligned_segments,60,/ve-remi-dmz-dmz-sh-nas01/data/de_group/ghz_11401/data/wind_timeseries/aligned_15min/entsoe/segments/GRGBW-3_seg060.csv,GRGBW-3_seg060.csv
GRGBW-3,entsoe,aligned_segments,61,/ve-remi-dmz-dmz-sh-nas01/data/de_group/ghz_11401/data/wind_timeseries/aligned_15min/entsoe/segments/GRGBW-3_seg061.csv,GRGBW-3_seg061.csv
GRGBW-3,entsoe,aligned_segments,62,/ve-remi-dmz-dmz-sh-nas01/data/de_group/ghz_11401/data/wind_timeseries/aligned_15min/entsoe/segments/GRGBW-3_seg062.csv,GRGBW-3_seg062.csv
GRGBW-3,entsoe,aligned_segments,63,/ve-remi-dmz-dmz-sh-nas01/data/de_group/ghz_11401/data/wind_timeseries/aligned_15min/entsoe/segments/GRGBW-3_seg063.csv,GRGBW-3_seg063.csv
GRGBW-3,entsoe,aligned_segments,64,/ve-remi-dmz-dmz-sh-nas01/data/de_group/ghz_11401/data/wind_timeseries/aligned_15min/entsoe/segments/GRGBW-3_seg064.csv,GRGBW-3_seg064.csv
GRGBW-3,entsoe,aligned_segments,65,/ve-remi-dmz-dmz-sh-nas01/data/de_group/ghz_11401/data/wind_timeseries/aligned_15min/entsoe/segments/GRGBW-3_seg065.csv,GRGBW-3_seg065.csv
GRGBW-3,entsoe,aligned_segments,66,/ve-remi-dmz-dmz-sh-nas01/data/de_group/ghz_11401/data/wind_timeseries/aligned_15min/entsoe/segments/GRGBW-3_seg066.csv,GRGBW-3_seg066.csv
GRGBW-3,entsoe,aligned_segments,67,/ve-remi-dmz-dmz-sh-nas01/data/de_group/ghz_11401/data/wind_timeseries/aligned_15min/entsoe/segments/GRGBW-3_seg067.csv,GRGBW-3_seg067.csv
GRGBW-3,entsoe,aligned_segments,68,/ve-remi-dmz-dmz-sh-nas01/data/de_group/ghz_11401/data/wind_timeseries/aligned_15min/entsoe/segments/GRGBW-3_seg068.csv,GRGBW-3_seg068.csv
GRGBW-3,entsoe,aligned_segments,69,/ve-remi-dmz-dmz-sh-nas01/data/de_group/ghz_11401/data/wind_timeseries/aligned_15min/entsoe/segments/GRGBW-3_seg069.csv,GRGBW-3_seg069.csv
GRGBW-3,entsoe,aligned_segments,70,/ve-remi-dmz-dmz-sh-nas01/data/de_group/ghz_11401/data/wind_timeseries/aligned_15min/entsoe/segments/GRGBW-3_seg070.csv,GRGBW-3_seg070.csv
GRGBW-3,entsoe,aligned_segments,71,/ve-remi-dmz-dmz-sh-nas01/data/de_group/ghz_11401/data/wind_timeseries/aligned_15min/entsoe/segments/GRGBW-3_seg071.csv,GRGBW-3_seg071.csv
GRGBW-3,entsoe,aligned_segments,72,/ve-remi-dmz-dmz-sh-nas01/data/de_group/ghz_11401/data/wind_timeseries/aligned_15min/entsoe/segments/GRGBW-3_seg072.csv,GRGBW-3_seg072.csv
GRGBW-3,entsoe,aligned_segments,73,/ve-remi-dmz-dmz-sh-nas01/data/de_group/ghz_11401/data/wind_timeseries/aligned_15min/entsoe/segments/GRGBW-3_seg073.csv,GRGBW-3_seg073.csv
GRGBW-3,entsoe,aligned_segments,74,/ve-remi-dmz-dmz-sh-nas01/data/de_group/ghz_11401/data/wind_timeseries/aligned_15min/entsoe/segments/GRGBW-3_seg074.csv,GRGBW-3_seg074.csv
GRGBW-3,entsoe,aligned_segments,75,/ve-remi-dmz-dmz-sh-nas01/data/de_group/ghz_11401/data/wind_timeseries/aligned_15min/entsoe/segments/GRGBW-3_seg075.csv,GRGBW-3_seg075.csv
GRGBW-3,entsoe,aligned_segments,76,/ve-remi-dmz-dmz-sh-nas01/data/de_group/ghz_11401/data/wind_timeseries/aligned_15min/entsoe/segments/GRGBW-3_seg076.csv,GRGBW-3_seg076.csv
GRGBW-3,entsoe,aligned_segments,77,/ve-remi-dmz-dmz-sh-nas01/data/de_group/ghz_11401/data/wind_timeseries/aligned_15min/entsoe/segments/GRGBW-3_seg077.csv,GRGBW-3_seg077.csv
GRGBW-3,entsoe,aligned_segments,78,/ve-remi-dmz-dmz-sh-nas01/data/de_group/ghz_11401/data/wind_timeseries/aligned_15min/entsoe/segments/GRGBW-3_seg078.csv,GRGBW-3_seg078.csv
GRGBW-3,entsoe,aligned_segments,79,/ve-remi-dmz-dmz-sh-nas01/data/de_group/ghz_11401/data/wind_timeseries/aligned_15min/entsoe/segments/GRGBW-3_seg079.csv,GRGBW-3_seg079.csv
GRGBW-3,entsoe,aligned_segments,80,/ve-remi-dmz-dmz-sh-nas01/data/de_group/ghz_11401/data/wind_timeseries/aligned_15min/entsoe/segments/GRGBW-3_seg080.csv,GRGBW-3_seg080.csv
GRGBW-3,entsoe,aligned_segments,81,/ve-remi-dmz-dmz-sh-nas01/data/de_group/ghz_11401/data/wind_timeseries/aligned_15min/entsoe/segments/GRGBW-3_seg081.csv,GRGBW-3_seg081.csv
GRGBW-3,entsoe,aligned_segments,82,/ve-remi-dmz-dmz-sh-nas01/data/de_group/ghz_11401/data/wind_timeseries/aligned_15min/entsoe/segments/GRGBW-3_seg082.csv,GRGBW-3_seg082.csv
GRGBW-3,entsoe,aligned_segments,83,/ve-remi-dmz-dmz-sh-nas01/data/de_group/ghz_11401/data/wind_timeseries/aligned_15min/entsoe/segments/GRGBW-3_seg083.csv,GRGBW-3_seg083.csv
GRGBW-3,entsoe,aligned_segments,84,/ve-remi-dmz-dmz-sh-nas01/data/de_group/ghz_11401/data/wind_timeseries/aligned_15min/entsoe/segments/GRGBW-3_seg084.csv,GRGBW-3_seg084.csv
GRGBW-3,entsoe,aligned_segments,85,/ve-remi-dmz-dmz-sh-nas01/data/de_group/ghz_11401/data/wind_timeseries/aligned_15min/entsoe/segments/GRGBW-3_seg085.csv,GRGBW-3_seg085.csv
GRGBW-3,entsoe,aligned_segments,86,/ve-remi-dmz-dmz-sh-nas01/data/de_group/ghz_11401/data/wind_timeseries/aligned_15min/entsoe/segments/GRGBW-3_seg086.csv,GRGBW-3_seg086.csv
GRGBW-3,entsoe,aligned_segments,87,/ve-remi-dmz-dmz-sh-nas01/data/de_group/ghz_11401/data/wind_timeseries/aligned_15min/entsoe/segments/GRGBW-3_seg087.csv,GRGBW-3_seg087.csv
GRGBW-3,entsoe,aligned_segments,88,/ve-remi-dmz-dmz-sh-nas01/data/de_group/ghz_11401/data/wind_timeseries/aligned_15min/entsoe/segments/GRGBW-3_seg088.csv,GRGBW-3_seg088.csv
GRGBW-3,entsoe,aligned_segments,89,/ve-remi-dmz-dmz-sh-nas01/data/de_group/ghz_11401/data/wind_timeseries/aligned_15min/entsoe/segments/GRGBW-3_seg089.csv,GRGBW-3_seg089.csv
GRGBW-3,entsoe,aligned_segments,90,/ve-remi-dmz-dmz-sh-nas01/data/de_group/ghz_11401/data/wind_timeseries/aligned_15min/entsoe/segments/GRGBW-3_seg090.csv,GRGBW-3_seg090.csv
GRGBW-3,entsoe,aligned_segments,91,/ve-remi-dmz-dmz-sh-nas01/data/de_group/ghz_11401/data/wind_timeseries/aligned_15min/entsoe/segments/GRGBW-3_seg091.csv,GRGBW-3_seg091.csv
GRGBW-3,entsoe,aligned_segments,92,/ve-remi-dmz-dmz-sh-nas01/data/de_group/ghz_11401/data/wind_timeseries/aligned_15min/entsoe/segments/GRGBW-3_seg092.csv,GRGBW-3_seg092.csv
GRGBW-3,entsoe,aligned_segments,93,/ve-remi-dmz-dmz-sh-nas01/data/de_group/ghz_11401/data/wind_timeseries/aligned_15min/entsoe/segments/GRGBW-3_seg093.csv,GRGBW-3_seg093.csv
GRGBW-3,entsoe,aligned_segments,94,/ve-remi-dmz-dmz-sh-nas01/data/de_group/ghz_11401/data/wind_timeseries/aligned_15min/entsoe/segments/GRGBW-3_seg094.csv,GRGBW-3_seg094.csv
GRGBW-3,entsoe,aligned_segments,95,/ve-remi-dmz-dmz-sh-nas01/data/de_group/ghz_11401/data/wind_timeseries/aligned_15min/entsoe/segments/GRGBW-3_seg095.csv,GRGBW-3_seg095.csv
GRGBW-3,entsoe,aligned_segments,96,/ve-remi-dmz-dmz-sh-nas01/data/de_group/ghz_11401/data/wind_timeseries/aligned_15min/entsoe/segments/GRGBW-3_seg096.csv,GRGBW-3_seg096.csv
GRGBW-3,entsoe,aligned_segments,97,/ve-remi-dmz-dmz-sh-nas01/data/de_group/ghz_11401/data/wind_timeseries/aligned_15min/entsoe/segments/GRGBW-3_seg097.csv,GRGBW-3_seg097.csv
GRGBW-3,entsoe,aligned_segments,98,/ve-remi-dmz-dmz-sh-nas01/data/de_group/ghz_11401/data/wind_timeseries/aligned_15min/entsoe/segments/GRGBW-3_seg098.csv,GRGBW-3_seg098.csv
GRGBW-3,entsoe,aligned_segments,99,/ve-remi-dmz-dmz-sh-nas01/data/de_group/ghz_11401/data/wind_timeseries/aligned_15min/entsoe/segments/GRGBW-3_seg099.csv,GRGBW-3_seg099.csv
GRGBW-3,entsoe,aligned_segments,100,/ve-remi-dmz-dmz-sh-nas01/data/de_group/ghz_11401/data/wind_timeseries/aligned_15min/entsoe/segments/GRGBW-3_seg100.csv,GRGBW-3_seg100.csv
GRGBW-3,entsoe,aligned_segments,101,/ve-remi-dmz-dmz-sh-nas01/data/de_group/ghz_11401/data/wind_timeseries/aligned_15min/entsoe/segments/GRGBW-3_seg101.csv,GRGBW-3_seg101.csv
GRGBW-3,entsoe,aligned_segments,102,/ve-remi-dmz-dmz-sh-nas01/data/de_group/ghz_11401/data/wind_timeseries/aligned_15min/entsoe/segments/GRGBW-3_seg102.csv,GRGBW-3_seg102.csv
GRGBW-3,entsoe,aligned_segments,103,/ve-remi-dmz-dmz-sh-nas01/data/de_group/ghz_11401/data/wind_timeseries/aligned_15min/entsoe/segments/GRGBW-3_seg103.csv,GRGBW-3_seg103.csv
GRGBW-3,entsoe,aligned_segments,104,/ve-remi-dmz-dmz-sh-nas01/data/de_group/ghz_11401/data/wind_timeseries/aligned_15min/entsoe/segments/GRGBW-3_seg104.csv,GRGBW-3_seg104.csv
GRGBW-3,entsoe,aligned_segments,105,/ve-remi-dmz-dmz-sh-nas01/data/de_group/ghz_11401/data/wind_timeseries/aligned_15min/entsoe/segments/GRGBW-3_seg105.csv,GRGBW-3_seg105.csv
GRGBW-3,entsoe,aligned_segments,106,/ve-remi-dmz-dmz-sh-nas01/data/de_group/ghz_11401/data/wind_timeseries/aligned_15min/entsoe/segments/GRGBW-3_seg106.csv,GRGBW-3_seg106.csv
GRGBW-3,entsoe,aligned_segments,107,/ve-remi-dmz-dmz-sh-nas01/data/de_group/ghz_11401/data/wind_timeseries/aligned_15min/entsoe/segments/GRGBW-3_seg107.csv,GRGBW-3_seg107.csv
GRGBW-3,entsoe,aligned_segments,108,/ve-remi-dmz-dmz-sh-nas01/data/de_group/ghz_11401/data/wind_timeseries/aligned_15min/entsoe/segments/GRGBW-3_seg108.csv,GRGBW-3_seg108.csv
GRGBW-3,entsoe,aligned_segments,109,/ve-remi-dmz-dmz-sh-nas01/data/de_group/ghz_11401/data/wind_timeseries/aligned_15min/entsoe/segments/GRGBW-3_seg109.csv,GRGBW-3_seg109.csv
GRGBW-3,entsoe,aligned_segments,110,/ve-remi-dmz-dmz-sh-nas01/data/de_group/ghz_11401/data/wind_timeseries/aligned_15min/entsoe/segments/GRGBW-3_seg110.csv,GRGBW-3_seg110.csv
GRGBW-3,entsoe,aligned_segments,111,/ve-remi-dmz-dmz-sh-nas01/data/de_group/ghz_11401/data/wind_timeseries/aligned_15min/entsoe/segments/GRGBW-3_seg111.csv,GRGBW-3_seg111.csv
GRGBW-3,entsoe,aligned_segments,112,/ve-remi-dmz-dmz-sh-nas01/data/de_group/ghz_11401/data/wind_timeseries/aligned_15min/entsoe/segments/GRGBW-3_seg112.csv,GRGBW-3_seg112.csv
GRGBW-3,entsoe,aligned_segments,113,/ve-remi-dmz-dmz-sh-nas01/data/de_group/ghz_11401/data/wind_timeseries/aligned_15min/entsoe/segments/GRGBW-3_seg113.csv,GRGBW-3_seg113.csv
GRGBW-3,entsoe,aligned_segments,114,/ve-remi-dmz-dmz-sh-nas01/data/de_group/ghz_11401/data/wind_timeseries/aligned_15min/entsoe/segments/GRGBW-3_seg114.csv,GRGBW-3_seg114.csv
GRGBW-3,entsoe,aligned_segments,115,/ve-remi-dmz-dmz-sh-nas01/data/de_group/ghz_11401/data/wind_timeseries/aligned_15min/entsoe/segments/GRGBW-3_seg115.csv,GRGBW-3_seg115.csv
GRGBW-3,entsoe,aligned_segments,116,/ve-remi-dmz-dmz-sh-nas01/data/de_group/ghz_11401/data/wind_timeseries/aligned_15min/entsoe/segments/GRGBW-3_seg116.csv,GRGBW-3_seg116.csv
GRGBW-3,entsoe,aligned_segments,117,/ve-remi-dmz-dmz-sh-nas01/data/de_group/ghz_11401/data/wind_timeseries/aligned_15min/entsoe/segments/GRGBW-3_seg117.csv,GRGBW-3_seg117.csv
GRGBW-3,entsoe,aligned_segments,118,/ve-remi-dmz-dmz-sh-nas01/data/de_group/ghz_11401/data/wind_timeseries/aligned_15min/entsoe/segments/GRGBW-3_seg118.csv,GRGBW-3_seg118.csv
GRGBW-3,entsoe,data_process,1,/ve-remi-dmz-dmz-sh-nas01/data/de_group/ghz_11401/data/wind_timeseries/aligned_15min/data_process/entsoe/GRGBW-3/GRGBW-3_0.csv,GRGBW-3_0.csv
GRGBW-3,entsoe,data_process,2,/ve-remi-dmz-dmz-sh-nas01/data/de_group/ghz_11401/data/wind_timeseries/aligned_15min/data_process/entsoe/GRGBW-3/GRGBW-3_1.csv,GRGBW-3_1.csv
GRGBW-3,entsoe,data_process,3,/ve-remi-dmz-dmz-sh-nas01/data/de_group/ghz_11401/data/wind_timeseries/aligned_15min/data_process/entsoe/GRGBW-3/GRGBW-3_10.csv,GRGBW-3_10.csv
GRGBW-3,entsoe,data_process,4,/ve-remi-dmz-dmz-sh-nas01/data/de_group/ghz_11401/data/wind_timeseries/aligned_15min/data_process/entsoe/GRGBW-3/GRGBW-3_11.csv,GRGBW-3_11.csv
GRGBW-3,entsoe,data_process,5,/ve-remi-dmz-dmz-sh-nas01/data/de_group/ghz_11401/data/wind_timeseries/aligned_15min/data_process/entsoe/GRGBW-3/GRGBW-3_12.csv,GRGBW-3_12.csv
GRGBW-3,entsoe,data_process,6,/ve-remi-dmz-dmz-sh-nas01/data/de_group/ghz_11401/data/wind_timeseries/aligned_15min/data_process/entsoe/GRGBW-3/GRGBW-3_13.csv,GRGBW-3_13.csv
GRGBW-3,entsoe,data_process,7,/ve-remi-dmz-dmz-sh-nas01/data/de_group/ghz_11401/data/wind_timeseries/aligned_15min/data_process/entsoe/GRGBW-3/GRGBW-3_14.csv,GRGBW-3_14.csv
GRGBW-3,entsoe,data_process,8,/ve-remi-dmz-dmz-sh-nas01/data/de_group/ghz_11401/data/wind_timeseries/aligned_15min/data_process/entsoe/GRGBW-3/GRGBW-3_15.csv,GRGBW-3_15.csv
GRGBW-3,entsoe,data_process,9,/ve-remi-dmz-dmz-sh-nas01/data/de_group/ghz_11401/data/wind_timeseries/aligned_15min/data_process/entsoe/GRGBW-3/GRGBW-3_16.csv,GRGBW-3_16.csv
GRGBW-3,entsoe,data_process,10,/ve-remi-dmz-dmz-sh-nas01/data/de_group/ghz_11401/data/wind_timeseries/aligned_15min/data_process/entsoe/GRGBW-3/GRGBW-3_2.csv,GRGBW-3_2.csv
GRGBW-3,entsoe,data_process,11,/ve-remi-dmz-dmz-sh-nas01/data/de_group/ghz_11401/data/wind_timeseries/aligned_15min/data_process/entsoe/GRGBW-3/GRGBW-3_3.csv,GRGBW-3_3.csv
GRGBW-3,entsoe,data_process,12,/ve-remi-dmz-dmz-sh-nas01/data/de_group/ghz_11401/data/wind_timeseries/aligned_15min/data_process/entsoe/GRGBW-3/GRGBW-3_4.csv,GRGBW-3_4.csv
GRGBW-3,entsoe,data_process,13,/ve-remi-dmz-dmz-sh-nas01/data/de_group/ghz_11401/data/wind_timeseries/aligned_15min/data_process/entsoe/GRGBW-3/GRGBW-3_5.csv,GRGBW-3_5.csv
GRGBW-3,entsoe,data_process,14,/ve-remi-dmz-dmz-sh-nas01/data/de_group/ghz_11401/data/wind_timeseries/aligned_15min/data_process/entsoe/GRGBW-3/GRGBW-3_6.csv,GRGBW-3_6.csv
GRGBW-3,entsoe,data_process,15,/ve-remi-dmz-dmz-sh-nas01/data/de_group/ghz_11401/data/wind_timeseries/aligned_15min/data_process/entsoe/GRGBW-3/GRGBW-3_7.csv,GRGBW-3_7.csv
GRGBW-3,entsoe,data_process,16,/ve-remi-dmz-dmz-sh-nas01/data/de_group/ghz_11401/data/wind_timeseries/aligned_15min/data_process/entsoe/GRGBW-3/GRGBW-3_8.csv,GRGBW-3_8.csv
GRGBW-3,entsoe,data_process,17,/ve-remi-dmz-dmz-sh-nas01/data/de_group/ghz_11401/data/wind_timeseries/aligned_15min/data_process/entsoe/GRGBW-3/GRGBW-3_9.csv,GRGBW-3_9.csv
GULLRWF1,aemo,aligned_segments,1,/ve-remi-dmz-dmz-sh-nas01/data/de_group/ghz_11401/data/wind_timeseries/aligned_15min/aemo/segments/GULLRWF1_seg001.csv,GULLRWF1_seg001.csv
GULLRWF1,aemo,data_process,1,/ve-remi-dmz-dmz-sh-nas01/data/de_group/ghz_11401/data/wind_timeseries/aligned_15min/data_process/aemo/GULLRWF1/GULLRWF1_seg001.csv,GULLRWF1_seg001.csv
GUNNING1,aemo,aligned_segments,1,/ve-remi-dmz-dmz-sh-nas01/data/de_group/ghz_11401/data/wind_timeseries/aligned_15min/aemo/segments/GUNNING1_seg001.csv,GUNNING1_seg001.csv
GUNNING1,aemo,data_process,1,/ve-remi-dmz-dmz-sh-nas01/data/de_group/ghz_11401/data/wind_timeseries/aligned_15min/data_process/aemo/GUNNING1/GUNNING1_seg001.csv,GUNNING1_seg001.csv
HALLWF1,aemo,aligned_segments,1,/ve-remi-dmz-dmz-sh-nas01/data/de_group/ghz_11401/data/wind_timeseries/aligned_15min/aemo/segments/HALLWF1_seg001.csv,HALLWF1_seg001.csv
HALLWF1,aemo,data_process,1,/ve-remi-dmz-dmz-sh-nas01/data/de_group/ghz_11401/data/wind_timeseries/aligned_15min/data_process/aemo/HALLWF1/HALLWF1_seg001.csv,HALLWF1_seg001.csv
Horns Rev A,entsoe,aligned_segments,1,/ve-remi-dmz-dmz-sh-nas01/data/de_group/ghz_11401/data/wind_timeseries/aligned_15min/entsoe/segments/Horns Rev A_seg001.csv,Horns Rev A_seg001.csv
Horns Rev A,entsoe,aligned_segments,2,/ve-remi-dmz-dmz-sh-nas01/data/de_group/ghz_11401/data/wind_timeseries/aligned_15min/entsoe/segments/Horns Rev A_seg002.csv,Horns Rev A_seg002.csv
Horns Rev A,entsoe,aligned_segments,3,/ve-remi-dmz-dmz-sh-nas01/data/de_group/ghz_11401/data/wind_timeseries/aligned_15min/entsoe/segments/Horns Rev A_seg003.csv,Horns Rev A_seg003.csv
Horns Rev A,entsoe,aligned_segments,4,/ve-remi-dmz-dmz-sh-nas01/data/de_group/ghz_11401/data/wind_timeseries/aligned_15min/entsoe/segments/Horns Rev A_seg004.csv,Horns Rev A_seg004.csv
Horns Rev A,entsoe,aligned_segments,5,/ve-remi-dmz-dmz-sh-nas01/data/de_group/ghz_11401/data/wind_timeseries/aligned_15min/entsoe/segments/Horns Rev A_seg005.csv,Horns Rev A_seg005.csv
Horns Rev A,entsoe,aligned_segments,6,/ve-remi-dmz-dmz-sh-nas01/data/de_group/ghz_11401/data/wind_timeseries/aligned_15min/entsoe/segments/Horns Rev A_seg006.csv,Horns Rev A_seg006.csv
Horns Rev A,entsoe,aligned_segments,7,/ve-remi-dmz-dmz-sh-nas01/data/de_group/ghz_11401/data/wind_timeseries/aligned_15min/entsoe/segments/Horns Rev A_seg007.csv,Horns Rev A_seg007.csv
Horns Rev A,entsoe,aligned_segments,8,/ve-remi-dmz-dmz-sh-nas01/data/de_group/ghz_11401/data/wind_timeseries/aligned_15min/entsoe/segments/Horns Rev A_seg008.csv,Horns Rev A_seg008.csv
Horns Rev A,entsoe,aligned_segments,9,/ve-remi-dmz-dmz-sh-nas01/data/de_group/ghz_11401/data/wind_timeseries/aligned_15min/entsoe/segments/Horns Rev A_seg009.csv,Horns Rev A_seg009.csv
Horns Rev A,entsoe,aligned_segments,10,/ve-remi-dmz-dmz-sh-nas01/data/de_group/ghz_11401/data/wind_timeseries/aligned_15min/entsoe/segments/Horns Rev A_seg010.csv,Horns Rev A_seg010.csv
Horns Rev A,entsoe,aligned_segments,11,/ve-remi-dmz-dmz-sh-nas01/data/de_group/ghz_11401/data/wind_timeseries/aligned_15min/entsoe/segments/Horns Rev A_seg011.csv,Horns Rev A_seg011.csv
Horns Rev A,entsoe,data_process,1,/ve-remi-dmz-dmz-sh-nas01/data/de_group/ghz_11401/data/wind_timeseries/aligned_15min/data_process/entsoe/Horns Rev A/Horns Rev A_0.csv,Horns Rev A_0.csv
Horns Rev A,entsoe,data_process,2,/ve-remi-dmz-dmz-sh-nas01/data/de_group/ghz_11401/data/wind_timeseries/aligned_15min/data_process/entsoe/Horns Rev A/Horns Rev A_1.csv,Horns Rev A_1.csv
Horns Rev A,entsoe,data_process,3,/ve-remi-dmz-dmz-sh-nas01/data/de_group/ghz_11401/data/wind_timeseries/aligned_15min/data_process/entsoe/Horns Rev A/Horns Rev A_2.csv,Horns Rev A_2.csv
Horns Rev A,entsoe,data_process,4,/ve-remi-dmz-dmz-sh-nas01/data/de_group/ghz_11401/data/wind_timeseries/aligned_15min/data_process/entsoe/Horns Rev A/Horns Rev A_3.csv,Horns Rev A_3.csv
Horns Rev A,entsoe,data_process,5,/ve-remi-dmz-dmz-sh-nas01/data/de_group/ghz_11401/data/wind_timeseries/aligned_15min/data_process/entsoe/Horns Rev A/Horns Rev A_4.csv,Horns Rev A_4.csv
Horns Rev A,entsoe,data_process,6,/ve-remi-dmz-dmz-sh-nas01/data/de_group/ghz_11401/data/wind_timeseries/aligned_15min/data_process/entsoe/Horns Rev A/Horns Rev A_5.csv,Horns Rev A_5.csv
Horns Rev B,entsoe,aligned_segments,1,/ve-remi-dmz-dmz-sh-nas01/data/de_group/ghz_11401/data/wind_timeseries/aligned_15min/entsoe/segments/Horns Rev B_seg001.csv,Horns Rev B_seg001.csv
Horns Rev B,entsoe,aligned_segments,2,/ve-remi-dmz-dmz-sh-nas01/data/de_group/ghz_11401/data/wind_timeseries/aligned_15min/entsoe/segments/Horns Rev B_seg002.csv,Horns Rev B_seg002.csv
Horns Rev B,entsoe,aligned_segments,3,/ve-remi-dmz-dmz-sh-nas01/data/de_group/ghz_11401/data/wind_timeseries/aligned_15min/entsoe/segments/Horns Rev B_seg003.csv,Horns Rev B_seg003.csv
Horns Rev B,entsoe,aligned_segments,4,/ve-remi-dmz-dmz-sh-nas01/data/de_group/ghz_11401/data/wind_timeseries/aligned_15min/entsoe/segments/Horns Rev B_seg004.csv,Horns Rev B_seg004.csv
Horns Rev B,entsoe,aligned_segments,5,/ve-remi-dmz-dmz-sh-nas01/data/de_group/ghz_11401/data/wind_timeseries/aligned_15min/entsoe/segments/Horns Rev B_seg005.csv,Horns Rev B_seg005.csv
Horns Rev B,entsoe,aligned_segments,6,/ve-remi-dmz-dmz-sh-nas01/data/de_group/ghz_11401/data/wind_timeseries/aligned_15min/entsoe/segments/Horns Rev B_seg006.csv,Horns Rev B_seg006.csv
Horns Rev B,entsoe,aligned_segments,7,/ve-remi-dmz-dmz-sh-nas01/data/de_group/ghz_11401/data/wind_timeseries/aligned_15min/entsoe/segments/Horns Rev B_seg007.csv,Horns Rev B_seg007.csv
Horns Rev B,entsoe,aligned_segments,8,/ve-remi-dmz-dmz-sh-nas01/data/de_group/ghz_11401/data/wind_timeseries/aligned_15min/entsoe/segments/Horns Rev B_seg008.csv,Horns Rev B_seg008.csv
Horns Rev B,entsoe,aligned_segments,9,/ve-remi-dmz-dmz-sh-nas01/data/de_group/ghz_11401/data/wind_timeseries/aligned_15min/entsoe/segments/Horns Rev B_seg009.csv,Horns Rev B_seg009.csv
Horns Rev B,entsoe,aligned_segments,10,/ve-remi-dmz-dmz-sh-nas01/data/de_group/ghz_11401/data/wind_timeseries/aligned_15min/entsoe/segments/Horns Rev B_seg010.csv,Horns Rev B_seg010.csv
Horns Rev B,entsoe,data_process,1,/ve-remi-dmz-dmz-sh-nas01/data/de_group/ghz_11401/data/wind_timeseries/aligned_15min/data_process/entsoe/Horns Rev B/Horns Rev B_0.csv,Horns Rev B_0.csv
Horns Rev B,entsoe,data_process,2,/ve-remi-dmz-dmz-sh-nas01/data/de_group/ghz_11401/data/wind_timeseries/aligned_15min/data_process/entsoe/Horns Rev B/Horns Rev B_1.csv,Horns Rev B_1.csv
Horns Rev C,entsoe,aligned_segments,1,/ve-remi-dmz-dmz-sh-nas01/data/de_group/ghz_11401/data/wind_timeseries/aligned_15min/entsoe/segments/Horns Rev C_seg001.csv,Horns Rev C_seg001.csv
Horns Rev C,entsoe,aligned_segments,2,/ve-remi-dmz-dmz-sh-nas01/data/de_group/ghz_11401/data/wind_timeseries/aligned_15min/entsoe/segments/Horns Rev C_seg002.csv,Horns Rev C_seg002.csv
Horns Rev C,entsoe,aligned_segments,3,/ve-remi-dmz-dmz-sh-nas01/data/de_group/ghz_11401/data/wind_timeseries/aligned_15min/entsoe/segments/Horns Rev C_seg003.csv,Horns Rev C_seg003.csv
Horns Rev C,entsoe,aligned_segments,4,/ve-remi-dmz-dmz-sh-nas01/data/de_group/ghz_11401/data/wind_timeseries/aligned_15min/entsoe/segments/Horns Rev C_seg004.csv,Horns Rev C_seg004.csv
Horns Rev C,entsoe,aligned_segments,5,/ve-remi-dmz-dmz-sh-nas01/data/de_group/ghz_11401/data/wind_timeseries/aligned_15min/entsoe/segments/Horns Rev C_seg005.csv,Horns Rev C_seg005.csv
Horns Rev C,entsoe,aligned_segments,6,/ve-remi-dmz-dmz-sh-nas01/data/de_group/ghz_11401/data/wind_timeseries/aligned_15min/entsoe/segments/Horns Rev C_seg006.csv,Horns Rev C_seg006.csv
Horns Rev C,entsoe,aligned_segments,7,/ve-remi-dmz-dmz-sh-nas01/data/de_group/ghz_11401/data/wind_timeseries/aligned_15min/entsoe/segments/Horns Rev C_seg007.csv,Horns Rev C_seg007.csv
Horns Rev C,entsoe,data_process,1,/ve-remi-dmz-dmz-sh-nas01/data/de_group/ghz_11401/data/wind_timeseries/aligned_15min/data_process/entsoe/Horns Rev C/Horns Rev C_0.csv,Horns Rev C_0.csv
Horns Rev C,entsoe,data_process,2,/ve-remi-dmz-dmz-sh-nas01/data/de_group/ghz_11401/data/wind_timeseries/aligned_15min/data_process/entsoe/Horns Rev C/Horns Rev C_1.csv,Horns Rev C_1.csv
Horns Rev C,entsoe,data_process,3,/ve-remi-dmz-dmz-sh-nas01/data/de_group/ghz_11401/data/wind_timeseries/aligned_15min/data_process/entsoe/Horns Rev C/Horns Rev C_2.csv,Horns Rev C_2.csv
Horns Rev C,entsoe,data_process,4,/ve-remi-dmz-dmz-sh-nas01/data/de_group/ghz_11401/data/wind_timeseries/aligned_15min/data_process/entsoe/Horns Rev C/Horns Rev C_3.csv,Horns Rev C_3.csv
LARYO-1,entsoe,aligned_segments,1,/ve-remi-dmz-dmz-sh-nas01/data/de_group/ghz_11401/data/wind_timeseries/aligned_15min/entsoe/segments/LARYO-1_seg001.csv,LARYO-1_seg001.csv
LARYO-1,entsoe,aligned_segments,2,/ve-remi-dmz-dmz-sh-nas01/data/de_group/ghz_11401/data/wind_timeseries/aligned_15min/entsoe/segments/LARYO-1_seg002.csv,LARYO-1_seg002.csv
LARYO-1,entsoe,aligned_segments,3,/ve-remi-dmz-dmz-sh-nas01/data/de_group/ghz_11401/data/wind_timeseries/aligned_15min/entsoe/segments/LARYO-1_seg003.csv,LARYO-1_seg003.csv
LARYO-1,entsoe,aligned_segments,4,/ve-remi-dmz-dmz-sh-nas01/data/de_group/ghz_11401/data/wind_timeseries/aligned_15min/entsoe/segments/LARYO-1_seg004.csv,LARYO-1_seg004.csv
LARYO-1,entsoe,aligned_segments,5,/ve-remi-dmz-dmz-sh-nas01/data/de_group/ghz_11401/data/wind_timeseries/aligned_15min/entsoe/segments/LARYO-1_seg005.csv,LARYO-1_seg005.csv
LARYO-1,entsoe,aligned_segments,6,/ve-remi-dmz-dmz-sh-nas01/data/de_group/ghz_11401/data/wind_timeseries/aligned_15min/entsoe/segments/LARYO-1_seg006.csv,LARYO-1_seg006.csv
LARYO-1,entsoe,aligned_segments,7,/ve-remi-dmz-dmz-sh-nas01/data/de_group/ghz_11401/data/wind_timeseries/aligned_15min/entsoe/segments/LARYO-1_seg007.csv,LARYO-1_seg007.csv
LARYO-1,entsoe,aligned_segments,8,/ve-remi-dmz-dmz-sh-nas01/data/de_group/ghz_11401/data/wind_timeseries/aligned_15min/entsoe/segments/LARYO-1_seg008.csv,LARYO-1_seg008.csv
LARYO-1,entsoe,aligned_segments,9,/ve-remi-dmz-dmz-sh-nas01/data/de_group/ghz_11401/data/wind_timeseries/aligned_15min/entsoe/segments/LARYO-1_seg009.csv,LARYO-1_seg009.csv
LARYO-1,entsoe,aligned_segments,10,/ve-remi-dmz-dmz-sh-nas01/data/de_group/ghz_11401/data/wind_timeseries/aligned_15min/entsoe/segments/LARYO-1_seg010.csv,LARYO-1_seg010.csv
LARYO-1,entsoe,aligned_segments,11,/ve-remi-dmz-dmz-sh-nas01/data/de_group/ghz_11401/data/wind_timeseries/aligned_15min/entsoe/segments/LARYO-1_seg011.csv,LARYO-1_seg011.csv
LARYO-1,entsoe,aligned_segments,12,/ve-remi-dmz-dmz-sh-nas01/data/de_group/ghz_11401/data/wind_timeseries/aligned_15min/entsoe/segments/LARYO-1_seg012.csv,LARYO-1_seg012.csv
LARYO-1,entsoe,aligned_segments,13,/ve-remi-dmz-dmz-sh-nas01/data/de_group/ghz_11401/data/wind_timeseries/aligned_15min/entsoe/segments/LARYO-1_seg013.csv,LARYO-1_seg013.csv
LARYO-1,entsoe,aligned_segments,14,/ve-remi-dmz-dmz-sh-nas01/data/de_group/ghz_11401/data/wind_timeseries/aligned_15min/entsoe/segments/LARYO-1_seg014.csv,LARYO-1_seg014.csv
LARYO-1,entsoe,aligned_segments,15,/ve-remi-dmz-dmz-sh-nas01/data/de_group/ghz_11401/data/wind_timeseries/aligned_15min/entsoe/segments/LARYO-1_seg015.csv,LARYO-1_seg015.csv
LARYO-1,entsoe,aligned_segments,16,/ve-remi-dmz-dmz-sh-nas01/data/de_group/ghz_11401/data/wind_timeseries/aligned_15min/entsoe/segments/LARYO-1_seg016.csv,LARYO-1_seg016.csv
LARYO-1,entsoe,aligned_segments,17,/ve-remi-dmz-dmz-sh-nas01/data/de_group/ghz_11401/data/wind_timeseries/aligned_15min/entsoe/segments/LARYO-1_seg017.csv,LARYO-1_seg017.csv
LARYO-1,entsoe,aligned_segments,18,/ve-remi-dmz-dmz-sh-nas01/data/de_group/ghz_11401/data/wind_timeseries/aligned_15min/entsoe/segments/LARYO-1_seg018.csv,LARYO-1_seg018.csv
LARYO-1,entsoe,aligned_segments,19,/ve-remi-dmz-dmz-sh-nas01/data/de_group/ghz_11401/data/wind_timeseries/aligned_15min/entsoe/segments/LARYO-1_seg019.csv,LARYO-1_seg019.csv
LARYO-1,entsoe,aligned_segments,20,/ve-remi-dmz-dmz-sh-nas01/data/de_group/ghz_11401/data/wind_timeseries/aligned_15min/entsoe/segments/LARYO-1_seg020.csv,LARYO-1_seg020.csv
LARYO-1,entsoe,aligned_segments,21,/ve-remi-dmz-dmz-sh-nas01/data/de_group/ghz_11401/data/wind_timeseries/aligned_15min/entsoe/segments/LARYO-1_seg021.csv,LARYO-1_seg021.csv
LARYO-1,entsoe,aligned_segments,22,/ve-remi-dmz-dmz-sh-nas01/data/de_group/ghz_11401/data/wind_timeseries/aligned_15min/entsoe/segments/LARYO-1_seg022.csv,LARYO-1_seg022.csv
LARYO-1,entsoe,aligned_segments,23,/ve-remi-dmz-dmz-sh-nas01/data/de_group/ghz_11401/data/wind_timeseries/aligned_15min/entsoe/segments/LARYO-1_seg023.csv,LARYO-1_seg023.csv
LARYO-1,entsoe,aligned_segments,24,/ve-remi-dmz-dmz-sh-nas01/data/de_group/ghz_11401/data/wind_timeseries/aligned_15min/entsoe/segments/LARYO-1_seg024.csv,LARYO-1_seg024.csv
LARYO-1,entsoe,aligned_segments,25,/ve-remi-dmz-dmz-sh-nas01/data/de_group/ghz_11401/data/wind_timeseries/aligned_15min/entsoe/segments/LARYO-1_seg025.csv,LARYO-1_seg025.csv
LARYO-1,entsoe,aligned_segments,26,/ve-remi-dmz-dmz-sh-nas01/data/de_group/ghz_11401/data/wind_timeseries/aligned_15min/entsoe/segments/LARYO-1_seg026.csv,LARYO-1_seg026.csv
LARYO-1,entsoe,aligned_segments,27,/ve-remi-dmz-dmz-sh-nas01/data/de_group/ghz_11401/data/wind_timeseries/aligned_15min/entsoe/segments/LARYO-1_seg027.csv,LARYO-1_seg027.csv
LARYO-1,entsoe,aligned_segments,28,/ve-remi-dmz-dmz-sh-nas01/data/de_group/ghz_11401/data/wind_timeseries/aligned_15min/entsoe/segments/LARYO-1_seg028.csv,LARYO-1_seg028.csv
LARYO-1,entsoe,aligned_segments,29,/ve-remi-dmz-dmz-sh-nas01/data/de_group/ghz_11401/data/wind_timeseries/aligned_15min/entsoe/segments/LARYO-1_seg029.csv,LARYO-1_seg029.csv
LARYO-1,entsoe,aligned_segments,30,/ve-remi-dmz-dmz-sh-nas01/data/de_group/ghz_11401/data/wind_timeseries/aligned_15min/entsoe/segments/LARYO-1_seg030.csv,LARYO-1_seg030.csv
LARYO-1,entsoe,aligned_segments,31,/ve-remi-dmz-dmz-sh-nas01/data/de_group/ghz_11401/data/wind_timeseries/aligned_15min/entsoe/segments/LARYO-1_seg031.csv,LARYO-1_seg031.csv
LARYO-1,entsoe,aligned_segments,32,/ve-remi-dmz-dmz-sh-nas01/data/de_group/ghz_11401/data/wind_timeseries/aligned_15min/entsoe/segments/LARYO-1_seg032.csv,LARYO-1_seg032.csv
LARYO-1,entsoe,aligned_segments,33,/ve-remi-dmz-dmz-sh-nas01/data/de_group/ghz_11401/data/wind_timeseries/aligned_15min/entsoe/segments/LARYO-1_seg033.csv,LARYO-1_seg033.csv
LARYO-1,entsoe,aligned_segments,34,/ve-remi-dmz-dmz-sh-nas01/data/de_group/ghz_11401/data/wind_timeseries/aligned_15min/entsoe/segments/LARYO-1_seg034.csv,LARYO-1_seg034.csv
LARYO-1,entsoe,aligned_segments,35,/ve-remi-dmz-dmz-sh-nas01/data/de_group/ghz_11401/data/wind_timeseries/aligned_15min/entsoe/segments/LARYO-1_seg035.csv,LARYO-1_seg035.csv
LARYO-1,entsoe,aligned_segments,36,/ve-remi-dmz-dmz-sh-nas01/data/de_group/ghz_11401/data/wind_timeseries/aligned_15min/entsoe/segments/LARYO-1_seg036.csv,LARYO-1_seg036.csv
LARYO-1,entsoe,aligned_segments,37,/ve-remi-dmz-dmz-sh-nas01/data/de_group/ghz_11401/data/wind_timeseries/aligned_15min/entsoe/segments/LARYO-1_seg037.csv,LARYO-1_seg037.csv
LARYO-1,entsoe,aligned_segments,38,/ve-remi-dmz-dmz-sh-nas01/data/de_group/ghz_11401/data/wind_timeseries/aligned_15min/entsoe/segments/LARYO-1_seg038.csv,LARYO-1_seg038.csv
LARYO-1,entsoe,aligned_segments,39,/ve-remi-dmz-dmz-sh-nas01/data/de_group/ghz_11401/data/wind_timeseries/aligned_15min/entsoe/segments/LARYO-1_seg039.csv,LARYO-1_seg039.csv
LARYO-1,entsoe,aligned_segments,40,/ve-remi-dmz-dmz-sh-nas01/data/de_group/ghz_11401/data/wind_timeseries/aligned_15min/entsoe/segments/LARYO-1_seg040.csv,LARYO-1_seg040.csv
LARYO-1,entsoe,aligned_segments,41,/ve-remi-dmz-dmz-sh-nas01/data/de_group/ghz_11401/data/wind_timeseries/aligned_15min/entsoe/segments/LARYO-1_seg041.csv,LARYO-1_seg041.csv
LARYO-1,entsoe,aligned_segments,42,/ve-remi-dmz-dmz-sh-nas01/data/de_group/ghz_11401/data/wind_timeseries/aligned_15min/entsoe/segments/LARYO-1_seg042.csv,LARYO-1_seg042.csv
LARYO-1,entsoe,aligned_segments,43,/ve-remi-dmz-dmz-sh-nas01/data/de_group/ghz_11401/data/wind_timeseries/aligned_15min/entsoe/segments/LARYO-1_seg043.csv,LARYO-1_seg043.csv
LARYO-1,entsoe,aligned_segments,44,/ve-remi-dmz-dmz-sh-nas01/data/de_group/ghz_11401/data/wind_timeseries/aligned_15min/entsoe/segments/LARYO-1_seg044.csv,LARYO-1_seg044.csv
LARYO-1,entsoe,aligned_segments,45,/ve-remi-dmz-dmz-sh-nas01/data/de_group/ghz_11401/data/wind_timeseries/aligned_15min/entsoe/segments/LARYO-1_seg045.csv,LARYO-1_seg045.csv
LARYO-1,entsoe,aligned_segments,46,/ve-remi-dmz-dmz-sh-nas01/data/de_group/ghz_11401/data/wind_timeseries/aligned_15min/entsoe/segments/LARYO-1_seg046.csv,LARYO-1_seg046.csv
LARYO-1,entsoe,aligned_segments,47,/ve-remi-dmz-dmz-sh-nas01/data/de_group/ghz_11401/data/wind_timeseries/aligned_15min/entsoe/segments/LARYO-1_seg047.csv,LARYO-1_seg047.csv
LARYO-1,entsoe,aligned_segments,48,/ve-remi-dmz-dmz-sh-nas01/data/de_group/ghz_11401/data/wind_timeseries/aligned_15min/entsoe/segments/LARYO-1_seg048.csv,LARYO-1_seg048.csv
LARYO-1,entsoe,aligned_segments,49,/ve-remi-dmz-dmz-sh-nas01/data/de_group/ghz_11401/data/wind_timeseries/aligned_15min/entsoe/segments/LARYO-1_seg049.csv,LARYO-1_seg049.csv
LARYO-1,entsoe,aligned_segments,50,/ve-remi-dmz-dmz-sh-nas01/data/de_group/ghz_11401/data/wind_timeseries/aligned_15min/entsoe/segments/LARYO-1_seg050.csv,LARYO-1_seg050.csv
LARYO-1,entsoe,aligned_segments,51,/ve-remi-dmz-dmz-sh-nas01/data/de_group/ghz_11401/data/wind_timeseries/aligned_15min/entsoe/segments/LARYO-1_seg051.csv,LARYO-1_seg051.csv
LARYO-1,entsoe,aligned_segments,52,/ve-remi-dmz-dmz-sh-nas01/data/de_group/ghz_11401/data/wind_timeseries/aligned_15min/entsoe/segments/LARYO-1_seg052.csv,LARYO-1_seg052.csv
LARYO-1,entsoe,aligned_segments,53,/ve-remi-dmz-dmz-sh-nas01/data/de_group/ghz_11401/data/wind_timeseries/aligned_15min/entsoe/segments/LARYO-1_seg053.csv,LARYO-1_seg053.csv
LARYO-1,entsoe,aligned_segments,54,/ve-remi-dmz-dmz-sh-nas01/data/de_group/ghz_11401/data/wind_timeseries/aligned_15min/entsoe/segments/LARYO-1_seg054.csv,LARYO-1_seg054.csv
LARYO-1,entsoe,aligned_segments,55,/ve-remi-dmz-dmz-sh-nas01/data/de_group/ghz_11401/data/wind_timeseries/aligned_15min/entsoe/segments/LARYO-1_seg055.csv,LARYO-1_seg055.csv
LARYO-1,entsoe,aligned_segments,56,/ve-remi-dmz-dmz-sh-nas01/data/de_group/ghz_11401/data/wind_timeseries/aligned_15min/entsoe/segments/LARYO-1_seg056.csv,LARYO-1_seg056.csv
LARYO-1,entsoe,aligned_segments,57,/ve-remi-dmz-dmz-sh-nas01/data/de_group/ghz_11401/data/wind_timeseries/aligned_15min/entsoe/segments/LARYO-1_seg057.csv,LARYO-1_seg057.csv
LARYO-1,entsoe,aligned_segments,58,/ve-remi-dmz-dmz-sh-nas01/data/de_group/ghz_11401/data/wind_timeseries/aligned_15min/entsoe/segments/LARYO-1_seg058.csv,LARYO-1_seg058.csv
LARYO-1,entsoe,aligned_segments,59,/ve-remi-dmz-dmz-sh-nas01/data/de_group/ghz_11401/data/wind_timeseries/aligned_15min/entsoe/segments/LARYO-1_seg059.csv,LARYO-1_seg059.csv
LARYO-1,entsoe,aligned_segments,60,/ve-remi-dmz-dmz-sh-nas01/data/de_group/ghz_11401/data/wind_timeseries/aligned_15min/entsoe/segments/LARYO-1_seg060.csv,LARYO-1_seg060.csv
LARYO-1,entsoe,aligned_segments,61,/ve-remi-dmz-dmz-sh-nas01/data/de_group/ghz_11401/data/wind_timeseries/aligned_15min/entsoe/segments/LARYO-1_seg061.csv,LARYO-1_seg061.csv
LARYO-1,entsoe,aligned_segments,62,/ve-remi-dmz-dmz-sh-nas01/data/de_group/ghz_11401/data/wind_timeseries/aligned_15min/entsoe/segments/LARYO-1_seg062.csv,LARYO-1_seg062.csv
LARYO-1,entsoe,aligned_segments,63,/ve-remi-dmz-dmz-sh-nas01/data/de_group/ghz_11401/data/wind_timeseries/aligned_15min/entsoe/segments/LARYO-1_seg063.csv,LARYO-1_seg063.csv
LARYO-1,entsoe,aligned_segments,64,/ve-remi-dmz-dmz-sh-nas01/data/de_group/ghz_11401/data/wind_timeseries/aligned_15min/entsoe/segments/LARYO-1_seg064.csv,LARYO-1_seg064.csv
LARYO-1,entsoe,aligned_segments,65,/ve-remi-dmz-dmz-sh-nas01/data/de_group/ghz_11401/data/wind_timeseries/aligned_15min/entsoe/segments/LARYO-1_seg065.csv,LARYO-1_seg065.csv
LARYO-1,entsoe,aligned_segments,66,/ve-remi-dmz-dmz-sh-nas01/data/de_group/ghz_11401/data/wind_timeseries/aligned_15min/entsoe/segments/LARYO-1_seg066.csv,LARYO-1_seg066.csv
LARYO-1,entsoe,aligned_segments,67,/ve-remi-dmz-dmz-sh-nas01/data/de_group/ghz_11401/data/wind_timeseries/aligned_15min/entsoe/segments/LARYO-1_seg067.csv,LARYO-1_seg067.csv
LARYO-1,entsoe,aligned_segments,68,/ve-remi-dmz-dmz-sh-nas01/data/de_group/ghz_11401/data/wind_timeseries/aligned_15min/entsoe/segments/LARYO-1_seg068.csv,LARYO-1_seg068.csv
LARYO-1,entsoe,aligned_segments,69,/ve-remi-dmz-dmz-sh-nas01/data/de_group/ghz_11401/data/wind_timeseries/aligned_15min/entsoe/segments/LARYO-1_seg069.csv,LARYO-1_seg069.csv
LARYO-1,entsoe,aligned_segments,70,/ve-remi-dmz-dmz-sh-nas01/data/de_group/ghz_11401/data/wind_timeseries/aligned_15min/entsoe/segments/LARYO-1_seg070.csv,LARYO-1_seg070.csv
LARYO-1,entsoe,aligned_segments,71,/ve-remi-dmz-dmz-sh-nas01/data/de_group/ghz_11401/data/wind_timeseries/aligned_15min/entsoe/segments/LARYO-1_seg071.csv,LARYO-1_seg071.csv
LARYO-1,entsoe,aligned_segments,72,/ve-remi-dmz-dmz-sh-nas01/data/de_group/ghz_11401/data/wind_timeseries/aligned_15min/entsoe/segments/LARYO-1_seg072.csv,LARYO-1_seg072.csv
LARYO-1,entsoe,aligned_segments,73,/ve-remi-dmz-dmz-sh-nas01/data/de_group/ghz_11401/data/wind_timeseries/aligned_15min/entsoe/segments/LARYO-1_seg073.csv,LARYO-1_seg073.csv
LARYO-1,entsoe,aligned_segments,74,/ve-remi-dmz-dmz-sh-nas01/data/de_group/ghz_11401/data/wind_timeseries/aligned_15min/entsoe/segments/LARYO-1_seg074.csv,LARYO-1_seg074.csv
LARYO-1,entsoe,aligned_segments,75,/ve-remi-dmz-dmz-sh-nas01/data/de_group/ghz_11401/data/wind_timeseries/aligned_15min/entsoe/segments/LARYO-1_seg075.csv,LARYO-1_seg075.csv
LARYO-1,entsoe,aligned_segments,76,/ve-remi-dmz-dmz-sh-nas01/data/de_group/ghz_11401/data/wind_timeseries/aligned_15min/entsoe/segments/LARYO-1_seg076.csv,LARYO-1_seg076.csv
LARYO-1,entsoe,aligned_segments,77,/ve-remi-dmz-dmz-sh-nas01/data/de_group/ghz_11401/data/wind_timeseries/aligned_15min/entsoe/segments/LARYO-1_seg077.csv,LARYO-1_seg077.csv
LARYO-1,entsoe,aligned_segments,78,/ve-remi-dmz-dmz-sh-nas01/data/de_group/ghz_11401/data/wind_timeseries/aligned_15min/entsoe/segments/LARYO-1_seg078.csv,LARYO-1_seg078.csv
LARYO-1,entsoe,aligned_segments,79,/ve-remi-dmz-dmz-sh-nas01/data/de_group/ghz_11401/data/wind_timeseries/aligned_15min/entsoe/segments/LARYO-1_seg079.csv,LARYO-1_seg079.csv
LARYO-1,entsoe,aligned_segments,80,/ve-remi-dmz-dmz-sh-nas01/data/de_group/ghz_11401/data/wind_timeseries/aligned_15min/entsoe/segments/LARYO-1_seg080.csv,LARYO-1_seg080.csv
LARYO-1,entsoe,aligned_segments,81,/ve-remi-dmz-dmz-sh-nas01/data/de_group/ghz_11401/data/wind_timeseries/aligned_15min/entsoe/segments/LARYO-1_seg081.csv,LARYO-1_seg081.csv
LARYO-1,entsoe,aligned_segments,82,/ve-remi-dmz-dmz-sh-nas01/data/de_group/ghz_11401/data/wind_timeseries/aligned_15min/entsoe/segments/LARYO-1_seg082.csv,LARYO-1_seg082.csv
LARYO-1,entsoe,aligned_segments,83,/ve-remi-dmz-dmz-sh-nas01/data/de_group/ghz_11401/data/wind_timeseries/aligned_15min/entsoe/segments/LARYO-1_seg083.csv,LARYO-1_seg083.csv
LARYO-1,entsoe,aligned_segments,84,/ve-remi-dmz-dmz-sh-nas01/data/de_group/ghz_11401/data/wind_timeseries/aligned_15min/entsoe/segments/LARYO-1_seg084.csv,LARYO-1_seg084.csv
LARYO-1,entsoe,aligned_segments,85,/ve-remi-dmz-dmz-sh-nas01/data/de_group/ghz_11401/data/wind_timeseries/aligned_15min/entsoe/segments/LARYO-1_seg085.csv,LARYO-1_seg085.csv
LARYO-1,entsoe,aligned_segments,86,/ve-remi-dmz-dmz-sh-nas01/data/de_group/ghz_11401/data/wind_timeseries/aligned_15min/entsoe/segments/LARYO-1_seg086.csv,LARYO-1_seg086.csv
LARYO-1,entsoe,aligned_segments,87,/ve-remi-dmz-dmz-sh-nas01/data/de_group/ghz_11401/data/wind_timeseries/aligned_15min/entsoe/segments/LARYO-1_seg087.csv,LARYO-1_seg087.csv
LARYO-1,entsoe,aligned_segments,88,/ve-remi-dmz-dmz-sh-nas01/data/de_group/ghz_11401/data/wind_timeseries/aligned_15min/entsoe/segments/LARYO-1_seg088.csv,LARYO-1_seg088.csv
LARYO-1,entsoe,aligned_segments,89,/ve-remi-dmz-dmz-sh-nas01/data/de_group/ghz_11401/data/wind_timeseries/aligned_15min/entsoe/segments/LARYO-1_seg089.csv,LARYO-1_seg089.csv
LARYO-1,entsoe,aligned_segments,90,/ve-remi-dmz-dmz-sh-nas01/data/de_group/ghz_11401/data/wind_timeseries/aligned_15min/entsoe/segments/LARYO-1_seg090.csv,LARYO-1_seg090.csv
LARYO-1,entsoe,aligned_segments,91,/ve-remi-dmz-dmz-sh-nas01/data/de_group/ghz_11401/data/wind_timeseries/aligned_15min/entsoe/segments/LARYO-1_seg091.csv,LARYO-1_seg091.csv
LARYO-1,entsoe,aligned_segments,92,/ve-remi-dmz-dmz-sh-nas01/data/de_group/ghz_11401/data/wind_timeseries/aligned_15min/entsoe/segments/LARYO-1_seg092.csv,LARYO-1_seg092.csv
LARYO-1,entsoe,aligned_segments,93,/ve-remi-dmz-dmz-sh-nas01/data/de_group/ghz_11401/data/wind_timeseries/aligned_15min/entsoe/segments/LARYO-1_seg093.csv,LARYO-1_seg093.csv
LARYO-1,entsoe,aligned_segments,94,/ve-remi-dmz-dmz-sh-nas01/data/de_group/ghz_11401/data/wind_timeseries/aligned_15min/entsoe/segments/LARYO-1_seg094.csv,LARYO-1_seg094.csv
LARYO-1,entsoe,aligned_segments,95,/ve-remi-dmz-dmz-sh-nas01/data/de_group/ghz_11401/data/wind_timeseries/aligned_15min/entsoe/segments/LARYO-1_seg095.csv,LARYO-1_seg095.csv
LARYO-1,entsoe,aligned_segments,96,/ve-remi-dmz-dmz-sh-nas01/data/de_group/ghz_11401/data/wind_timeseries/aligned_15min/entsoe/segments/LARYO-1_seg096.csv,LARYO-1_seg096.csv
LARYO-1,entsoe,aligned_segments,97,/ve-remi-dmz-dmz-sh-nas01/data/de_group/ghz_11401/data/wind_timeseries/aligned_15min/entsoe/segments/LARYO-1_seg097.csv,LARYO-1_seg097.csv
LARYO-1,entsoe,aligned_segments,98,/ve-remi-dmz-dmz-sh-nas01/data/de_group/ghz_11401/data/wind_timeseries/aligned_15min/entsoe/segments/LARYO-1_seg098.csv,LARYO-1_seg098.csv
LARYO-1,entsoe,aligned_segments,99,/ve-remi-dmz-dmz-sh-nas01/data/de_group/ghz_11401/data/wind_timeseries/aligned_15min/entsoe/segments/LARYO-1_seg099.csv,LARYO-1_seg099.csv
LARYO-1,entsoe,aligned_segments,100,/ve-remi-dmz-dmz-sh-nas01/data/de_group/ghz_11401/data/wind_timeseries/aligned_15min/entsoe/segments/LARYO-1_seg100.csv,LARYO-1_seg100.csv
LARYO-1,entsoe,aligned_segments,101,/ve-remi-dmz-dmz-sh-nas01/data/de_group/ghz_11401/data/wind_timeseries/aligned_15min/entsoe/segments/LARYO-1_seg101.csv,LARYO-1_seg101.csv
LARYO-1,entsoe,aligned_segments,102,/ve-remi-dmz-dmz-sh-nas01/data/de_group/ghz_11401/data/wind_timeseries/aligned_15min/entsoe/segments/LARYO-1_seg102.csv,LARYO-1_seg102.csv
LARYO-1,entsoe,aligned_segments,103,/ve-remi-dmz-dmz-sh-nas01/data/de_group/ghz_11401/data/wind_timeseries/aligned_15min/entsoe/segments/LARYO-1_seg103.csv,LARYO-1_seg103.csv
LARYO-1,entsoe,aligned_segments,104,/ve-remi-dmz-dmz-sh-nas01/data/de_group/ghz_11401/data/wind_timeseries/aligned_15min/entsoe/segments/LARYO-1_seg104.csv,LARYO-1_seg104.csv
LARYO-1,entsoe,aligned_segments,105,/ve-remi-dmz-dmz-sh-nas01/data/de_group/ghz_11401/data/wind_timeseries/aligned_15min/entsoe/segments/LARYO-1_seg105.csv,LARYO-1_seg105.csv
LARYO-1,entsoe,aligned_segments,106,/ve-remi-dmz-dmz-sh-nas01/data/de_group/ghz_11401/data/wind_timeseries/aligned_15min/entsoe/segments/LARYO-1_seg106.csv,LARYO-1_seg106.csv
LARYO-1,entsoe,aligned_segments,107,/ve-remi-dmz-dmz-sh-nas01/data/de_group/ghz_11401/data/wind_timeseries/aligned_15min/entsoe/segments/LARYO-1_seg107.csv,LARYO-1_seg107.csv
LARYO-1,entsoe,aligned_segments,108,/ve-remi-dmz-dmz-sh-nas01/data/de_group/ghz_11401/data/wind_timeseries/aligned_15min/entsoe/segments/LARYO-1_seg108.csv,LARYO-1_seg108.csv
LARYO-1,entsoe,aligned_segments,109,/ve-remi-dmz-dmz-sh-nas01/data/de_group/ghz_11401/data/wind_timeseries/aligned_15min/entsoe/segments/LARYO-1_seg109.csv,LARYO-1_seg109.csv
LARYO-1,entsoe,aligned_segments,110,/ve-remi-dmz-dmz-sh-nas01/data/de_group/ghz_11401/data/wind_timeseries/aligned_15min/entsoe/segments/LARYO-1_seg110.csv,LARYO-1_seg110.csv
LARYO-1,entsoe,data_process,1,/ve-remi-dmz-dmz-sh-nas01/data/de_group/ghz_11401/data/wind_timeseries/aligned_15min/data_process/entsoe/LARYO-1/LARYO-1_0.csv,LARYO-1_0.csv
LARYO-1,entsoe,data_process,2,/ve-remi-dmz-dmz-sh-nas01/data/de_group/ghz_11401/data/wind_timeseries/aligned_15min/data_process/entsoe/LARYO-1/LARYO-1_1.csv,LARYO-1_1.csv
LARYO-1,entsoe,data_process,3,/ve-remi-dmz-dmz-sh-nas01/data/de_group/ghz_11401/data/wind_timeseries/aligned_15min/data_process/entsoe/LARYO-1/LARYO-1_10.csv,LARYO-1_10.csv
LARYO-1,entsoe,data_process,4,/ve-remi-dmz-dmz-sh-nas01/data/de_group/ghz_11401/data/wind_timeseries/aligned_15min/data_process/entsoe/LARYO-1/LARYO-1_11.csv,LARYO-1_11.csv
LARYO-1,entsoe,data_process,5,/ve-remi-dmz-dmz-sh-nas01/data/de_group/ghz_11401/data/wind_timeseries/aligned_15min/data_process/entsoe/LARYO-1/LARYO-1_12.csv,LARYO-1_12.csv
LARYO-1,entsoe,data_process,6,/ve-remi-dmz-dmz-sh-nas01/data/de_group/ghz_11401/data/wind_timeseries/aligned_15min/data_process/entsoe/LARYO-1/LARYO-1_13.csv,LARYO-1_13.csv
LARYO-1,entsoe,data_process,7,/ve-remi-dmz-dmz-sh-nas01/data/de_group/ghz_11401/data/wind_timeseries/aligned_15min/data_process/entsoe/LARYO-1/LARYO-1_14.csv,LARYO-1_14.csv
LARYO-1,entsoe,data_process,8,/ve-remi-dmz-dmz-sh-nas01/data/de_group/ghz_11401/data/wind_timeseries/aligned_15min/data_process/entsoe/LARYO-1/LARYO-1_15.csv,LARYO-1_15.csv
LARYO-1,entsoe,data_process,9,/ve-remi-dmz-dmz-sh-nas01/data/de_group/ghz_11401/data/wind_timeseries/aligned_15min/data_process/entsoe/LARYO-1/LARYO-1_16.csv,LARYO-1_16.csv
LARYO-1,entsoe,data_process,10,/ve-remi-dmz-dmz-sh-nas01/data/de_group/ghz_11401/data/wind_timeseries/aligned_15min/data_process/entsoe/LARYO-1/LARYO-1_2.csv,LARYO-1_2.csv
LARYO-1,entsoe,data_process,11,/ve-remi-dmz-dmz-sh-nas01/data/de_group/ghz_11401/data/wind_timeseries/aligned_15min/data_process/entsoe/LARYO-1/LARYO-1_3.csv,LARYO-1_3.csv
LARYO-1,entsoe,data_process,12,/ve-remi-dmz-dmz-sh-nas01/data/de_group/ghz_11401/data/wind_timeseries/aligned_15min/data_process/entsoe/LARYO-1/LARYO-1_4.csv,LARYO-1_4.csv
LARYO-1,entsoe,data_process,13,/ve-remi-dmz-dmz-sh-nas01/data/de_group/ghz_11401/data/wind_timeseries/aligned_15min/data_process/entsoe/LARYO-1/LARYO-1_5.csv,LARYO-1_5.csv
LARYO-1,entsoe,data_process,14,/ve-remi-dmz-dmz-sh-nas01/data/de_group/ghz_11401/data/wind_timeseries/aligned_15min/data_process/entsoe/LARYO-1/LARYO-1_6.csv,LARYO-1_6.csv
LARYO-1,entsoe,data_process,15,/ve-remi-dmz-dmz-sh-nas01/data/de_group/ghz_11401/data/wind_timeseries/aligned_15min/data_process/entsoe/LARYO-1/LARYO-1_7.csv,LARYO-1_7.csv
LARYO-1,entsoe,data_process,16,/ve-remi-dmz-dmz-sh-nas01/data/de_group/ghz_11401/data/wind_timeseries/aligned_15min/data_process/entsoe/LARYO-1/LARYO-1_8.csv,LARYO-1_8.csv
LARYO-1,entsoe,data_process,17,/ve-remi-dmz-dmz-sh-nas01/data/de_group/ghz_11401/data/wind_timeseries/aligned_15min/data_process/entsoe/LARYO-1/LARYO-1_9.csv,LARYO-1_9.csv
LKBONNY1,aemo,aligned_segments,1,/ve-remi-dmz-dmz-sh-nas01/data/de_group/ghz_11401/data/wind_timeseries/aligned_15min/aemo/segments/LKBONNY1_seg001.csv,LKBONNY1_seg001.csv
LKBONNY1,aemo,data_process,1,/ve-remi-dmz-dmz-sh-nas01/data/de_group/ghz_11401/data/wind_timeseries/aligned_15min/data_process/aemo/LKBONNY1/LKBONNY1_seg001.csv,LKBONNY1_seg001.csv
LKBONNY2,aemo,aligned_segments,1,/ve-remi-dmz-dmz-sh-nas01/data/de_group/ghz_11401/data/wind_timeseries/aligned_15min/aemo/segments/LKBONNY2_seg001.csv,LKBONNY2_seg001.csv
LKBONNY2,aemo,data_process,1,/ve-remi-dmz-dmz-sh-nas01/data/de_group/ghz_11401/data/wind_timeseries/aligned_15min/data_process/aemo/LKBONNY2/LKBONNY2_seg001.csv,LKBONNY2_seg001.csv
LKBONNY3,aemo,aligned_segments,1,/ve-remi-dmz-dmz-sh-nas01/data/de_group/ghz_11401/data/wind_timeseries/aligned_15min/aemo/segments/LKBONNY3_seg001.csv,LKBONNY3_seg001.csv
LKBONNY3,aemo,data_process,1,/ve-remi-dmz-dmz-sh-nas01/data/de_group/ghz_11401/data/wind_timeseries/aligned_15min/data_process/aemo/LKBONNY3/LKBONNY3_seg001.csv,LKBONNY3_seg001.csv
MINSW-1,entsoe,aligned_segments,1,/ve-remi-dmz-dmz-sh-nas01/data/de_group/ghz_11401/data/wind_timeseries/aligned_15min/entsoe/segments/MINSW-1_seg001.csv,MINSW-1_seg001.csv
MINSW-1,entsoe,aligned_segments,2,/ve-remi-dmz-dmz-sh-nas01/data/de_group/ghz_11401/data/wind_timeseries/aligned_15min/entsoe/segments/MINSW-1_seg002.csv,MINSW-1_seg002.csv
MINSW-1,entsoe,aligned_segments,3,/ve-remi-dmz-dmz-sh-nas01/data/de_group/ghz_11401/data/wind_timeseries/aligned_15min/entsoe/segments/MINSW-1_seg003.csv,MINSW-1_seg003.csv
MINSW-1,entsoe,aligned_segments,4,/ve-remi-dmz-dmz-sh-nas01/data/de_group/ghz_11401/data/wind_timeseries/aligned_15min/entsoe/segments/MINSW-1_seg004.csv,MINSW-1_seg004.csv
MINSW-1,entsoe,aligned_segments,5,/ve-remi-dmz-dmz-sh-nas01/data/de_group/ghz_11401/data/wind_timeseries/aligned_15min/entsoe/segments/MINSW-1_seg005.csv,MINSW-1_seg005.csv
MINSW-1,entsoe,aligned_segments,6,/ve-remi-dmz-dmz-sh-nas01/data/de_group/ghz_11401/data/wind_timeseries/aligned_15min/entsoe/segments/MINSW-1_seg006.csv,MINSW-1_seg006.csv
MINSW-1,entsoe,aligned_segments,7,/ve-remi-dmz-dmz-sh-nas01/data/de_group/ghz_11401/data/wind_timeseries/aligned_15min/entsoe/segments/MINSW-1_seg007.csv,MINSW-1_seg007.csv
MINSW-1,entsoe,aligned_segments,8,/ve-remi-dmz-dmz-sh-nas01/data/de_group/ghz_11401/data/wind_timeseries/aligned_15min/entsoe/segments/MINSW-1_seg008.csv,MINSW-1_seg008.csv
MINSW-1,entsoe,aligned_segments,9,/ve-remi-dmz-dmz-sh-nas01/data/de_group/ghz_11401/data/wind_timeseries/aligned_15min/entsoe/segments/MINSW-1_seg009.csv,MINSW-1_seg009.csv
MINSW-1,entsoe,aligned_segments,10,/ve-remi-dmz-dmz-sh-nas01/data/de_group/ghz_11401/data/wind_timeseries/aligned_15min/entsoe/segments/MINSW-1_seg010.csv,MINSW-1_seg010.csv
MINSW-1,entsoe,aligned_segments,11,/ve-remi-dmz-dmz-sh-nas01/data/de_group/ghz_11401/data/wind_timeseries/aligned_15min/entsoe/segments/MINSW-1_seg011.csv,MINSW-1_seg011.csv
MINSW-1,entsoe,aligned_segments,12,/ve-remi-dmz-dmz-sh-nas01/data/de_group/ghz_11401/data/wind_timeseries/aligned_15min/entsoe/segments/MINSW-1_seg012.csv,MINSW-1_seg012.csv
MINSW-1,entsoe,aligned_segments,13,/ve-remi-dmz-dmz-sh-nas01/data/de_group/ghz_11401/data/wind_timeseries/aligned_15min/entsoe/segments/MINSW-1_seg013.csv,MINSW-1_seg013.csv
MINSW-1,entsoe,aligned_segments,14,/ve-remi-dmz-dmz-sh-nas01/data/de_group/ghz_11401/data/wind_timeseries/aligned_15min/entsoe/segments/MINSW-1_seg014.csv,MINSW-1_seg014.csv
MINSW-1,entsoe,aligned_segments,15,/ve-remi-dmz-dmz-sh-nas01/data/de_group/ghz_11401/data/wind_timeseries/aligned_15min/entsoe/segments/MINSW-1_seg015.csv,MINSW-1_seg015.csv
MINSW-1,entsoe,aligned_segments,16,/ve-remi-dmz-dmz-sh-nas01/data/de_group/ghz_11401/data/wind_timeseries/aligned_15min/entsoe/segments/MINSW-1_seg016.csv,MINSW-1_seg016.csv
MINSW-1,entsoe,aligned_segments,17,/ve-remi-dmz-dmz-sh-nas01/data/de_group/ghz_11401/data/wind_timeseries/aligned_15min/entsoe/segments/MINSW-1_seg017.csv,MINSW-1_seg017.csv
MINSW-1,entsoe,aligned_segments,18,/ve-remi-dmz-dmz-sh-nas01/data/de_group/ghz_11401/data/wind_timeseries/aligned_15min/entsoe/segments/MINSW-1_seg018.csv,MINSW-1_seg018.csv
MINSW-1,entsoe,aligned_segments,19,/ve-remi-dmz-dmz-sh-nas01/data/de_group/ghz_11401/data/wind_timeseries/aligned_15min/entsoe/segments/MINSW-1_seg019.csv,MINSW-1_seg019.csv
MINSW-1,entsoe,aligned_segments,20,/ve-remi-dmz-dmz-sh-nas01/data/de_group/ghz_11401/data/wind_timeseries/aligned_15min/entsoe/segments/MINSW-1_seg020.csv,MINSW-1_seg020.csv
MINSW-1,entsoe,aligned_segments,21,/ve-remi-dmz-dmz-sh-nas01/data/de_group/ghz_11401/data/wind_timeseries/aligned_15min/entsoe/segments/MINSW-1_seg021.csv,MINSW-1_seg021.csv
MINSW-1,entsoe,aligned_segments,22,/ve-remi-dmz-dmz-sh-nas01/data/de_group/ghz_11401/data/wind_timeseries/aligned_15min/entsoe/segments/MINSW-1_seg022.csv,MINSW-1_seg022.csv
MINSW-1,entsoe,aligned_segments,23,/ve-remi-dmz-dmz-sh-nas01/data/de_group/ghz_11401/data/wind_timeseries/aligned_15min/entsoe/segments/MINSW-1_seg023.csv,MINSW-1_seg023.csv
MINSW-1,entsoe,aligned_segments,24,/ve-remi-dmz-dmz-sh-nas01/data/de_group/ghz_11401/data/wind_timeseries/aligned_15min/entsoe/segments/MINSW-1_seg024.csv,MINSW-1_seg024.csv
MINSW-1,entsoe,aligned_segments,25,/ve-remi-dmz-dmz-sh-nas01/data/de_group/ghz_11401/data/wind_timeseries/aligned_15min/entsoe/segments/MINSW-1_seg025.csv,MINSW-1_seg025.csv
MINSW-1,entsoe,aligned_segments,26,/ve-remi-dmz-dmz-sh-nas01/data/de_group/ghz_11401/data/wind_timeseries/aligned_15min/entsoe/segments/MINSW-1_seg026.csv,MINSW-1_seg026.csv
MINSW-1,entsoe,aligned_segments,27,/ve-remi-dmz-dmz-sh-nas01/data/de_group/ghz_11401/data/wind_timeseries/aligned_15min/entsoe/segments/MINSW-1_seg027.csv,MINSW-1_seg027.csv
MINSW-1,entsoe,aligned_segments,28,/ve-remi-dmz-dmz-sh-nas01/data/de_group/ghz_11401/data/wind_timeseries/aligned_15min/entsoe/segments/MINSW-1_seg028.csv,MINSW-1_seg028.csv
MINSW-1,entsoe,aligned_segments,29,/ve-remi-dmz-dmz-sh-nas01/data/de_group/ghz_11401/data/wind_timeseries/aligned_15min/entsoe/segments/MINSW-1_seg029.csv,MINSW-1_seg029.csv
MINSW-1,entsoe,aligned_segments,30,/ve-remi-dmz-dmz-sh-nas01/data/de_group/ghz_11401/data/wind_timeseries/aligned_15min/entsoe/segments/MINSW-1_seg030.csv,MINSW-1_seg030.csv
MINSW-1,entsoe,aligned_segments,31,/ve-remi-dmz-dmz-sh-nas01/data/de_group/ghz_11401/data/wind_timeseries/aligned_15min/entsoe/segments/MINSW-1_seg031.csv,MINSW-1_seg031.csv
MINSW-1,entsoe,aligned_segments,32,/ve-remi-dmz-dmz-sh-nas01/data/de_group/ghz_11401/data/wind_timeseries/aligned_15min/entsoe/segments/MINSW-1_seg032.csv,MINSW-1_seg032.csv
MINSW-1,entsoe,aligned_segments,33,/ve-remi-dmz-dmz-sh-nas01/data/de_group/ghz_11401/data/wind_timeseries/aligned_15min/entsoe/segments/MINSW-1_seg033.csv,MINSW-1_seg033.csv
MINSW-1,entsoe,aligned_segments,34,/ve-remi-dmz-dmz-sh-nas01/data/de_group/ghz_11401/data/wind_timeseries/aligned_15min/entsoe/segments/MINSW-1_seg034.csv,MINSW-1_seg034.csv
MINSW-1,entsoe,aligned_segments,35,/ve-remi-dmz-dmz-sh-nas01/data/de_group/ghz_11401/data/wind_timeseries/aligned_15min/entsoe/segments/MINSW-1_seg035.csv,MINSW-1_seg035.csv
MINSW-1,entsoe,aligned_segments,36,/ve-remi-dmz-dmz-sh-nas01/data/de_group/ghz_11401/data/wind_timeseries/aligned_15min/entsoe/segments/MINSW-1_seg036.csv,MINSW-1_seg036.csv
MINSW-1,entsoe,aligned_segments,37,/ve-remi-dmz-dmz-sh-nas01/data/de_group/ghz_11401/data/wind_timeseries/aligned_15min/entsoe/segments/MINSW-1_seg037.csv,MINSW-1_seg037.csv
MINSW-1,entsoe,aligned_segments,38,/ve-remi-dmz-dmz-sh-nas01/data/de_group/ghz_11401/data/wind_timeseries/aligned_15min/entsoe/segments/MINSW-1_seg038.csv,MINSW-1_seg038.csv
MINSW-1,entsoe,aligned_segments,39,/ve-remi-dmz-dmz-sh-nas01/data/de_group/ghz_11401/data/wind_timeseries/aligned_15min/entsoe/segments/MINSW-1_seg039.csv,MINSW-1_seg039.csv
MINSW-1,entsoe,aligned_segments,40,/ve-remi-dmz-dmz-sh-nas01/data/de_group/ghz_11401/data/wind_timeseries/aligned_15min/entsoe/segments/MINSW-1_seg040.csv,MINSW-1_seg040.csv
MINSW-1,entsoe,aligned_segments,41,/ve-remi-dmz-dmz-sh-nas01/data/de_group/ghz_11401/data/wind_timeseries/aligned_15min/entsoe/segments/MINSW-1_seg041.csv,MINSW-1_seg041.csv
MINSW-1,entsoe,aligned_segments,42,/ve-remi-dmz-dmz-sh-nas01/data/de_group/ghz_11401/data/wind_timeseries/aligned_15min/entsoe/segments/MINSW-1_seg042.csv,MINSW-1_seg042.csv
MINSW-1,entsoe,aligned_segments,43,/ve-remi-dmz-dmz-sh-nas01/data/de_group/ghz_11401/data/wind_timeseries/aligned_15min/entsoe/segments/MINSW-1_seg043.csv,MINSW-1_seg043.csv
MINSW-1,entsoe,aligned_segments,44,/ve-remi-dmz-dmz-sh-nas01/data/de_group/ghz_11401/data/wind_timeseries/aligned_15min/entsoe/segments/MINSW-1_seg044.csv,MINSW-1_seg044.csv
MINSW-1,entsoe,aligned_segments,45,/ve-remi-dmz-dmz-sh-nas01/data/de_group/ghz_11401/data/wind_timeseries/aligned_15min/entsoe/segments/MINSW-1_seg045.csv,MINSW-1_seg045.csv
MINSW-1,entsoe,aligned_segments,46,/ve-remi-dmz-dmz-sh-nas01/data/de_group/ghz_11401/data/wind_timeseries/aligned_15min/entsoe/segments/MINSW-1_seg046.csv,MINSW-1_seg046.csv
MINSW-1,entsoe,aligned_segments,47,/ve-remi-dmz-dmz-sh-nas01/data/de_group/ghz_11401/data/wind_timeseries/aligned_15min/entsoe/segments/MINSW-1_seg047.csv,MINSW-1_seg047.csv
MINSW-1,entsoe,aligned_segments,48,/ve-remi-dmz-dmz-sh-nas01/data/de_group/ghz_11401/data/wind_timeseries/aligned_15min/entsoe/segments/MINSW-1_seg048.csv,MINSW-1_seg048.csv
MINSW-1,entsoe,aligned_segments,49,/ve-remi-dmz-dmz-sh-nas01/data/de_group/ghz_11401/data/wind_timeseries/aligned_15min/entsoe/segments/MINSW-1_seg049.csv,MINSW-1_seg049.csv
MINSW-1,entsoe,aligned_segments,50,/ve-remi-dmz-dmz-sh-nas01/data/de_group/ghz_11401/data/wind_timeseries/aligned_15min/entsoe/segments/MINSW-1_seg050.csv,MINSW-1_seg050.csv
MINSW-1,entsoe,aligned_segments,51,/ve-remi-dmz-dmz-sh-nas01/data/de_group/ghz_11401/data/wind_timeseries/aligned_15min/entsoe/segments/MINSW-1_seg051.csv,MINSW-1_seg051.csv
MINSW-1,entsoe,aligned_segments,52,/ve-remi-dmz-dmz-sh-nas01/data/de_group/ghz_11401/data/wind_timeseries/aligned_15min/entsoe/segments/MINSW-1_seg052.csv,MINSW-1_seg052.csv
MINSW-1,entsoe,aligned_segments,53,/ve-remi-dmz-dmz-sh-nas01/data/de_group/ghz_11401/data/wind_timeseries/aligned_15min/entsoe/segments/MINSW-1_seg053.csv,MINSW-1_seg053.csv
MINSW-1,entsoe,aligned_segments,54,/ve-remi-dmz-dmz-sh-nas01/data/de_group/ghz_11401/data/wind_timeseries/aligned_15min/entsoe/segments/MINSW-1_seg054.csv,MINSW-1_seg054.csv
MINSW-1,entsoe,aligned_segments,55,/ve-remi-dmz-dmz-sh-nas01/data/de_group/ghz_11401/data/wind_timeseries/aligned_15min/entsoe/segments/MINSW-1_seg055.csv,MINSW-1_seg055.csv
MINSW-1,entsoe,aligned_segments,56,/ve-remi-dmz-dmz-sh-nas01/data/de_group/ghz_11401/data/wind_timeseries/aligned_15min/entsoe/segments/MINSW-1_seg056.csv,MINSW-1_seg056.csv
MINSW-1,entsoe,aligned_segments,57,/ve-remi-dmz-dmz-sh-nas01/data/de_group/ghz_11401/data/wind_timeseries/aligned_15min/entsoe/segments/MINSW-1_seg057.csv,MINSW-1_seg057.csv
MINSW-1,entsoe,aligned_segments,58,/ve-remi-dmz-dmz-sh-nas01/data/de_group/ghz_11401/data/wind_timeseries/aligned_15min/entsoe/segments/MINSW-1_seg058.csv,MINSW-1_seg058.csv
MINSW-1,entsoe,aligned_segments,59,/ve-remi-dmz-dmz-sh-nas01/data/de_group/ghz_11401/data/wind_timeseries/aligned_15min/entsoe/segments/MINSW-1_seg059.csv,MINSW-1_seg059.csv
MINSW-1,entsoe,aligned_segments,60,/ve-remi-dmz-dmz-sh-nas01/data/de_group/ghz_11401/data/wind_timeseries/aligned_15min/entsoe/segments/MINSW-1_seg060.csv,MINSW-1_seg060.csv
MINSW-1,entsoe,aligned_segments,61,/ve-remi-dmz-dmz-sh-nas01/data/de_group/ghz_11401/data/wind_timeseries/aligned_15min/entsoe/segments/MINSW-1_seg061.csv,MINSW-1_seg061.csv
MINSW-1,entsoe,aligned_segments,62,/ve-remi-dmz-dmz-sh-nas01/data/de_group/ghz_11401/data/wind_timeseries/aligned_15min/entsoe/segments/MINSW-1_seg062.csv,MINSW-1_seg062.csv
MINSW-1,entsoe,aligned_segments,63,/ve-remi-dmz-dmz-sh-nas01/data/de_group/ghz_11401/data/wind_timeseries/aligned_15min/entsoe/segments/MINSW-1_seg063.csv,MINSW-1_seg063.csv
MINSW-1,entsoe,aligned_segments,64,/ve-remi-dmz-dmz-sh-nas01/data/de_group/ghz_11401/data/wind_timeseries/aligned_15min/entsoe/segments/MINSW-1_seg064.csv,MINSW-1_seg064.csv
MINSW-1,entsoe,aligned_segments,65,/ve-remi-dmz-dmz-sh-nas01/data/de_group/ghz_11401/data/wind_timeseries/aligned_15min/entsoe/segments/MINSW-1_seg065.csv,MINSW-1_seg065.csv
MINSW-1,entsoe,aligned_segments,66,/ve-remi-dmz-dmz-sh-nas01/data/de_group/ghz_11401/data/wind_timeseries/aligned_15min/entsoe/segments/MINSW-1_seg066.csv,MINSW-1_seg066.csv
MINSW-1,entsoe,aligned_segments,67,/ve-remi-dmz-dmz-sh-nas01/data/de_group/ghz_11401/data/wind_timeseries/aligned_15min/entsoe/segments/MINSW-1_seg067.csv,MINSW-1_seg067.csv
MINSW-1,entsoe,aligned_segments,68,/ve-remi-dmz-dmz-sh-nas01/data/de_group/ghz_11401/data/wind_timeseries/aligned_15min/entsoe/segments/MINSW-1_seg068.csv,MINSW-1_seg068.csv
MINSW-1,entsoe,aligned_segments,69,/ve-remi-dmz-dmz-sh-nas01/data/de_group/ghz_11401/data/wind_timeseries/aligned_15min/entsoe/segments/MINSW-1_seg069.csv,MINSW-1_seg069.csv
MINSW-1,entsoe,aligned_segments,70,/ve-remi-dmz-dmz-sh-nas01/data/de_group/ghz_11401/data/wind_timeseries/aligned_15min/entsoe/segments/MINSW-1_seg070.csv,MINSW-1_seg070.csv
MINSW-1,entsoe,aligned_segments,71,/ve-remi-dmz-dmz-sh-nas01/data/de_group/ghz_11401/data/wind_timeseries/aligned_15min/entsoe/segments/MINSW-1_seg071.csv,MINSW-1_seg071.csv
MINSW-1,entsoe,aligned_segments,72,/ve-remi-dmz-dmz-sh-nas01/data/de_group/ghz_11401/data/wind_timeseries/aligned_15min/entsoe/segments/MINSW-1_seg072.csv,MINSW-1_seg072.csv
MINSW-1,entsoe,aligned_segments,73,/ve-remi-dmz-dmz-sh-nas01/data/de_group/ghz_11401/data/wind_timeseries/aligned_15min/entsoe/segments/MINSW-1_seg073.csv,MINSW-1_seg073.csv
MINSW-1,entsoe,aligned_segments,74,/ve-remi-dmz-dmz-sh-nas01/data/de_group/ghz_11401/data/wind_timeseries/aligned_15min/entsoe/segments/MINSW-1_seg074.csv,MINSW-1_seg074.csv
MINSW-1,entsoe,aligned_segments,75,/ve-remi-dmz-dmz-sh-nas01/data/de_group/ghz_11401/data/wind_timeseries/aligned_15min/entsoe/segments/MINSW-1_seg075.csv,MINSW-1_seg075.csv
MINSW-1,entsoe,aligned_segments,76,/ve-remi-dmz-dmz-sh-nas01/data/de_group/ghz_11401/data/wind_timeseries/aligned_15min/entsoe/segments/MINSW-1_seg076.csv,MINSW-1_seg076.csv
MINSW-1,entsoe,aligned_segments,77,/ve-remi-dmz-dmz-sh-nas01/data/de_group/ghz_11401/data/wind_timeseries/aligned_15min/entsoe/segments/MINSW-1_seg077.csv,MINSW-1_seg077.csv
MINSW-1,entsoe,aligned_segments,78,/ve-remi-dmz-dmz-sh-nas01/data/de_group/ghz_11401/data/wind_timeseries/aligned_15min/entsoe/segments/MINSW-1_seg078.csv,MINSW-1_seg078.csv
MINSW-1,entsoe,aligned_segments,79,/ve-remi-dmz-dmz-sh-nas01/data/de_group/ghz_11401/data/wind_timeseries/aligned_15min/entsoe/segments/MINSW-1_seg079.csv,MINSW-1_seg079.csv
MINSW-1,entsoe,aligned_segments,80,/ve-remi-dmz-dmz-sh-nas01/data/de_group/ghz_11401/data/wind_timeseries/aligned_15min/entsoe/segments/MINSW-1_seg080.csv,MINSW-1_seg080.csv
MINSW-1,entsoe,aligned_segments,81,/ve-remi-dmz-dmz-sh-nas01/data/de_group/ghz_11401/data/wind_timeseries/aligned_15min/entsoe/segments/MINSW-1_seg081.csv,MINSW-1_seg081.csv
MINSW-1,entsoe,aligned_segments,82,/ve-remi-dmz-dmz-sh-nas01/data/de_group/ghz_11401/data/wind_timeseries/aligned_15min/entsoe/segments/MINSW-1_seg082.csv,MINSW-1_seg082.csv
MINSW-1,entsoe,aligned_segments,83,/ve-remi-dmz-dmz-sh-nas01/data/de_group/ghz_11401/data/wind_timeseries/aligned_15min/entsoe/segments/MINSW-1_seg083.csv,MINSW-1_seg083.csv
MINSW-1,entsoe,aligned_segments,84,/ve-remi-dmz-dmz-sh-nas01/data/de_group/ghz_11401/data/wind_timeseries/aligned_15min/entsoe/segments/MINSW-1_seg084.csv,MINSW-1_seg084.csv
MINSW-1,entsoe,aligned_segments,85,/ve-remi-dmz-dmz-sh-nas01/data/de_group/ghz_11401/data/wind_timeseries/aligned_15min/entsoe/segments/MINSW-1_seg085.csv,MINSW-1_seg085.csv
MINSW-1,entsoe,aligned_segments,86,/ve-remi-dmz-dmz-sh-nas01/data/de_group/ghz_11401/data/wind_timeseries/aligned_15min/entsoe/segments/MINSW-1_seg086.csv,MINSW-1_seg086.csv
MINSW-1,entsoe,aligned_segments,87,/ve-remi-dmz-dmz-sh-nas01/data/de_group/ghz_11401/data/wind_timeseries/aligned_15min/entsoe/segments/MINSW-1_seg087.csv,MINSW-1_seg087.csv
MINSW-1,entsoe,aligned_segments,88,/ve-remi-dmz-dmz-sh-nas01/data/de_group/ghz_11401/data/wind_timeseries/aligned_15min/entsoe/segments/MINSW-1_seg088.csv,MINSW-1_seg088.csv
MINSW-1,entsoe,aligned_segments,89,/ve-remi-dmz-dmz-sh-nas01/data/de_group/ghz_11401/data/wind_timeseries/aligned_15min/entsoe/segments/MINSW-1_seg089.csv,MINSW-1_seg089.csv
MINSW-1,entsoe,aligned_segments,90,/ve-remi-dmz-dmz-sh-nas01/data/de_group/ghz_11401/data/wind_timeseries/aligned_15min/entsoe/segments/MINSW-1_seg090.csv,MINSW-1_seg090.csv
MINSW-1,entsoe,aligned_segments,91,/ve-remi-dmz-dmz-sh-nas01/data/de_group/ghz_11401/data/wind_timeseries/aligned_15min/entsoe/segments/MINSW-1_seg091.csv,MINSW-1_seg091.csv
MINSW-1,entsoe,aligned_segments,92,/ve-remi-dmz-dmz-sh-nas01/data/de_group/ghz_11401/data/wind_timeseries/aligned_15min/entsoe/segments/MINSW-1_seg092.csv,MINSW-1_seg092.csv
MINSW-1,entsoe,aligned_segments,93,/ve-remi-dmz-dmz-sh-nas01/data/de_group/ghz_11401/data/wind_timeseries/aligned_15min/entsoe/segments/MINSW-1_seg093.csv,MINSW-1_seg093.csv
MINSW-1,entsoe,aligned_segments,94,/ve-remi-dmz-dmz-sh-nas01/data/de_group/ghz_11401/data/wind_timeseries/aligned_15min/entsoe/segments/MINSW-1_seg094.csv,MINSW-1_seg094.csv
MINSW-1,entsoe,aligned_segments,95,/ve-remi-dmz-dmz-sh-nas01/data/de_group/ghz_11401/data/wind_timeseries/aligned_15min/entsoe/segments/MINSW-1_seg095.csv,MINSW-1_seg095.csv
MINSW-1,entsoe,aligned_segments,96,/ve-remi-dmz-dmz-sh-nas01/data/de_group/ghz_11401/data/wind_timeseries/aligned_15min/entsoe/segments/MINSW-1_seg096.csv,MINSW-1_seg096.csv
MINSW-1,entsoe,aligned_segments,97,/ve-remi-dmz-dmz-sh-nas01/data/de_group/ghz_11401/data/wind_timeseries/aligned_15min/entsoe/segments/MINSW-1_seg097.csv,MINSW-1_seg097.csv
MINSW-1,entsoe,aligned_segments,98,/ve-remi-dmz-dmz-sh-nas01/data/de_group/ghz_11401/data/wind_timeseries/aligned_15min/entsoe/segments/MINSW-1_seg098.csv,MINSW-1_seg098.csv
MINSW-1,entsoe,aligned_segments,99,/ve-remi-dmz-dmz-sh-nas01/data/de_group/ghz_11401/data/wind_timeseries/aligned_15min/entsoe/segments/MINSW-1_seg099.csv,MINSW-1_seg099.csv
MINSW-1,entsoe,aligned_segments,100,/ve-remi-dmz-dmz-sh-nas01/data/de_group/ghz_11401/data/wind_timeseries/aligned_15min/entsoe/segments/MINSW-1_seg100.csv,MINSW-1_seg100.csv
MINSW-1,entsoe,aligned_segments,101,/ve-remi-dmz-dmz-sh-nas01/data/de_group/ghz_11401/data/wind_timeseries/aligned_15min/entsoe/segments/MINSW-1_seg101.csv,MINSW-1_seg101.csv
MINSW-1,entsoe,aligned_segments,102,/ve-remi-dmz-dmz-sh-nas01/data/de_group/ghz_11401/data/wind_timeseries/aligned_15min/entsoe/segments/MINSW-1_seg102.csv,MINSW-1_seg102.csv
MINSW-1,entsoe,aligned_segments,103,/ve-remi-dmz-dmz-sh-nas01/data/de_group/ghz_11401/data/wind_timeseries/aligned_15min/entsoe/segments/MINSW-1_seg103.csv,MINSW-1_seg103.csv
MINSW-1,entsoe,aligned_segments,104,/ve-remi-dmz-dmz-sh-nas01/data/de_group/ghz_11401/data/wind_timeseries/aligned_15min/entsoe/segments/MINSW-1_seg104.csv,MINSW-1_seg104.csv
MINSW-1,entsoe,aligned_segments,105,/ve-remi-dmz-dmz-sh-nas01/data/de_group/ghz_11401/data/wind_timeseries/aligned_15min/entsoe/segments/MINSW-1_seg105.csv,MINSW-1_seg105.csv
MINSW-1,entsoe,aligned_segments,106,/ve-remi-dmz-dmz-sh-nas01/data/de_group/ghz_11401/data/wind_timeseries/aligned_15min/entsoe/segments/MINSW-1_seg106.csv,MINSW-1_seg106.csv
MINSW-1,entsoe,aligned_segments,107,/ve-remi-dmz-dmz-sh-nas01/data/de_group/ghz_11401/data/wind_timeseries/aligned_15min/entsoe/segments/MINSW-1_seg107.csv,MINSW-1_seg107.csv
MINSW-1,entsoe,aligned_segments,108,/ve-remi-dmz-dmz-sh-nas01/data/de_group/ghz_11401/data/wind_timeseries/aligned_15min/entsoe/segments/MINSW-1_seg108.csv,MINSW-1_seg108.csv
MINSW-1,entsoe,aligned_segments,109,/ve-remi-dmz-dmz-sh-nas01/data/de_group/ghz_11401/data/wind_timeseries/aligned_15min/entsoe/segments/MINSW-1_seg109.csv,MINSW-1_seg109.csv
MINSW-1,entsoe,aligned_segments,110,/ve-remi-dmz-dmz-sh-nas01/data/de_group/ghz_11401/data/wind_timeseries/aligned_15min/entsoe/segments/MINSW-1_seg110.csv,MINSW-1_seg110.csv
MINSW-1,entsoe,aligned_segments,111,/ve-remi-dmz-dmz-sh-nas01/data/de_group/ghz_11401/data/wind_timeseries/aligned_15min/entsoe/segments/MINSW-1_seg111.csv,MINSW-1_seg111.csv
MINSW-1,entsoe,aligned_segments,112,/ve-remi-dmz-dmz-sh-nas01/data/de_group/ghz_11401/data/wind_timeseries/aligned_15min/entsoe/segments/MINSW-1_seg112.csv,MINSW-1_seg112.csv
MINSW-1,entsoe,aligned_segments,113,/ve-remi-dmz-dmz-sh-nas01/data/de_group/ghz_11401/data/wind_timeseries/aligned_15min/entsoe/segments/MINSW-1_seg113.csv,MINSW-1_seg113.csv
MINSW-1,entsoe,aligned_segments,114,/ve-remi-dmz-dmz-sh-nas01/data/de_group/ghz_11401/data/wind_timeseries/aligned_15min/entsoe/segments/MINSW-1_seg114.csv,MINSW-1_seg114.csv
MINSW-1,entsoe,aligned_segments,115,/ve-remi-dmz-dmz-sh-nas01/data/de_group/ghz_11401/data/wind_timeseries/aligned_15min/entsoe/segments/MINSW-1_seg115.csv,MINSW-1_seg115.csv
MINSW-1,entsoe,aligned_segments,116,/ve-remi-dmz-dmz-sh-nas01/data/de_group/ghz_11401/data/wind_timeseries/aligned_15min/entsoe/segments/MINSW-1_seg116.csv,MINSW-1_seg116.csv
MINSW-1,entsoe,aligned_segments,117,/ve-remi-dmz-dmz-sh-nas01/data/de_group/ghz_11401/data/wind_timeseries/aligned_15min/entsoe/segments/MINSW-1_seg117.csv,MINSW-1_seg117.csv
MINSW-1,entsoe,aligned_segments,118,/ve-remi-dmz-dmz-sh-nas01/data/de_group/ghz_11401/data/wind_timeseries/aligned_15min/entsoe/segments/MINSW-1_seg118.csv,MINSW-1_seg118.csv
MINSW-1,entsoe,aligned_segments,119,/ve-remi-dmz-dmz-sh-nas01/data/de_group/ghz_11401/data/wind_timeseries/aligned_15min/entsoe/segments/MINSW-1_seg119.csv,MINSW-1_seg119.csv
MINSW-1,entsoe,aligned_segments,120,/ve-remi-dmz-dmz-sh-nas01/data/de_group/ghz_11401/data/wind_timeseries/aligned_15min/entsoe/segments/MINSW-1_seg120.csv,MINSW-1_seg120.csv
MINSW-1,entsoe,aligned_segments,121,/ve-remi-dmz-dmz-sh-nas01/data/de_group/ghz_11401/data/wind_timeseries/aligned_15min/entsoe/segments/MINSW-1_seg121.csv,MINSW-1_seg121.csv
MINSW-1,entsoe,aligned_segments,122,/ve-remi-dmz-dmz-sh-nas01/data/de_group/ghz_11401/data/wind_timeseries/aligned_15min/entsoe/segments/MINSW-1_seg122.csv,MINSW-1_seg122.csv
MINSW-1,entsoe,aligned_segments,123,/ve-remi-dmz-dmz-sh-nas01/data/de_group/ghz_11401/data/wind_timeseries/aligned_15min/entsoe/segments/MINSW-1_seg123.csv,MINSW-1_seg123.csv
MINSW-1,entsoe,aligned_segments,124,/ve-remi-dmz-dmz-sh-nas01/data/de_group/ghz_11401/data/wind_timeseries/aligned_15min/entsoe/segments/MINSW-1_seg124.csv,MINSW-1_seg124.csv
MINSW-1,entsoe,aligned_segments,125,/ve-remi-dmz-dmz-sh-nas01/data/de_group/ghz_11401/data/wind_timeseries/aligned_15min/entsoe/segments/MINSW-1_seg125.csv,MINSW-1_seg125.csv
MINSW-1,entsoe,aligned_segments,126,/ve-remi-dmz-dmz-sh-nas01/data/de_group/ghz_11401/data/wind_timeseries/aligned_15min/entsoe/segments/MINSW-1_seg126.csv,MINSW-1_seg126.csv
MINSW-1,entsoe,aligned_segments,127,/ve-remi-dmz-dmz-sh-nas01/data/de_group/ghz_11401/data/wind_timeseries/aligned_15min/entsoe/segments/MINSW-1_seg127.csv,MINSW-1_seg127.csv
MINSW-1,entsoe,aligned_segments,128,/ve-remi-dmz-dmz-sh-nas01/data/de_group/ghz_11401/data/wind_timeseries/aligned_15min/entsoe/segments/MINSW-1_seg128.csv,MINSW-1_seg128.csv
MINSW-1,entsoe,aligned_segments,129,/ve-remi-dmz-dmz-sh-nas01/data/de_group/ghz_11401/data/wind_timeseries/aligned_15min/entsoe/segments/MINSW-1_seg129.csv,MINSW-1_seg129.csv
MINSW-1,entsoe,data_process,1,/ve-remi-dmz-dmz-sh-nas01/data/de_group/ghz_11401/data/wind_timeseries/aligned_15min/data_process/entsoe/MINSW-1/MINSW-1_0.csv,MINSW-1_0.csv
MINSW-1,entsoe,data_process,2,/ve-remi-dmz-dmz-sh-nas01/data/de_group/ghz_11401/data/wind_timeseries/aligned_15min/data_process/entsoe/MINSW-1/MINSW-1_1.csv,MINSW-1_1.csv
MINSW-1,entsoe,data_process,3,/ve-remi-dmz-dmz-sh-nas01/data/de_group/ghz_11401/data/wind_timeseries/aligned_15min/data_process/entsoe/MINSW-1/MINSW-1_10.csv,MINSW-1_10.csv
MINSW-1,entsoe,data_process,4,/ve-remi-dmz-dmz-sh-nas01/data/de_group/ghz_11401/data/wind_timeseries/aligned_15min/data_process/entsoe/MINSW-1/MINSW-1_11.csv,MINSW-1_11.csv
MINSW-1,entsoe,data_process,5,/ve-remi-dmz-dmz-sh-nas01/data/de_group/ghz_11401/data/wind_timeseries/aligned_15min/data_process/entsoe/MINSW-1/MINSW-1_12.csv,MINSW-1_12.csv
MINSW-1,entsoe,data_process,6,/ve-remi-dmz-dmz-sh-nas01/data/de_group/ghz_11401/data/wind_timeseries/aligned_15min/data_process/entsoe/MINSW-1/MINSW-1_13.csv,MINSW-1_13.csv
MINSW-1,entsoe,data_process,7,/ve-remi-dmz-dmz-sh-nas01/data/de_group/ghz_11401/data/wind_timeseries/aligned_15min/data_process/entsoe/MINSW-1/MINSW-1_14.csv,MINSW-1_14.csv
MINSW-1,entsoe,data_process,8,/ve-remi-dmz-dmz-sh-nas01/data/de_group/ghz_11401/data/wind_timeseries/aligned_15min/data_process/entsoe/MINSW-1/MINSW-1_15.csv,MINSW-1_15.csv
MINSW-1,entsoe,data_process,9,/ve-remi-dmz-dmz-sh-nas01/data/de_group/ghz_11401/data/wind_timeseries/aligned_15min/data_process/entsoe/MINSW-1/MINSW-1_2.csv,MINSW-1_2.csv
MINSW-1,entsoe,data_process,10,/ve-remi-dmz-dmz-sh-nas01/data/de_group/ghz_11401/data/wind_timeseries/aligned_15min/data_process/entsoe/MINSW-1/MINSW-1_3.csv,MINSW-1_3.csv
MINSW-1,entsoe,data_process,11,/ve-remi-dmz-dmz-sh-nas01/data/de_group/ghz_11401/data/wind_timeseries/aligned_15min/data_process/entsoe/MINSW-1/MINSW-1_4.csv,MINSW-1_4.csv
MINSW-1,entsoe,data_process,12,/ve-remi-dmz-dmz-sh-nas01/data/de_group/ghz_11401/data/wind_timeseries/aligned_15min/data_process/entsoe/MINSW-1/MINSW-1_5.csv,MINSW-1_5.csv
MINSW-1,entsoe,data_process,13,/ve-remi-dmz-dmz-sh-nas01/data/de_group/ghz_11401/data/wind_timeseries/aligned_15min/data_process/entsoe/MINSW-1/MINSW-1_6.csv,MINSW-1_6.csv
MINSW-1,entsoe,data_process,14,/ve-remi-dmz-dmz-sh-nas01/data/de_group/ghz_11401/data/wind_timeseries/aligned_15min/data_process/entsoe/MINSW-1/MINSW-1_7.csv,MINSW-1_7.csv
MINSW-1,entsoe,data_process,15,/ve-remi-dmz-dmz-sh-nas01/data/de_group/ghz_11401/data/wind_timeseries/aligned_15min/data_process/entsoe/MINSW-1/MINSW-1_8.csv,MINSW-1_8.csv
MINSW-1,entsoe,data_process,16,/ve-remi-dmz-dmz-sh-nas01/data/de_group/ghz_11401/data/wind_timeseries/aligned_15min/data_process/entsoe/MINSW-1/MINSW-1_9.csv,MINSW-1_9.csv
NREL_WTK_site101275_SouthDakota-Deuel_class2_16MW_2007-2013,nrel,aligned_segments,1,/ve-remi-dmz-dmz-sh-nas01/data/de_group/ghz_11401/data/wind_timeseries/aligned_15min/nrel/segments/NREL_WTK_site101275_SouthDakota-Deuel_class2_16MW_2007-2013_seq/NREL_WTK_site101275_SouthDakota-Deuel_class2_16MW_2007-2013_0.csv,NREL_WTK_site101275_SouthDakota-Deuel_class2_16MW_2007-2013_0.csv
NREL_WTK_site101275_SouthDakota-Deuel_class2_16MW_2007-2013,nrel,aligned_segments,2,/ve-remi-dmz-dmz-sh-nas01/data/de_group/ghz_11401/data/wind_timeseries/aligned_15min/nrel/segments/segments/NREL_WTK_site101275_SouthDakota-Deuel_class2_16MW_2007-2013_0.csv,NREL_WTK_site101275_SouthDakota-Deuel_class2_16MW_2007-2013_0.csv
NREL_WTK_site101582_Massachusetts-Berkshire_class3_16MW_2007-2013,nrel,aligned_segments,1,/ve-remi-dmz-dmz-sh-nas01/data/de_group/ghz_11401/data/wind_timeseries/aligned_15min/nrel/segments/NREL_WTK_site101582_Massachusetts-Berkshire_class3_16MW_2007-2013_seq/NREL_WTK_site101582_Massachusetts-Berkshire_class3_16MW_2007-2013_0.csv,NREL_WTK_site101582_Massachusetts-Berkshire_class3_16MW_2007-2013_0.csv
NREL_WTK_site101582_Massachusetts-Berkshire_class3_16MW_2007-2013,nrel,aligned_segments,2,/ve-remi-dmz-dmz-sh-nas01/data/de_group/ghz_11401/data/wind_timeseries/aligned_15min/nrel/segments/segments/NREL_WTK_site101582_Massachusetts-Berkshire_class3_16MW_2007-2013_0.csv,NREL_WTK_site101582_Massachusetts-Berkshire_class3_16MW_2007-2013_0.csv
NREL_WTK_site102811_NewYork-Albany_class2_16MW_2007-2013,nrel,aligned_segments,1,/ve-remi-dmz-dmz-sh-nas01/data/de_group/ghz_11401/data/wind_timeseries/aligned_15min/nrel/segments/NREL_WTK_site102811_NewYork-Albany_class2_16MW_2007-2013_seq/NREL_WTK_site102811_NewYork-Albany_class2_16MW_2007-2013_0.csv,NREL_WTK_site102811_NewYork-Albany_class2_16MW_2007-2013_0.csv
NREL_WTK_site102811_NewYork-Albany_class2_16MW_2007-2013,nrel,aligned_segments,2,/ve-remi-dmz-dmz-sh-nas01/data/de_group/ghz_11401/data/wind_timeseries/aligned_15min/nrel/segments/segments/NREL_WTK_site102811_NewYork-Albany_class2_16MW_2007-2013_0.csv,NREL_WTK_site102811_NewYork-Albany_class2_16MW_2007-2013_0.csv
NREL_WTK_site10444_NewMexico-Eddy_class1_16MW_2007-2013,nrel,aligned_segments,1,/ve-remi-dmz-dmz-sh-nas01/data/de_group/ghz_11401/data/wind_timeseries/aligned_15min/nrel/segments/NREL_WTK_site10444_NewMexico-Eddy_class1_16MW_2007-2013_seq/NREL_WTK_site10444_NewMexico-Eddy_class1_16MW_2007-2013_0.csv,NREL_WTK_site10444_NewMexico-Eddy_class1_16MW_2007-2013_0.csv
NREL_WTK_site10444_NewMexico-Eddy_class1_16MW_2007-2013,nrel,aligned_segments,2,/ve-remi-dmz-dmz-sh-nas01/data/de_group/ghz_11401/data/wind_timeseries/aligned_15min/nrel/segments/segments/NREL_WTK_site10444_NewMexico-Eddy_class1_16MW_2007-2013_0.csv,NREL_WTK_site10444_NewMexico-Eddy_class1_16MW_2007-2013_0.csv
NREL_WTK_site104714_Massachusetts-Plymouth_class3_2MW_2007-2013,nrel,aligned_segments,1,/ve-remi-dmz-dmz-sh-nas01/data/de_group/ghz_11401/data/wind_timeseries/aligned_15min/nrel/segments/NREL_WTK_site104714_Massachusetts-Plymouth_class3_2MW_2007-2013_seq/NREL_WTK_site104714_Massachusetts-Plymouth_class3_2MW_2007-2013_0.csv,NREL_WTK_site104714_Massachusetts-Plymouth_class3_2MW_2007-2013_0.csv
NREL_WTK_site104714_Massachusetts-Plymouth_class3_2MW_2007-2013,nrel,aligned_segments,2,/ve-remi-dmz-dmz-sh-nas01/data/de_group/ghz_11401/data/wind_timeseries/aligned_15min/nrel/segments/segments/NREL_WTK_site104714_Massachusetts-Plymouth_class3_2MW_2007-2013_0.csv,NREL_WTK_site104714_Massachusetts-Plymouth_class3_2MW_2007-2013_0.csv
NREL_WTK_site104932_SouthDakota-Butte_class1_14MW_2007-2013,nrel,aligned_segments,1,/ve-remi-dmz-dmz-sh-nas01/data/de_group/ghz_11401/data/wind_timeseries/aligned_15min/nrel/segments/NREL_WTK_site104932_SouthDakota-Butte_class1_14MW_2007-2013_seq/NREL_WTK_site104932_SouthDakota-Butte_class1_14MW_2007-2013_0.csv,NREL_WTK_site104932_SouthDakota-Butte_class1_14MW_2007-2013_0.csv
NREL_WTK_site104932_SouthDakota-Butte_class1_14MW_2007-2013,nrel,aligned_segments,2,/ve-remi-dmz-dmz-sh-nas01/data/de_group/ghz_11401/data/wind_timeseries/aligned_15min/nrel/segments/segments/NREL_WTK_site104932_SouthDakota-Butte_class1_14MW_2007-2013_0.csv,NREL_WTK_site104932_SouthDakota-Butte_class1_14MW_2007-2013_0.csv
NREL_WTK_site105082_SouthDakota-Butte_class1_12MW_2007-2013,nrel,aligned_segments,1,/ve-remi-dmz-dmz-sh-nas01/data/de_group/ghz_11401/data/wind_timeseries/aligned_15min/nrel/segments/NREL_WTK_site105082_SouthDakota-Butte_class1_12MW_2007-2013_seq/NREL_WTK_site105082_SouthDakota-Butte_class1_12MW_2007-2013_0.csv,NREL_WTK_site105082_SouthDakota-Butte_class1_12MW_2007-2013_0.csv
NREL_WTK_site105082_SouthDakota-Butte_class1_12MW_2007-2013,nrel,aligned_segments,2,/ve-remi-dmz-dmz-sh-nas01/data/de_group/ghz_11401/data/wind_timeseries/aligned_15min/nrel/segments/segments/NREL_WTK_site105082_SouthDakota-Butte_class1_12MW_2007-2013_0.csv,NREL_WTK_site105082_SouthDakota-Butte_class1_12MW_2007-2013_0.csv
NREL_WTK_site110192_Minnesota-Benton_class3_16MW_2007-2013,nrel,aligned_segments,1,/ve-remi-dmz-dmz-sh-nas01/data/de_group/ghz_11401/data/wind_timeseries/aligned_15min/nrel/segments/NREL_WTK_site110192_Minnesota-Benton_class3_16MW_2007-2013_seq/NREL_WTK_site110192_Minnesota-Benton_class3_16MW_2007-2013_0.csv,NREL_WTK_site110192_Minnesota-Benton_class3_16MW_2007-2013_0.csv
NREL_WTK_site110192_Minnesota-Benton_class3_16MW_2007-2013,nrel,aligned_segments,2,/ve-remi-dmz-dmz-sh-nas01/data/de_group/ghz_11401/data/wind_timeseries/aligned_15min/nrel/segments/segments/NREL_WTK_site110192_Minnesota-Benton_class3_16MW_2007-2013_0.csv,NREL_WTK_site110192_Minnesota-Benton_class3_16MW_2007-2013_0.csv
NREL_WTK_site110712_Michigan-LakeMichigan_class2_2MW_2007-2013,nrel,aligned_segments,1,/ve-remi-dmz-dmz-sh-nas01/data/de_group/ghz_11401/data/wind_timeseries/aligned_15min/nrel/segments/NREL_WTK_site110712_Michigan-LakeMichigan_class2_2MW_2007-2013_seq/NREL_WTK_site110712_Michigan-LakeMichigan_class2_2MW_2007-2013_0.csv,NREL_WTK_site110712_Michigan-LakeMichigan_class2_2MW_2007-2013_0.csv
NREL_WTK_site110712_Michigan-LakeMichigan_class2_2MW_2007-2013,nrel,aligned_segments,2,/ve-remi-dmz-dmz-sh-nas01/data/de_group/ghz_11401/data/wind_timeseries/aligned_15min/nrel/segments/segments/NREL_WTK_site110712_Michigan-LakeMichigan_class2_2MW_2007-2013_0.csv,NREL_WTK_site110712_Michigan-LakeMichigan_class2_2MW_2007-2013_0.csv
NREL_WTK_site111362_Montana-Carter_class1_10MW_2007-2013,nrel,aligned_segments,1,/ve-remi-dmz-dmz-sh-nas01/data/de_group/ghz_11401/data/wind_timeseries/aligned_15min/nrel/segments/NREL_WTK_site111362_Montana-Carter_class1_10MW_2007-2013_seq/NREL_WTK_site111362_Montana-Carter_class1_10MW_2007-2013_0.csv,NREL_WTK_site111362_Montana-Carter_class1_10MW_2007-2013_0.csv
NREL_WTK_site111362_Montana-Carter_class1_10MW_2007-2013,nrel,aligned_segments,2,/ve-remi-dmz-dmz-sh-nas01/data/de_group/ghz_11401/data/wind_timeseries/aligned_15min/nrel/segments/segments/NREL_WTK_site111362_Montana-Carter_class1_10MW_2007-2013_0.csv,NREL_WTK_site111362_Montana-Carter_class1_10MW_2007-2013_0.csv
NREL_WTK_site114665_Offshore-LakeHuron_offshore_16MW_2007-2013,nrel,aligned_segments,1,/ve-remi-dmz-dmz-sh-nas01/data/de_group/ghz_11401/data/wind_timeseries/aligned_15min/nrel/segments/NREL_WTK_site114665_Offshore-LakeHuron_offshore_16MW_2007-2013_seq/NREL_WTK_site114665_Offshore-LakeHuron_offshore_16MW_2007-2013_0.csv,NREL_WTK_site114665_Offshore-LakeHuron_offshore_16MW_2007-2013_0.csv
NREL_WTK_site114665_Offshore-LakeHuron_offshore_16MW_2007-2013,nrel,aligned_segments,2,/ve-remi-dmz-dmz-sh-nas01/data/de_group/ghz_11401/data/wind_timeseries/aligned_15min/nrel/segments/segments/NREL_WTK_site114665_Offshore-LakeHuron_offshore_16MW_2007-2013_0.csv,NREL_WTK_site114665_Offshore-LakeHuron_offshore_16MW_2007-2013_0.csv
NREL_WTK_site116754_Vermont-Essex_class3_14MW_2007-2013,nrel,aligned_segments,1,/ve-remi-dmz-dmz-sh-nas01/data/de_group/ghz_11401/data/wind_timeseries/aligned_15min/nrel/segments/NREL_WTK_site116754_Vermont-Essex_class3_14MW_2007-2013_seq/NREL_WTK_site116754_Vermont-Essex_class3_14MW_2007-2013_0.csv,NREL_WTK_site116754_Vermont-Essex_class3_14MW_2007-2013_0.csv
NREL_WTK_site116754_Vermont-Essex_class3_14MW_2007-2013,nrel,aligned_segments,2,/ve-remi-dmz-dmz-sh-nas01/data/de_group/ghz_11401/data/wind_timeseries/aligned_15min/nrel/segments/segments/NREL_WTK_site116754_Vermont-Essex_class3_14MW_2007-2013_0.csv,NREL_WTK_site116754_Vermont-Essex_class3_14MW_2007-2013_0.csv
NREL_WTK_site117612_Oregon-Morrow_class3_14MW_2007-2013,nrel,aligned_segments,1,/ve-remi-dmz-dmz-sh-nas01/data/de_group/ghz_11401/data/wind_timeseries/aligned_15min/nrel/segments/NREL_WTK_site117612_Oregon-Morrow_class3_14MW_2007-2013_seq/NREL_WTK_site117612_Oregon-Morrow_class3_14MW_2007-2013_0.csv,NREL_WTK_site117612_Oregon-Morrow_class3_14MW_2007-2013_0.csv
NREL_WTK_site117612_Oregon-Morrow_class3_14MW_2007-2013,nrel,aligned_segments,2,/ve-remi-dmz-dmz-sh-nas01/data/de_group/ghz_11401/data/wind_timeseries/aligned_15min/nrel/segments/segments/NREL_WTK_site117612_Oregon-Morrow_class3_14MW_2007-2013_0.csv,NREL_WTK_site117612_Oregon-Morrow_class3_14MW_2007-2013_0.csv
NREL_WTK_site117971_NorthDakota-Dunn_class2_10MW_2007-2013,nrel,aligned_segments,1,/ve-remi-dmz-dmz-sh-nas01/data/de_group/ghz_11401/data/wind_timeseries/aligned_15min/nrel/segments/NREL_WTK_site117971_NorthDakota-Dunn_class2_10MW_2007-2013_seq/NREL_WTK_site117971_NorthDakota-Dunn_class2_10MW_2007-2013_0.csv,NREL_WTK_site117971_NorthDakota-Dunn_class2_10MW_2007-2013_0.csv
NREL_WTK_site117971_NorthDakota-Dunn_class2_10MW_2007-2013,nrel,aligned_segments,2,/ve-remi-dmz-dmz-sh-nas01/data/de_group/ghz_11401/data/wind_timeseries/aligned_15min/nrel/segments/segments/NREL_WTK_site117971_NorthDakota-Dunn_class2_10MW_2007-2013_0.csv,NREL_WTK_site117971_NorthDakota-Dunn_class2_10MW_2007-2013_0.csv
NREL_WTK_site118282_NewHampshire-Coos_class3_12MW_2007-2013,nrel,aligned_segments,1,/ve-remi-dmz-dmz-sh-nas01/data/de_group/ghz_11401/data/wind_timeseries/aligned_15min/nrel/segments/NREL_WTK_site118282_NewHampshire-Coos_class3_12MW_2007-2013_seq/NREL_WTK_site118282_NewHampshire-Coos_class3_12MW_2007-2013_0.csv,NREL_WTK_site118282_NewHampshire-Coos_class3_12MW_2007-2013_0.csv
NREL_WTK_site118282_NewHampshire-Coos_class3_12MW_2007-2013,nrel,aligned_segments,2,/ve-remi-dmz-dmz-sh-nas01/data/de_group/ghz_11401/data/wind_timeseries/aligned_15min/nrel/segments/segments/NREL_WTK_site118282_NewHampshire-Coos_class3_12MW_2007-2013_0.csv,NREL_WTK_site118282_NewHampshire-Coos_class3_12MW_2007-2013_0.csv
NREL_WTK_site119090_Maine-Waldo_class3_16MW_2007-2013,nrel,aligned_segments,1,/ve-remi-dmz-dmz-sh-nas01/data/de_group/ghz_11401/data/wind_timeseries/aligned_15min/nrel/segments/NREL_WTK_site119090_Maine-Waldo_class3_16MW_2007-2013_seq/NREL_WTK_site119090_Maine-Waldo_class3_16MW_2007-2013_0.csv,NREL_WTK_site119090_Maine-Waldo_class3_16MW_2007-2013_0.csv
NREL_WTK_site119090_Maine-Waldo_class3_16MW_2007-2013,nrel,aligned_segments,2,/ve-remi-dmz-dmz-sh-nas01/data/de_group/ghz_11401/data/wind_timeseries/aligned_15min/nrel/segments/segments/NREL_WTK_site119090_Maine-Waldo_class3_16MW_2007-2013_0.csv,NREL_WTK_site119090_Maine-Waldo_class3_16MW_2007-2013_0.csv
NREL_WTK_site119090_Maine-Waldo_class3_16MW_2007-2013,nrel,data_process,1,/ve-remi-dmz-dmz-sh-nas01/data/de_group/ghz_11401/data/wind_timeseries/aligned_15min/data_process/nrel/NREL_WTK_site119090_Maine-Waldo_class3_16MW_2007-2013/NREL_WTK_site119090_Maine-Waldo_class3_16MW_2007-2013_0.csv,NREL_WTK_site119090_Maine-Waldo_class3_16MW_2007-2013_0.csv
NREL_WTK_site12172_Alabama-Chambers_class3_16MW_2007-2013,nrel,aligned_segments,1,/ve-remi-dmz-dmz-sh-nas01/data/de_group/ghz_11401/data/wind_timeseries/aligned_15min/nrel/segments/NREL_WTK_site12172_Alabama-Chambers_class3_16MW_2007-2013_seq/NREL_WTK_site12172_Alabama-Chambers_class3_16MW_2007-2013_0.csv,NREL_WTK_site12172_Alabama-Chambers_class3_16MW_2007-2013_0.csv
NREL_WTK_site12172_Alabama-Chambers_class3_16MW_2007-2013,nrel,aligned_segments,2,/ve-remi-dmz-dmz-sh-nas01/data/de_group/ghz_11401/data/wind_timeseries/aligned_15min/nrel/segments/segments/NREL_WTK_site12172_Alabama-Chambers_class3_16MW_2007-2013_0.csv,NREL_WTK_site12172_Alabama-Chambers_class3_16MW_2007-2013_0.csv
NREL_WTK_site12172_Alabama-Chambers_class3_16MW_2007-2013,nrel,data_process,1,/ve-remi-dmz-dmz-sh-nas01/data/de_group/ghz_11401/data/wind_timeseries/aligned_15min/data_process/nrel/NREL_WTK_site12172_Alabama-Chambers_class3_16MW_2007-2013/NREL_WTK_site12172_Alabama-Chambers_class3_16MW_2007-2013_0.csv,NREL_WTK_site12172_Alabama-Chambers_class3_16MW_2007-2013_0.csv
NREL_WTK_site121764_Washington-Klickitat_class2_16MW_2007-2013,nrel,aligned_segments,1,/ve-remi-dmz-dmz-sh-nas01/data/de_group/ghz_11401/data/wind_timeseries/aligned_15min/nrel/segments/NREL_WTK_site121764_Washington-Klickitat_class2_16MW_2007-2013_seq/NREL_WTK_site121764_Washington-Klickitat_class2_16MW_2007-2013_0.csv,NREL_WTK_site121764_Washington-Klickitat_class2_16MW_2007-2013_0.csv
NREL_WTK_site121764_Washington-Klickitat_class2_16MW_2007-2013,nrel,aligned_segments,2,/ve-remi-dmz-dmz-sh-nas01/data/de_group/ghz_11401/data/wind_timeseries/aligned_15min/nrel/segments/segments/NREL_WTK_site121764_Washington-Klickitat_class2_16MW_2007-2013_0.csv,NREL_WTK_site121764_Washington-Klickitat_class2_16MW_2007-2013_0.csv
NREL_WTK_site121764_Washington-Klickitat_class2_16MW_2007-2013,nrel,data_process,1,/ve-remi-dmz-dmz-sh-nas01/data/de_group/ghz_11401/data/wind_timeseries/aligned_15min/data_process/nrel/NREL_WTK_site121764_Washington-Klickitat_class2_16MW_2007-2013/NREL_WTK_site121764_Washington-Klickitat_class2_16MW_2007-2013_0.csv,NREL_WTK_site121764_Washington-Klickitat_class2_16MW_2007-2013_0.csv
NREL_WTK_site122002_Maine-Piscataquis_class3_12MW_2007-2013,nrel,aligned_segments,1,/ve-remi-dmz-dmz-sh-nas01/data/de_group/ghz_11401/data/wind_timeseries/aligned_15min/nrel/segments/NREL_WTK_site122002_Maine-Piscataquis_class3_12MW_2007-2013_seq/NREL_WTK_site122002_Maine-Piscataquis_class3_12MW_2007-2013_0.csv,NREL_WTK_site122002_Maine-Piscataquis_class3_12MW_2007-2013_0.csv
NREL_WTK_site122002_Maine-Piscataquis_class3_12MW_2007-2013,nrel,aligned_segments,2,/ve-remi-dmz-dmz-sh-nas01/data/de_group/ghz_11401/data/wind_timeseries/aligned_15min/nrel/segments/segments/NREL_WTK_site122002_Maine-Piscataquis_class3_12MW_2007-2013_0.csv,NREL_WTK_site122002_Maine-Piscataquis_class3_12MW_2007-2013_0.csv
NREL_WTK_site122002_Maine-Piscataquis_class3_12MW_2007-2013,nrel,data_process,1,/ve-remi-dmz-dmz-sh-nas01/data/de_group/ghz_11401/data/wind_timeseries/aligned_15min/data_process/nrel/NREL_WTK_site122002_Maine-Piscataquis_class3_12MW_2007-2013/NREL_WTK_site122002_Maine-Piscataquis_class3_12MW_2007-2013_0.csv,NREL_WTK_site122002_Maine-Piscataquis_class3_12MW_2007-2013_0.csv
NREL_WTK_site126058_Montana-Glacier_class2_2MW_2007-2013,nrel,aligned_segments,1,/ve-remi-dmz-dmz-sh-nas01/data/de_group/ghz_11401/data/wind_timeseries/aligned_15min/nrel/segments/NREL_WTK_site126058_Montana-Glacier_class2_2MW_2007-2013_seq/NREL_WTK_site126058_Montana-Glacier_class2_2MW_2007-2013_0.csv,NREL_WTK_site126058_Montana-Glacier_class2_2MW_2007-2013_0.csv
NREL_WTK_site126058_Montana-Glacier_class2_2MW_2007-2013,nrel,aligned_segments,2,/ve-remi-dmz-dmz-sh-nas01/data/de_group/ghz_11401/data/wind_timeseries/aligned_15min/nrel/segments/NREL_WTK_site126058_Montana-Glacier_class2_2MW_2007-2013_seq/NREL_WTK_site126058_Montana-Glacier_class2_2MW_2007-2013_1.csv,NREL_WTK_site126058_Montana-Glacier_class2_2MW_2007-2013_1.csv
NREL_WTK_site126058_Montana-Glacier_class2_2MW_2007-2013,nrel,aligned_segments,3,/ve-remi-dmz-dmz-sh-nas01/data/de_group/ghz_11401/data/wind_timeseries/aligned_15min/nrel/segments/NREL_WTK_site126058_Montana-Glacier_class2_2MW_2007-2013_seq/NREL_WTK_site126058_Montana-Glacier_class2_2MW_2007-2013_2.csv,NREL_WTK_site126058_Montana-Glacier_class2_2MW_2007-2013_2.csv
NREL_WTK_site126058_Montana-Glacier_class2_2MW_2007-2013,nrel,aligned_segments,4,/ve-remi-dmz-dmz-sh-nas01/data/de_group/ghz_11401/data/wind_timeseries/aligned_15min/nrel/segments/NREL_WTK_site126058_Montana-Glacier_class2_2MW_2007-2013_seq/NREL_WTK_site126058_Montana-Glacier_class2_2MW_2007-2013_3.csv,NREL_WTK_site126058_Montana-Glacier_class2_2MW_2007-2013_3.csv
NREL_WTK_site126058_Montana-Glacier_class2_2MW_2007-2013,nrel,aligned_segments,5,/ve-remi-dmz-dmz-sh-nas01/data/de_group/ghz_11401/data/wind_timeseries/aligned_15min/nrel/segments/segments/NREL_WTK_site126058_Montana-Glacier_class2_2MW_2007-2013_0.csv,NREL_WTK_site126058_Montana-Glacier_class2_2MW_2007-2013_0.csv
NREL_WTK_site126058_Montana-Glacier_class2_2MW_2007-2013,nrel,aligned_segments,6,/ve-remi-dmz-dmz-sh-nas01/data/de_group/ghz_11401/data/wind_timeseries/aligned_15min/nrel/segments/segments/NREL_WTK_site126058_Montana-Glacier_class2_2MW_2007-2013_1.csv,NREL_WTK_site126058_Montana-Glacier_class2_2MW_2007-2013_1.csv
NREL_WTK_site126058_Montana-Glacier_class2_2MW_2007-2013,nrel,aligned_segments,7,/ve-remi-dmz-dmz-sh-nas01/data/de_group/ghz_11401/data/wind_timeseries/aligned_15min/nrel/segments/segments/NREL_WTK_site126058_Montana-Glacier_class2_2MW_2007-2013_2.csv,NREL_WTK_site126058_Montana-Glacier_class2_2MW_2007-2013_2.csv
NREL_WTK_site126058_Montana-Glacier_class2_2MW_2007-2013,nrel,aligned_segments,8,/ve-remi-dmz-dmz-sh-nas01/data/de_group/ghz_11401/data/wind_timeseries/aligned_15min/nrel/segments/segments/NREL_WTK_site126058_Montana-Glacier_class2_2MW_2007-2013_3.csv,NREL_WTK_site126058_Montana-Glacier_class2_2MW_2007-2013_3.csv
NREL_WTK_site126058_Montana-Glacier_class2_2MW_2007-2013,nrel,data_process,1,/ve-remi-dmz-dmz-sh-nas01/data/de_group/ghz_11401/data/wind_timeseries/aligned_15min/data_process/nrel/NREL_WTK_site126058_Montana-Glacier_class2_2MW_2007-2013/NREL_WTK_site126058_Montana-Glacier_class2_2MW_2007-2013_0.csv,NREL_WTK_site126058_Montana-Glacier_class2_2MW_2007-2013_0.csv
NREL_WTK_site126058_Montana-Glacier_class2_2MW_2007-2013,nrel,data_process,2,/ve-remi-dmz-dmz-sh-nas01/data/de_group/ghz_11401/data/wind_timeseries/aligned_15min/data_process/nrel/NREL_WTK_site126058_Montana-Glacier_class2_2MW_2007-2013/NREL_WTK_site126058_Montana-Glacier_class2_2MW_2007-2013_1.csv,NREL_WTK_site126058_Montana-Glacier_class2_2MW_2007-2013_1.csv
NREL_WTK_site126058_Montana-Glacier_class2_2MW_2007-2013,nrel,data_process,3,/ve-remi-dmz-dmz-sh-nas01/data/de_group/ghz_11401/data/wind_timeseries/aligned_15min/data_process/nrel/NREL_WTK_site126058_Montana-Glacier_class2_2MW_2007-2013/NREL_WTK_site126058_Montana-Glacier_class2_2MW_2007-2013_2.csv,NREL_WTK_site126058_Montana-Glacier_class2_2MW_2007-2013_2.csv
NREL_WTK_site126058_Montana-Glacier_class2_2MW_2007-2013,nrel,data_process,4,/ve-remi-dmz-dmz-sh-nas01/data/de_group/ghz_11401/data/wind_timeseries/aligned_15min/data_process/nrel/NREL_WTK_site126058_Montana-Glacier_class2_2MW_2007-2013/NREL_WTK_site126058_Montana-Glacier_class2_2MW_2007-2013_3.csv,NREL_WTK_site126058_Montana-Glacier_class2_2MW_2007-2013_3.csv
NREL_WTK_site126185_Montana-Glacier_class1_14MW_2007-2013,nrel,aligned_segments,1,/ve-remi-dmz-dmz-sh-nas01/data/de_group/ghz_11401/data/wind_timeseries/aligned_15min/nrel/segments/NREL_WTK_site126185_Montana-Glacier_class1_14MW_2007-2013_seq/NREL_WTK_site126185_Montana-Glacier_class1_14MW_2007-2013_0.csv,NREL_WTK_site126185_Montana-Glacier_class1_14MW_2007-2013_0.csv
NREL_WTK_site126185_Montana-Glacier_class1_14MW_2007-2013,nrel,aligned_segments,2,/ve-remi-dmz-dmz-sh-nas01/data/de_group/ghz_11401/data/wind_timeseries/aligned_15min/nrel/segments/NREL_WTK_site126185_Montana-Glacier_class1_14MW_2007-2013_seq/NREL_WTK_site126185_Montana-Glacier_class1_14MW_2007-2013_1.csv,NREL_WTK_site126185_Montana-Glacier_class1_14MW_2007-2013_1.csv
NREL_WTK_site126185_Montana-Glacier_class1_14MW_2007-2013,nrel,aligned_segments,3,/ve-remi-dmz-dmz-sh-nas01/data/de_group/ghz_11401/data/wind_timeseries/aligned_15min/nrel/segments/NREL_WTK_site126185_Montana-Glacier_class1_14MW_2007-2013_seq/NREL_WTK_site126185_Montana-Glacier_class1_14MW_2007-2013_2.csv,NREL_WTK_site126185_Montana-Glacier_class1_14MW_2007-2013_2.csv
NREL_WTK_site126185_Montana-Glacier_class1_14MW_2007-2013,nrel,aligned_segments,4,/ve-remi-dmz-dmz-sh-nas01/data/de_group/ghz_11401/data/wind_timeseries/aligned_15min/nrel/segments/NREL_WTK_site126185_Montana-Glacier_class1_14MW_2007-2013_seq/NREL_WTK_site126185_Montana-Glacier_class1_14MW_2007-2013_3.csv,NREL_WTK_site126185_Montana-Glacier_class1_14MW_2007-2013_3.csv
NREL_WTK_site126185_Montana-Glacier_class1_14MW_2007-2013,nrel,aligned_segments,5,/ve-remi-dmz-dmz-sh-nas01/data/de_group/ghz_11401/data/wind_timeseries/aligned_15min/nrel/segments/segments/NREL_WTK_site126185_Montana-Glacier_class1_14MW_2007-2013_0.csv,NREL_WTK_site126185_Montana-Glacier_class1_14MW_2007-2013_0.csv
NREL_WTK_site126185_Montana-Glacier_class1_14MW_2007-2013,nrel,aligned_segments,6,/ve-remi-dmz-dmz-sh-nas01/data/de_group/ghz_11401/data/wind_timeseries/aligned_15min/nrel/segments/segments/NREL_WTK_site126185_Montana-Glacier_class1_14MW_2007-2013_1.csv,NREL_WTK_site126185_Montana-Glacier_class1_14MW_2007-2013_1.csv
NREL_WTK_site126185_Montana-Glacier_class1_14MW_2007-2013,nrel,aligned_segments,7,/ve-remi-dmz-dmz-sh-nas01/data/de_group/ghz_11401/data/wind_timeseries/aligned_15min/nrel/segments/segments/NREL_WTK_site126185_Montana-Glacier_class1_14MW_2007-2013_2.csv,NREL_WTK_site126185_Montana-Glacier_class1_14MW_2007-2013_2.csv
NREL_WTK_site126185_Montana-Glacier_class1_14MW_2007-2013,nrel,aligned_segments,8,/ve-remi-dmz-dmz-sh-nas01/data/de_group/ghz_11401/data/wind_timeseries/aligned_15min/nrel/segments/segments/NREL_WTK_site126185_Montana-Glacier_class1_14MW_2007-2013_3.csv,NREL_WTK_site126185_Montana-Glacier_class1_14MW_2007-2013_3.csv
NREL_WTK_site126185_Montana-Glacier_class1_14MW_2007-2013,nrel,data_process,1,/ve-remi-dmz-dmz-sh-nas01/data/de_group/ghz_11401/data/wind_timeseries/aligned_15min/data_process/nrel/NREL_WTK_site126185_Montana-Glacier_class1_14MW_2007-2013/NREL_WTK_site126185_Montana-Glacier_class1_14MW_2007-2013_0.csv,NREL_WTK_site126185_Montana-Glacier_class1_14MW_2007-2013_0.csv
NREL_WTK_site126185_Montana-Glacier_class1_14MW_2007-2013,nrel,data_process,2,/ve-remi-dmz-dmz-sh-nas01/data/de_group/ghz_11401/data/wind_timeseries/aligned_15min/data_process/nrel/NREL_WTK_site126185_Montana-Glacier_class1_14MW_2007-2013/NREL_WTK_site126185_Montana-Glacier_class1_14MW_2007-2013_1.csv,NREL_WTK_site126185_Montana-Glacier_class1_14MW_2007-2013_1.csv
NREL_WTK_site126185_Montana-Glacier_class1_14MW_2007-2013,nrel,data_process,3,/ve-remi-dmz-dmz-sh-nas01/data/de_group/ghz_11401/data/wind_timeseries/aligned_15min/data_process/nrel/NREL_WTK_site126185_Montana-Glacier_class1_14MW_2007-2013/NREL_WTK_site126185_Montana-Glacier_class1_14MW_2007-2013_2.csv,NREL_WTK_site126185_Montana-Glacier_class1_14MW_2007-2013_2.csv
NREL_WTK_site126185_Montana-Glacier_class1_14MW_2007-2013,nrel,data_process,4,/ve-remi-dmz-dmz-sh-nas01/data/de_group/ghz_11401/data/wind_timeseries/aligned_15min/data_process/nrel/NREL_WTK_site126185_Montana-Glacier_class1_14MW_2007-2013/NREL_WTK_site126185_Montana-Glacier_class1_14MW_2007-2013_3.csv,NREL_WTK_site126185_Montana-Glacier_class1_14MW_2007-2013_3.csv
NREL_WTK_site1415_Florida-MiamiDade_class3_16MW_2007-2013,nrel,aligned_segments,1,/ve-remi-dmz-dmz-sh-nas01/data/de_group/ghz_11401/data/wind_timeseries/aligned_15min/nrel/segments/NREL_WTK_site1415_Florida-MiamiDade_class3_16MW_2007-2013_seq/NREL_WTK_site1415_Florida-MiamiDade_class3_16MW_2007-2013_0.csv,NREL_WTK_site1415_Florida-MiamiDade_class3_16MW_2007-2013_0.csv
NREL_WTK_site1415_Florida-MiamiDade_class3_16MW_2007-2013,nrel,aligned_segments,2,/ve-remi-dmz-dmz-sh-nas01/data/de_group/ghz_11401/data/wind_timeseries/aligned_15min/nrel/segments/segments/NREL_WTK_site1415_Florida-MiamiDade_class3_16MW_2007-2013_0.csv,NREL_WTK_site1415_Florida-MiamiDade_class3_16MW_2007-2013_0.csv
NREL_WTK_site1415_Florida-MiamiDade_class3_16MW_2007-2013,nrel,data_process,1,/ve-remi-dmz-dmz-sh-nas01/data/de_group/ghz_11401/data/wind_timeseries/aligned_15min/data_process/nrel/NREL_WTK_site1415_Florida-MiamiDade_class3_16MW_2007-2013/NREL_WTK_site1415_Florida-MiamiDade_class3_16MW_2007-2013_0.csv,NREL_WTK_site1415_Florida-MiamiDade_class3_16MW_2007-2013_0.csv
NREL_WTK_site14725_SouthCarolina-Bamberg_class3_16MW_2007-2013,nrel,aligned_segments,1,/ve-remi-dmz-dmz-sh-nas01/data/de_group/ghz_11401/data/wind_timeseries/aligned_15min/nrel/segments/NREL_WTK_site14725_SouthCarolina-Bamberg_class3_16MW_2007-2013_seq/NREL_WTK_site14725_SouthCarolina-Bamberg_class3_16MW_2007-2013_0.csv,NREL_WTK_site14725_SouthCarolina-Bamberg_class3_16MW_2007-2013_0.csv
NREL_WTK_site14725_SouthCarolina-Bamberg_class3_16MW_2007-2013,nrel,aligned_segments,2,/ve-remi-dmz-dmz-sh-nas01/data/de_group/ghz_11401/data/wind_timeseries/aligned_15min/nrel/segments/segments/NREL_WTK_site14725_SouthCarolina-Bamberg_class3_16MW_2007-2013_0.csv,NREL_WTK_site14725_SouthCarolina-Bamberg_class3_16MW_2007-2013_0.csv
NREL_WTK_site14725_SouthCarolina-Bamberg_class3_16MW_2007-2013,nrel,data_process,1,/ve-remi-dmz-dmz-sh-nas01/data/de_group/ghz_11401/data/wind_timeseries/aligned_15min/data_process/nrel/NREL_WTK_site14725_SouthCarolina-Bamberg_class3_16MW_2007-2013/NREL_WTK_site14725_SouthCarolina-Bamberg_class3_16MW_2007-2013_0.csv,NREL_WTK_site14725_SouthCarolina-Bamberg_class3_16MW_2007-2013_0.csv
NREL_WTK_site15559_California-Imperial_class1_2MW_2007-2013,nrel,aligned_segments,1,/ve-remi-dmz-dmz-sh-nas01/data/de_group/ghz_11401/data/wind_timeseries/aligned_15min/nrel/segments/NREL_WTK_site15559_California-Imperial_class1_2MW_2007-2013_seq/NREL_WTK_site15559_California-Imperial_class1_2MW_2007-2013_0.csv,NREL_WTK_site15559_California-Imperial_class1_2MW_2007-2013_0.csv
NREL_WTK_site15559_California-Imperial_class1_2MW_2007-2013,nrel,aligned_segments,2,/ve-remi-dmz-dmz-sh-nas01/data/de_group/ghz_11401/data/wind_timeseries/aligned_15min/nrel/segments/segments/NREL_WTK_site15559_California-Imperial_class1_2MW_2007-2013_0.csv,NREL_WTK_site15559_California-Imperial_class1_2MW_2007-2013_0.csv
NREL_WTK_site15559_California-Imperial_class1_2MW_2007-2013,nrel,data_process,1,/ve-remi-dmz-dmz-sh-nas01/data/de_group/ghz_11401/data/wind_timeseries/aligned_15min/data_process/nrel/NREL_WTK_site15559_California-Imperial_class1_2MW_2007-2013/NREL_WTK_site15559_California-Imperial_class1_2MW_2007-2013_0.csv,NREL_WTK_site15559_California-Imperial_class1_2MW_2007-2013_0.csv
NREL_WTK_site16069_Oklahoma-Comanche_class1_2MW_2007-2013,nrel,aligned_segments,1,/ve-remi-dmz-dmz-sh-nas01/data/de_group/ghz_11401/data/wind_timeseries/aligned_15min/nrel/segments/NREL_WTK_site16069_Oklahoma-Comanche_class1_2MW_2007-2013_seq/NREL_WTK_site16069_Oklahoma-Comanche_class1_2MW_2007-2013_0.csv,NREL_WTK_site16069_Oklahoma-Comanche_class1_2MW_2007-2013_0.csv
NREL_WTK_site16069_Oklahoma-Comanche_class1_2MW_2007-2013,nrel,aligned_segments,2,/ve-remi-dmz-dmz-sh-nas01/data/de_group/ghz_11401/data/wind_timeseries/aligned_15min/nrel/segments/segments/NREL_WTK_site16069_Oklahoma-Comanche_class1_2MW_2007-2013_0.csv,NREL_WTK_site16069_Oklahoma-Comanche_class1_2MW_2007-2013_0.csv
NREL_WTK_site16069_Oklahoma-Comanche_class1_2MW_2007-2013,nrel,data_process,1,/ve-remi-dmz-dmz-sh-nas01/data/de_group/ghz_11401/data/wind_timeseries/aligned_15min/data_process/nrel/NREL_WTK_site16069_Oklahoma-Comanche_class1_2MW_2007-2013/NREL_WTK_site16069_Oklahoma-Comanche_class1_2MW_2007-2013_0.csv,NREL_WTK_site16069_Oklahoma-Comanche_class1_2MW_2007-2013_0.csv
NREL_WTK_site17501_Georgia-Pickens_class3_16MW_2007-2013,nrel,aligned_segments,1,/ve-remi-dmz-dmz-sh-nas01/data/de_group/ghz_11401/data/wind_timeseries/aligned_15min/nrel/segments/NREL_WTK_site17501_Georgia-Pickens_class3_16MW_2007-2013_seq/NREL_WTK_site17501_Georgia-Pickens_class3_16MW_2007-2013_0.csv,NREL_WTK_site17501_Georgia-Pickens_class3_16MW_2007-2013_0.csv
NREL_WTK_site17501_Georgia-Pickens_class3_16MW_2007-2013,nrel,aligned_segments,2,/ve-remi-dmz-dmz-sh-nas01/data/de_group/ghz_11401/data/wind_timeseries/aligned_15min/nrel/segments/segments/NREL_WTK_site17501_Georgia-Pickens_class3_16MW_2007-2013_0.csv,NREL_WTK_site17501_Georgia-Pickens_class3_16MW_2007-2013_0.csv
NREL_WTK_site17501_Georgia-Pickens_class3_16MW_2007-2013,nrel,data_process,1,/ve-remi-dmz-dmz-sh-nas01/data/de_group/ghz_11401/data/wind_timeseries/aligned_15min/data_process/nrel/NREL_WTK_site17501_Georgia-Pickens_class3_16MW_2007-2013/NREL_WTK_site17501_Georgia-Pickens_class3_16MW_2007-2013_0.csv,NREL_WTK_site17501_Georgia-Pickens_class3_16MW_2007-2013_0.csv
NREL_WTK_site19095_Oklahoma-Grady_class2_16MW_2007-2013,nrel,aligned_segments,1,/ve-remi-dmz-dmz-sh-nas01/data/de_group/ghz_11401/data/wind_timeseries/aligned_15min/nrel/segments/NREL_WTK_site19095_Oklahoma-Grady_class2_16MW_2007-2013_seq/NREL_WTK_site19095_Oklahoma-Grady_class2_16MW_2007-2013_0.csv,NREL_WTK_site19095_Oklahoma-Grady_class2_16MW_2007-2013_0.csv
NREL_WTK_site19095_Oklahoma-Grady_class2_16MW_2007-2013,nrel,aligned_segments,2,/ve-remi-dmz-dmz-sh-nas01/data/de_group/ghz_11401/data/wind_timeseries/aligned_15min/nrel/segments/segments/NREL_WTK_site19095_Oklahoma-Grady_class2_16MW_2007-2013_0.csv,NREL_WTK_site19095_Oklahoma-Grady_class2_16MW_2007-2013_0.csv
NREL_WTK_site19095_Oklahoma-Grady_class2_16MW_2007-2013,nrel,data_process,1,/ve-remi-dmz-dmz-sh-nas01/data/de_group/ghz_11401/data/wind_timeseries/aligned_15min/data_process/nrel/NREL_WTK_site19095_Oklahoma-Grady_class2_16MW_2007-2013/NREL_WTK_site19095_Oklahoma-Grady_class2_16MW_2007-2013_0.csv,NREL_WTK_site19095_Oklahoma-Grady_class2_16MW_2007-2013_0.csv
NREL_WTK_site20092_Arizona-Apache_class3_16MW_2007-2013,nrel,aligned_segments,1,/ve-remi-dmz-dmz-sh-nas01/data/de_group/ghz_11401/data/wind_timeseries/aligned_15min/nrel/segments/NREL_WTK_site20092_Arizona-Apache_class3_16MW_2007-2013_seq/NREL_WTK_site20092_Arizona-Apache_class3_16MW_2007-2013_0.csv,NREL_WTK_site20092_Arizona-Apache_class3_16MW_2007-2013_0.csv
NREL_WTK_site20092_Arizona-Apache_class3_16MW_2007-2013,nrel,aligned_segments,2,/ve-remi-dmz-dmz-sh-nas01/data/de_group/ghz_11401/data/wind_timeseries/aligned_15min/nrel/segments/segments/NREL_WTK_site20092_Arizona-Apache_class3_16MW_2007-2013_0.csv,NREL_WTK_site20092_Arizona-Apache_class3_16MW_2007-2013_0.csv
NREL_WTK_site20092_Arizona-Apache_class3_16MW_2007-2013,nrel,data_process,1,/ve-remi-dmz-dmz-sh-nas01/data/de_group/ghz_11401/data/wind_timeseries/aligned_15min/data_process/nrel/NREL_WTK_site20092_Arizona-Apache_class3_16MW_2007-2013/NREL_WTK_site20092_Arizona-Apache_class3_16MW_2007-2013_0.csv,NREL_WTK_site20092_Arizona-Apache_class3_16MW_2007-2013_0.csv
NREL_WTK_site22664_Arkansas-Washington_class3_16MW_2007-2013,nrel,aligned_segments,1,/ve-remi-dmz-dmz-sh-nas01/data/de_group/ghz_11401/data/wind_timeseries/aligned_15min/nrel/segments/NREL_WTK_site22664_Arkansas-Washington_class3_16MW_2007-2013_seq/NREL_WTK_site22664_Arkansas-Washington_class3_16MW_2007-2013_0.csv,NREL_WTK_site22664_Arkansas-Washington_class3_16MW_2007-2013_0.csv
NREL_WTK_site22664_Arkansas-Washington_class3_16MW_2007-2013,nrel,aligned_segments,2,/ve-remi-dmz-dmz-sh-nas01/data/de_group/ghz_11401/data/wind_timeseries/aligned_15min/nrel/segments/segments/NREL_WTK_site22664_Arkansas-Washington_class3_16MW_2007-2013_0.csv,NREL_WTK_site22664_Arkansas-Washington_class3_16MW_2007-2013_0.csv
NREL_WTK_site22664_Arkansas-Washington_class3_16MW_2007-2013,nrel,data_process,1,/ve-remi-dmz-dmz-sh-nas01/data/de_group/ghz_11401/data/wind_timeseries/aligned_15min/data_process/nrel/NREL_WTK_site22664_Arkansas-Washington_class3_16MW_2007-2013/NREL_WTK_site22664_Arkansas-Washington_class3_16MW_2007-2013_0.csv,NREL_WTK_site22664_Arkansas-Washington_class3_16MW_2007-2013_0.csv
NREL_WTK_site24924_Atlantic-Offshore_16MW_2007-2013,nrel,aligned_segments,1,/ve-remi-dmz-dmz-sh-nas01/data/de_group/ghz_11401/data/wind_timeseries/aligned_15min/nrel/segments/NREL_WTK_site24924_Atlantic-Offshore_16MW_2007-2013_seq/NREL_WTK_site24924_Atlantic-Offshore_16MW_2007-2013_0.csv,NREL_WTK_site24924_Atlantic-Offshore_16MW_2007-2013_0.csv
NREL_WTK_site24924_Atlantic-Offshore_16MW_2007-2013,nrel,aligned_segments,2,/ve-remi-dmz-dmz-sh-nas01/data/de_group/ghz_11401/data/wind_timeseries/aligned_15min/nrel/segments/segments/NREL_WTK_site24924_Atlantic-Offshore_16MW_2007-2013_0.csv,NREL_WTK_site24924_Atlantic-Offshore_16MW_2007-2013_0.csv
NREL_WTK_site24924_Atlantic-Offshore_16MW_2007-2013,nrel,data_process,1,/ve-remi-dmz-dmz-sh-nas01/data/de_group/ghz_11401/data/wind_timeseries/aligned_15min/data_process/nrel/NREL_WTK_site24924_Atlantic-Offshore_16MW_2007-2013/NREL_WTK_site24924_Atlantic-Offshore_16MW_2007-2013_0.csv,NREL_WTK_site24924_Atlantic-Offshore_16MW_2007-2013_0.csv
NREL_WTK_site26558_Oklahoma-Ellis_class2_16MW_2007-2013,nrel,aligned_segments,1,/ve-remi-dmz-dmz-sh-nas01/data/de_group/ghz_11401/data/wind_timeseries/aligned_15min/nrel/segments/NREL_WTK_site26558_Oklahoma-Ellis_class2_16MW_2007-2013_seq/NREL_WTK_site26558_Oklahoma-Ellis_class2_16MW_2007-2013_0.csv,NREL_WTK_site26558_Oklahoma-Ellis_class2_16MW_2007-2013_0.csv
NREL_WTK_site26558_Oklahoma-Ellis_class2_16MW_2007-2013,nrel,aligned_segments,2,/ve-remi-dmz-dmz-sh-nas01/data/de_group/ghz_11401/data/wind_timeseries/aligned_15min/nrel/segments/segments/NREL_WTK_site26558_Oklahoma-Ellis_class2_16MW_2007-2013_0.csv,NREL_WTK_site26558_Oklahoma-Ellis_class2_16MW_2007-2013_0.csv
NREL_WTK_site26558_Oklahoma-Ellis_class2_16MW_2007-2013,nrel,data_process,1,/ve-remi-dmz-dmz-sh-nas01/data/de_group/ghz_11401/data/wind_timeseries/aligned_15min/data_process/nrel/NREL_WTK_site26558_Oklahoma-Ellis_class2_16MW_2007-2013/NREL_WTK_site26558_Oklahoma-Ellis_class2_16MW_2007-2013_0.csv,NREL_WTK_site26558_Oklahoma-Ellis_class2_16MW_2007-2013_0.csv
NREL_WTK_site27707_Offshore-Pacific-CA_offshore_16MW_2007-2013,nrel,aligned_segments,1,/ve-remi-dmz-dmz-sh-nas01/data/de_group/ghz_11401/data/wind_timeseries/aligned_15min/nrel/segments/NREL_WTK_site27707_Offshore-Pacific-CA_offshore_16MW_2007-2013_seq/NREL_WTK_site27707_Offshore-Pacific-CA_offshore_16MW_2007-2013_0.csv,NREL_WTK_site27707_Offshore-Pacific-CA_offshore_16MW_2007-2013_0.csv
NREL_WTK_site27707_Offshore-Pacific-CA_offshore_16MW_2007-2013,nrel,aligned_segments,2,/ve-remi-dmz-dmz-sh-nas01/data/de_group/ghz_11401/data/wind_timeseries/aligned_15min/nrel/segments/NREL_WTK_site27707_Offshore-Pacific-CA_offshore_16MW_2007-2013_seq/NREL_WTK_site27707_Offshore-Pacific-CA_offshore_16MW_2007-2013_1.csv,NREL_WTK_site27707_Offshore-Pacific-CA_offshore_16MW_2007-2013_1.csv
NREL_WTK_site27707_Offshore-Pacific-CA_offshore_16MW_2007-2013,nrel,aligned_segments,3,/ve-remi-dmz-dmz-sh-nas01/data/de_group/ghz_11401/data/wind_timeseries/aligned_15min/nrel/segments/segments/NREL_WTK_site27707_Offshore-Pacific-CA_offshore_16MW_2007-2013_0.csv,NREL_WTK_site27707_Offshore-Pacific-CA_offshore_16MW_2007-2013_0.csv
NREL_WTK_site27707_Offshore-Pacific-CA_offshore_16MW_2007-2013,nrel,aligned_segments,4,/ve-remi-dmz-dmz-sh-nas01/data/de_group/ghz_11401/data/wind_timeseries/aligned_15min/nrel/segments/segments/NREL_WTK_site27707_Offshore-Pacific-CA_offshore_16MW_2007-2013_1.csv,NREL_WTK_site27707_Offshore-Pacific-CA_offshore_16MW_2007-2013_1.csv
NREL_WTK_site27707_Offshore-Pacific-CA_offshore_16MW_2007-2013,nrel,data_process,1,/ve-remi-dmz-dmz-sh-nas01/data/de_group/ghz_11401/data/wind_timeseries/aligned_15min/data_process/nrel/NREL_WTK_site27707_Offshore-Pacific-CA_offshore_16MW_2007-2013/NREL_WTK_site27707_Offshore-Pacific-CA_offshore_16MW_2007-2013_0.csv,NREL_WTK_site27707_Offshore-Pacific-CA_offshore_16MW_2007-2013_0.csv
NREL_WTK_site27707_Offshore-Pacific-CA_offshore_16MW_2007-2013,nrel,data_process,2,/ve-remi-dmz-dmz-sh-nas01/data/de_group/ghz_11401/data/wind_timeseries/aligned_15min/data_process/nrel/NREL_WTK_site27707_Offshore-Pacific-CA_offshore_16MW_2007-2013/NREL_WTK_site27707_Offshore-Pacific-CA_offshore_16MW_2007-2013_1.csv,NREL_WTK_site27707_Offshore-Pacific-CA_offshore_16MW_2007-2013_1.csv
NREL_WTK_site29477_NorthCarolina-Carteret_class2_16MW_2007-2013,nrel,aligned_segments,1,/ve-remi-dmz-dmz-sh-nas01/data/de_group/ghz_11401/data/wind_timeseries/aligned_15min/nrel/segments/NREL_WTK_site29477_NorthCarolina-Carteret_class2_16MW_2007-2013_seq/NREL_WTK_site29477_NorthCarolina-Carteret_class2_16MW_2007-2013_0.csv,NREL_WTK_site29477_NorthCarolina-Carteret_class2_16MW_2007-2013_0.csv
NREL_WTK_site29477_NorthCarolina-Carteret_class2_16MW_2007-2013,nrel,aligned_segments,2,/ve-remi-dmz-dmz-sh-nas01/data/de_group/ghz_11401/data/wind_timeseries/aligned_15min/nrel/segments/segments/NREL_WTK_site29477_NorthCarolina-Carteret_class2_16MW_2007-2013_0.csv,NREL_WTK_site29477_NorthCarolina-Carteret_class2_16MW_2007-2013_0.csv
NREL_WTK_site29477_NorthCarolina-Carteret_class2_16MW_2007-2013,nrel,data_process,1,/ve-remi-dmz-dmz-sh-nas01/data/de_group/ghz_11401/data/wind_timeseries/aligned_15min/data_process/nrel/NREL_WTK_site29477_NorthCarolina-Carteret_class2_16MW_2007-2013/NREL_WTK_site29477_NorthCarolina-Carteret_class2_16MW_2007-2013_0.csv,NREL_WTK_site29477_NorthCarolina-Carteret_class2_16MW_2007-2013_0.csv
NREL_WTK_site29715_Tennessee-Campbell_class3_8MW_2007-2013,nrel,aligned_segments,1,/ve-remi-dmz-dmz-sh-nas01/data/de_group/ghz_11401/data/wind_timeseries/aligned_15min/nrel/segments/NREL_WTK_site29715_Tennessee-Campbell_class3_8MW_2007-2013_seq/NREL_WTK_site29715_Tennessee-Campbell_class3_8MW_2007-2013_0.csv,NREL_WTK_site29715_Tennessee-Campbell_class3_8MW_2007-2013_0.csv
NREL_WTK_site29715_Tennessee-Campbell_class3_8MW_2007-2013,nrel,aligned_segments,2,/ve-remi-dmz-dmz-sh-nas01/data/de_group/ghz_11401/data/wind_timeseries/aligned_15min/nrel/segments/segments/NREL_WTK_site29715_Tennessee-Campbell_class3_8MW_2007-2013_0.csv,NREL_WTK_site29715_Tennessee-Campbell_class3_8MW_2007-2013_0.csv
NREL_WTK_site29715_Tennessee-Campbell_class3_8MW_2007-2013,nrel,data_process,1,/ve-remi-dmz-dmz-sh-nas01/data/de_group/ghz_11401/data/wind_timeseries/aligned_15min/data_process/nrel/NREL_WTK_site29715_Tennessee-Campbell_class3_8MW_2007-2013/NREL_WTK_site29715_Tennessee-Campbell_class3_8MW_2007-2013_0.csv,NREL_WTK_site29715_Tennessee-Campbell_class3_8MW_2007-2013_0.csv
NREL_WTK_site3044_Offshore-Gulf-LA_offshore_16MW_2007-2013,nrel,aligned_segments,1,/ve-remi-dmz-dmz-sh-nas01/data/de_group/ghz_11401/data/wind_timeseries/aligned_15min/nrel/segments/NREL_WTK_site3044_Offshore-Gulf-LA_offshore_16MW_2007-2013_seq/NREL_WTK_site3044_Offshore-Gulf-LA_offshore_16MW_2007-2013_0.csv,NREL_WTK_site3044_Offshore-Gulf-LA_offshore_16MW_2007-2013_0.csv
NREL_WTK_site3044_Offshore-Gulf-LA_offshore_16MW_2007-2013,nrel,aligned_segments,2,/ve-remi-dmz-dmz-sh-nas01/data/de_group/ghz_11401/data/wind_timeseries/aligned_15min/nrel/segments/segments/NREL_WTK_site3044_Offshore-Gulf-LA_offshore_16MW_2007-2013_0.csv,NREL_WTK_site3044_Offshore-Gulf-LA_offshore_16MW_2007-2013_0.csv
NREL_WTK_site3044_Offshore-Gulf-LA_offshore_16MW_2007-2013,nrel,data_process,1,/ve-remi-dmz-dmz-sh-nas01/data/de_group/ghz_11401/data/wind_timeseries/aligned_15min/data_process/nrel/NREL_WTK_site3044_Offshore-Gulf-LA_offshore_16MW_2007-2013/NREL_WTK_site3044_Offshore-Gulf-LA_offshore_16MW_2007-2013_0.csv,NREL_WTK_site3044_Offshore-Gulf-LA_offshore_16MW_2007-2013_0.csv
NREL_WTK_site31505_NewMexico-Union_class2_12MW_2007-2013,nrel,aligned_segments,1,/ve-remi-dmz-dmz-sh-nas01/data/de_group/ghz_11401/data/wind_timeseries/aligned_15min/nrel/segments/NREL_WTK_site31505_NewMexico-Union_class2_12MW_2007-2013_seq/NREL_WTK_site31505_NewMexico-Union_class2_12MW_2007-2013_0.csv,NREL_WTK_site31505_NewMexico-Union_class2_12MW_2007-2013_0.csv
NREL_WTK_site31505_NewMexico-Union_class2_12MW_2007-2013,nrel,aligned_segments,2,/ve-remi-dmz-dmz-sh-nas01/data/de_group/ghz_11401/data/wind_timeseries/aligned_15min/nrel/segments/segments/NREL_WTK_site31505_NewMexico-Union_class2_12MW_2007-2013_0.csv,NREL_WTK_site31505_NewMexico-Union_class2_12MW_2007-2013_0.csv
NREL_WTK_site31505_NewMexico-Union_class2_12MW_2007-2013,nrel,data_process,1,/ve-remi-dmz-dmz-sh-nas01/data/de_group/ghz_11401/data/wind_timeseries/aligned_15min/data_process/nrel/NREL_WTK_site31505_NewMexico-Union_class2_12MW_2007-2013/NREL_WTK_site31505_NewMexico-Union_class2_12MW_2007-2013_0.csv,NREL_WTK_site31505_NewMexico-Union_class2_12MW_2007-2013_0.csv
NREL_WTK_site33345_California-SanBernardino_class2_16MW_2007-2013,nrel,aligned_segments,1,/ve-remi-dmz-dmz-sh-nas01/data/de_group/ghz_11401/data/wind_timeseries/aligned_15min/nrel/segments/NREL_WTK_site33345_California-SanBernardino_class2_16MW_2007-2013_seq/NREL_WTK_site33345_California-SanBernardino_class2_16MW_2007-2013_0.csv,NREL_WTK_site33345_California-SanBernardino_class2_16MW_2007-2013_0.csv
NREL_WTK_site33345_California-SanBernardino_class2_16MW_2007-2013,nrel,aligned_segments,2,/ve-remi-dmz-dmz-sh-nas01/data/de_group/ghz_11401/data/wind_timeseries/aligned_15min/nrel/segments/segments/NREL_WTK_site33345_California-SanBernardino_class2_16MW_2007-2013_0.csv,NREL_WTK_site33345_California-SanBernardino_class2_16MW_2007-2013_0.csv
NREL_WTK_site33345_California-SanBernardino_class2_16MW_2007-2013,nrel,data_process,1,/ve-remi-dmz-dmz-sh-nas01/data/de_group/ghz_11401/data/wind_timeseries/aligned_15min/data_process/nrel/NREL_WTK_site33345_California-SanBernardino_class2_16MW_2007-2013/NREL_WTK_site33345_California-SanBernardino_class2_16MW_2007-2013_0.csv,NREL_WTK_site33345_California-SanBernardino_class2_16MW_2007-2013_0.csv
NREL_WTK_site34260_Offshore-NC-OuterBanks_offshore_16MW_2007-2013,nrel,aligned_segments,1,/ve-remi-dmz-dmz-sh-nas01/data/de_group/ghz_11401/data/wind_timeseries/aligned_15min/nrel/segments/NREL_WTK_site34260_Offshore-NC-OuterBanks_offshore_16MW_2007-2013_seq/NREL_WTK_site34260_Offshore-NC-OuterBanks_offshore_16MW_2007-2013_0.csv,NREL_WTK_site34260_Offshore-NC-OuterBanks_offshore_16MW_2007-2013_0.csv
NREL_WTK_site34260_Offshore-NC-OuterBanks_offshore_16MW_2007-2013,nrel,aligned_segments,2,/ve-remi-dmz-dmz-sh-nas01/data/de_group/ghz_11401/data/wind_timeseries/aligned_15min/nrel/segments/segments/NREL_WTK_site34260_Offshore-NC-OuterBanks_offshore_16MW_2007-2013_0.csv,NREL_WTK_site34260_Offshore-NC-OuterBanks_offshore_16MW_2007-2013_0.csv
NREL_WTK_site34260_Offshore-NC-OuterBanks_offshore_16MW_2007-2013,nrel,data_process,1,/ve-remi-dmz-dmz-sh-nas01/data/de_group/ghz_11401/data/wind_timeseries/aligned_15min/data_process/nrel/NREL_WTK_site34260_Offshore-NC-OuterBanks_offshore_16MW_2007-2013/NREL_WTK_site34260_Offshore-NC-OuterBanks_offshore_16MW_2007-2013_0.csv,NREL_WTK_site34260_Offshore-NC-OuterBanks_offshore_16MW_2007-2013_0.csv
NREL_WTK_site34947_Kansas-Kiowa_class1_2MW_2007-2013,nrel,aligned_segments,1,/ve-remi-dmz-dmz-sh-nas01/data/de_group/ghz_11401/data/wind_timeseries/aligned_15min/nrel/segments/NREL_WTK_site34947_Kansas-Kiowa_class1_2MW_2007-2013_seq/NREL_WTK_site34947_Kansas-Kiowa_class1_2MW_2007-2013_0.csv,NREL_WTK_site34947_Kansas-Kiowa_class1_2MW_2007-2013_0.csv
NREL_WTK_site34947_Kansas-Kiowa_class1_2MW_2007-2013,nrel,aligned_segments,2,/ve-remi-dmz-dmz-sh-nas01/data/de_group/ghz_11401/data/wind_timeseries/aligned_15min/nrel/segments/segments/NREL_WTK_site34947_Kansas-Kiowa_class1_2MW_2007-2013_0.csv,NREL_WTK_site34947_Kansas-Kiowa_class1_2MW_2007-2013_0.csv
NREL_WTK_site34947_Kansas-Kiowa_class1_2MW_2007-2013,nrel,data_process,1,/ve-remi-dmz-dmz-sh-nas01/data/de_group/ghz_11401/data/wind_timeseries/aligned_15min/data_process/nrel/NREL_WTK_site34947_Kansas-Kiowa_class1_2MW_2007-2013/NREL_WTK_site34947_Kansas-Kiowa_class1_2MW_2007-2013_0.csv,NREL_WTK_site34947_Kansas-Kiowa_class1_2MW_2007-2013_0.csv
NREL_WTK_site38019_Virginia-Patrick_class1_4MW_2007-2013,nrel,aligned_segments,1,/ve-remi-dmz-dmz-sh-nas01/data/de_group/ghz_11401/data/wind_timeseries/aligned_15min/nrel/segments/NREL_WTK_site38019_Virginia-Patrick_class1_4MW_2007-2013_seq/NREL_WTK_site38019_Virginia-Patrick_class1_4MW_2007-2013_0.csv,NREL_WTK_site38019_Virginia-Patrick_class1_4MW_2007-2013_0.csv
NREL_WTK_site38019_Virginia-Patrick_class1_4MW_2007-2013,nrel,aligned_segments,2,/ve-remi-dmz-dmz-sh-nas01/data/de_group/ghz_11401/data/wind_timeseries/aligned_15min/nrel/segments/segments/NREL_WTK_site38019_Virginia-Patrick_class1_4MW_2007-2013_0.csv,NREL_WTK_site38019_Virginia-Patrick_class1_4MW_2007-2013_0.csv
NREL_WTK_site38019_Virginia-Patrick_class1_4MW_2007-2013,nrel,data_process,1,/ve-remi-dmz-dmz-sh-nas01/data/de_group/ghz_11401/data/wind_timeseries/aligned_15min/data_process/nrel/NREL_WTK_site38019_Virginia-Patrick_class1_4MW_2007-2013/NREL_WTK_site38019_Virginia-Patrick_class1_4MW_2007-2013_0.csv,NREL_WTK_site38019_Virginia-Patrick_class1_4MW_2007-2013_0.csv
NREL_WTK_site38405_Kansas-Hodgeman_class2_6MW_2007-2013,nrel,aligned_segments,1,/ve-remi-dmz-dmz-sh-nas01/data/de_group/ghz_11401/data/wind_timeseries/aligned_15min/nrel/segments/NREL_WTK_site38405_Kansas-Hodgeman_class2_6MW_2007-2013_seq/NREL_WTK_site38405_Kansas-Hodgeman_class2_6MW_2007-2013_0.csv,NREL_WTK_site38405_Kansas-Hodgeman_class2_6MW_2007-2013_0.csv
NREL_WTK_site38405_Kansas-Hodgeman_class2_6MW_2007-2013,nrel,aligned_segments,2,/ve-remi-dmz-dmz-sh-nas01/data/de_group/ghz_11401/data/wind_timeseries/aligned_15min/nrel/segments/segments/NREL_WTK_site38405_Kansas-Hodgeman_class2_6MW_2007-2013_0.csv,NREL_WTK_site38405_Kansas-Hodgeman_class2_6MW_2007-2013_0.csv
NREL_WTK_site38405_Kansas-Hodgeman_class2_6MW_2007-2013,nrel,data_process,1,/ve-remi-dmz-dmz-sh-nas01/data/de_group/ghz_11401/data/wind_timeseries/aligned_15min/data_process/nrel/NREL_WTK_site38405_Kansas-Hodgeman_class2_6MW_2007-2013/NREL_WTK_site38405_Kansas-Hodgeman_class2_6MW_2007-2013_0.csv,NREL_WTK_site38405_Kansas-Hodgeman_class2_6MW_2007-2013_0.csv
NREL_WTK_site39062_Kentucky-Madison_class3_16MW_2007-2013,nrel,aligned_segments,1,/ve-remi-dmz-dmz-sh-nas01/data/de_group/ghz_11401/data/wind_timeseries/aligned_15min/nrel/segments/NREL_WTK_site39062_Kentucky-Madison_class3_16MW_2007-2013_seq/NREL_WTK_site39062_Kentucky-Madison_class3_16MW_2007-2013_0.csv,NREL_WTK_site39062_Kentucky-Madison_class3_16MW_2007-2013_0.csv
NREL_WTK_site39062_Kentucky-Madison_class3_16MW_2007-2013,nrel,aligned_segments,2,/ve-remi-dmz-dmz-sh-nas01/data/de_group/ghz_11401/data/wind_timeseries/aligned_15min/nrel/segments/segments/NREL_WTK_site39062_Kentucky-Madison_class3_16MW_2007-2013_0.csv,NREL_WTK_site39062_Kentucky-Madison_class3_16MW_2007-2013_0.csv
NREL_WTK_site39062_Kentucky-Madison_class3_16MW_2007-2013,nrel,data_process,1,/ve-remi-dmz-dmz-sh-nas01/data/de_group/ghz_11401/data/wind_timeseries/aligned_15min/data_process/nrel/NREL_WTK_site39062_Kentucky-Madison_class3_16MW_2007-2013/NREL_WTK_site39062_Kentucky-Madison_class3_16MW_2007-2013_0.csv,NREL_WTK_site39062_Kentucky-Madison_class3_16MW_2007-2013_0.csv
NREL_WTK_site39241_Kansas-Chase_class2_16MW_2007-2013,nrel,aligned_segments,1,/ve-remi-dmz-dmz-sh-nas01/data/de_group/ghz_11401/data/wind_timeseries/aligned_15min/nrel/segments/NREL_WTK_site39241_Kansas-Chase_class2_16MW_2007-2013_seq/NREL_WTK_site39241_Kansas-Chase_class2_16MW_2007-2013_0.csv,NREL_WTK_site39241_Kansas-Chase_class2_16MW_2007-2013_0.csv
NREL_WTK_site39241_Kansas-Chase_class2_16MW_2007-2013,nrel,aligned_segments,2,/ve-remi-dmz-dmz-sh-nas01/data/de_group/ghz_11401/data/wind_timeseries/aligned_15min/nrel/segments/segments/NREL_WTK_site39241_Kansas-Chase_class2_16MW_2007-2013_0.csv,NREL_WTK_site39241_Kansas-Chase_class2_16MW_2007-2013_0.csv
NREL_WTK_site39241_Kansas-Chase_class2_16MW_2007-2013,nrel,data_process,1,/ve-remi-dmz-dmz-sh-nas01/data/de_group/ghz_11401/data/wind_timeseries/aligned_15min/data_process/nrel/NREL_WTK_site39241_Kansas-Chase_class2_16MW_2007-2013/NREL_WTK_site39241_Kansas-Chase_class2_16MW_2007-2013_0.csv,NREL_WTK_site39241_Kansas-Chase_class2_16MW_2007-2013_0.csv
NREL_WTK_site39992_Virginia-Roanoke_class2_14MW_2007-2013,nrel,aligned_segments,1,/ve-remi-dmz-dmz-sh-nas01/data/de_group/ghz_11401/data/wind_timeseries/aligned_15min/nrel/segments/NREL_WTK_site39992_Virginia-Roanoke_class2_14MW_2007-2013_seq/NREL_WTK_site39992_Virginia-Roanoke_class2_14MW_2007-2013_0.csv,NREL_WTK_site39992_Virginia-Roanoke_class2_14MW_2007-2013_0.csv
NREL_WTK_site39992_Virginia-Roanoke_class2_14MW_2007-2013,nrel,aligned_segments,2,/ve-remi-dmz-dmz-sh-nas01/data/de_group/ghz_11401/data/wind_timeseries/aligned_15min/nrel/segments/segments/NREL_WTK_site39992_Virginia-Roanoke_class2_14MW_2007-2013_0.csv,NREL_WTK_site39992_Virginia-Roanoke_class2_14MW_2007-2013_0.csv
NREL_WTK_site39992_Virginia-Roanoke_class2_14MW_2007-2013,nrel,data_process,1,/ve-remi-dmz-dmz-sh-nas01/data/de_group/ghz_11401/data/wind_timeseries/aligned_15min/data_process/nrel/NREL_WTK_site39992_Virginia-Roanoke_class2_14MW_2007-2013/NREL_WTK_site39992_Virginia-Roanoke_class2_14MW_2007-2013_0.csv,NREL_WTK_site39992_Virginia-Roanoke_class2_14MW_2007-2013_0.csv
NREL_WTK_site41012_Offshore-Virginia_offshore_16MW_2007-2013,nrel,aligned_segments,1,/ve-remi-dmz-dmz-sh-nas01/data/de_group/ghz_11401/data/wind_timeseries/aligned_15min/nrel/segments/NREL_WTK_site41012_Offshore-Virginia_offshore_16MW_2007-2013_seq/NREL_WTK_site41012_Offshore-Virginia_offshore_16MW_2007-2013_0.csv,NREL_WTK_site41012_Offshore-Virginia_offshore_16MW_2007-2013_0.csv
NREL_WTK_site41012_Offshore-Virginia_offshore_16MW_2007-2013,nrel,aligned_segments,2,/ve-remi-dmz-dmz-sh-nas01/data/de_group/ghz_11401/data/wind_timeseries/aligned_15min/nrel/segments/segments/NREL_WTK_site41012_Offshore-Virginia_offshore_16MW_2007-2013_0.csv,NREL_WTK_site41012_Offshore-Virginia_offshore_16MW_2007-2013_0.csv
NREL_WTK_site41012_Offshore-Virginia_offshore_16MW_2007-2013,nrel,data_process,1,/ve-remi-dmz-dmz-sh-nas01/data/de_group/ghz_11401/data/wind_timeseries/aligned_15min/data_process/nrel/NREL_WTK_site41012_Offshore-Virginia_offshore_16MW_2007-2013/NREL_WTK_site41012_Offshore-Virginia_offshore_16MW_2007-2013_0.csv,NREL_WTK_site41012_Offshore-Virginia_offshore_16MW_2007-2013_0.csv
NREL_WTK_site43337_Kansas-Gove_class2_16MW_2007-2013,nrel,aligned_segments,1,/ve-remi-dmz-dmz-sh-nas01/data/de_group/ghz_11401/data/wind_timeseries/aligned_15min/nrel/segments/NREL_WTK_site43337_Kansas-Gove_class2_16MW_2007-2013_seq/NREL_WTK_site43337_Kansas-Gove_class2_16MW_2007-2013_0.csv,NREL_WTK_site43337_Kansas-Gove_class2_16MW_2007-2013_0.csv
NREL_WTK_site43337_Kansas-Gove_class2_16MW_2007-2013,nrel,aligned_segments,2,/ve-remi-dmz-dmz-sh-nas01/data/de_group/ghz_11401/data/wind_timeseries/aligned_15min/nrel/segments/segments/NREL_WTK_site43337_Kansas-Gove_class2_16MW_2007-2013_0.csv,NREL_WTK_site43337_Kansas-Gove_class2_16MW_2007-2013_0.csv
NREL_WTK_site43337_Kansas-Gove_class2_16MW_2007-2013,nrel,data_process,1,/ve-remi-dmz-dmz-sh-nas01/data/de_group/ghz_11401/data/wind_timeseries/aligned_15min/data_process/nrel/NREL_WTK_site43337_Kansas-Gove_class2_16MW_2007-2013/NREL_WTK_site43337_Kansas-Gove_class2_16MW_2007-2013_0.csv,NREL_WTK_site43337_Kansas-Gove_class2_16MW_2007-2013_0.csv
NREL_WTK_site44258_Colorado-ElPaso_class2_16MW_2007-2013,nrel,aligned_segments,1,/ve-remi-dmz-dmz-sh-nas01/data/de_group/ghz_11401/data/wind_timeseries/aligned_15min/nrel/segments/NREL_WTK_site44258_Colorado-ElPaso_class2_16MW_2007-2013_seq/NREL_WTK_site44258_Colorado-ElPaso_class2_16MW_2007-2013_0.csv,NREL_WTK_site44258_Colorado-ElPaso_class2_16MW_2007-2013_0.csv
NREL_WTK_site44258_Colorado-ElPaso_class2_16MW_2007-2013,nrel,aligned_segments,2,/ve-remi-dmz-dmz-sh-nas01/data/de_group/ghz_11401/data/wind_timeseries/aligned_15min/nrel/segments/segments/NREL_WTK_site44258_Colorado-ElPaso_class2_16MW_2007-2013_0.csv,NREL_WTK_site44258_Colorado-ElPaso_class2_16MW_2007-2013_0.csv
NREL_WTK_site44258_Colorado-ElPaso_class2_16MW_2007-2013,nrel,data_process,1,/ve-remi-dmz-dmz-sh-nas01/data/de_group/ghz_11401/data/wind_timeseries/aligned_15min/data_process/nrel/NREL_WTK_site44258_Colorado-ElPaso_class2_16MW_2007-2013/NREL_WTK_site44258_Colorado-ElPaso_class2_16MW_2007-2013_0.csv,NREL_WTK_site44258_Colorado-ElPaso_class2_16MW_2007-2013_0.csv
NREL_WTK_site44404_Utah-Wayne_class1_2MW_2007-2013,nrel,aligned_segments,1,/ve-remi-dmz-dmz-sh-nas01/data/de_group/ghz_11401/data/wind_timeseries/aligned_15min/nrel/segments/NREL_WTK_site44404_Utah-Wayne_class1_2MW_2007-2013_seq/NREL_WTK_site44404_Utah-Wayne_class1_2MW_2007-2013_0.csv,NREL_WTK_site44404_Utah-Wayne_class1_2MW_2007-2013_0.csv
NREL_WTK_site44404_Utah-Wayne_class1_2MW_2007-2013,nrel,aligned_segments,2,/ve-remi-dmz-dmz-sh-nas01/data/de_group/ghz_11401/data/wind_timeseries/aligned_15min/nrel/segments/segments/NREL_WTK_site44404_Utah-Wayne_class1_2MW_2007-2013_0.csv,NREL_WTK_site44404_Utah-Wayne_class1_2MW_2007-2013_0.csv
NREL_WTK_site44404_Utah-Wayne_class1_2MW_2007-2013,nrel,data_process,1,/ve-remi-dmz-dmz-sh-nas01/data/de_group/ghz_11401/data/wind_timeseries/aligned_15min/data_process/nrel/NREL_WTK_site44404_Utah-Wayne_class1_2MW_2007-2013/NREL_WTK_site44404_Utah-Wayne_class1_2MW_2007-2013_0.csv,NREL_WTK_site44404_Utah-Wayne_class1_2MW_2007-2013_0.csv
NREL_WTK_site4477_Louisiana-Plaquemines_class2_16MW_2007-2013,nrel,aligned_segments,1,/ve-remi-dmz-dmz-sh-nas01/data/de_group/ghz_11401/data/wind_timeseries/aligned_15min/nrel/segments/NREL_WTK_site4477_Louisiana-Plaquemines_class2_16MW_2007-2013_seq/NREL_WTK_site4477_Louisiana-Plaquemines_class2_16MW_2007-2013_0.csv,NREL_WTK_site4477_Louisiana-Plaquemines_class2_16MW_2007-2013_0.csv
NREL_WTK_site4477_Louisiana-Plaquemines_class2_16MW_2007-2013,nrel,aligned_segments,2,/ve-remi-dmz-dmz-sh-nas01/data/de_group/ghz_11401/data/wind_timeseries/aligned_15min/nrel/segments/segments/NREL_WTK_site4477_Louisiana-Plaquemines_class2_16MW_2007-2013_0.csv,NREL_WTK_site4477_Louisiana-Plaquemines_class2_16MW_2007-2013_0.csv
NREL_WTK_site4477_Louisiana-Plaquemines_class2_16MW_2007-2013,nrel,data_process,1,/ve-remi-dmz-dmz-sh-nas01/data/de_group/ghz_11401/data/wind_timeseries/aligned_15min/data_process/nrel/NREL_WTK_site4477_Louisiana-Plaquemines_class2_16MW_2007-2013/NREL_WTK_site4477_Louisiana-Plaquemines_class2_16MW_2007-2013_0.csv,NREL_WTK_site4477_Louisiana-Plaquemines_class2_16MW_2007-2013_0.csv
NREL_WTK_site48642_Nevada-Lincoln_class2_14MW_2007-2013,nrel,aligned_segments,1,/ve-remi-dmz-dmz-sh-nas01/data/de_group/ghz_11401/data/wind_timeseries/aligned_15min/nrel/segments/NREL_WTK_site48642_Nevada-Lincoln_class2_14MW_2007-2013_seq/NREL_WTK_site48642_Nevada-Lincoln_class2_14MW_2007-2013_0.csv,NREL_WTK_site48642_Nevada-Lincoln_class2_14MW_2007-2013_0.csv
NREL_WTK_site48642_Nevada-Lincoln_class2_14MW_2007-2013,nrel,aligned_segments,2,/ve-remi-dmz-dmz-sh-nas01/data/de_group/ghz_11401/data/wind_timeseries/aligned_15min/nrel/segments/segments/NREL_WTK_site48642_Nevada-Lincoln_class2_14MW_2007-2013_0.csv,NREL_WTK_site48642_Nevada-Lincoln_class2_14MW_2007-2013_0.csv
NREL_WTK_site48642_Nevada-Lincoln_class2_14MW_2007-2013,nrel,data_process,1,/ve-remi-dmz-dmz-sh-nas01/data/de_group/ghz_11401/data/wind_timeseries/aligned_15min/data_process/nrel/NREL_WTK_site48642_Nevada-Lincoln_class2_14MW_2007-2013/NREL_WTK_site48642_Nevada-Lincoln_class2_14MW_2007-2013_0.csv,NREL_WTK_site48642_Nevada-Lincoln_class2_14MW_2007-2013_0.csv
NREL_WTK_site48998_WestVirginia-Randolph_class3_10MW_2007-2013,nrel,aligned_segments,1,/ve-remi-dmz-dmz-sh-nas01/data/de_group/ghz_11401/data/wind_timeseries/aligned_15min/nrel/segments/NREL_WTK_site48998_WestVirginia-Randolph_class3_10MW_2007-2013_seq/NREL_WTK_site48998_WestVirginia-Randolph_class3_10MW_2007-2013_0.csv,NREL_WTK_site48998_WestVirginia-Randolph_class3_10MW_2007-2013_0.csv
NREL_WTK_site48998_WestVirginia-Randolph_class3_10MW_2007-2013,nrel,aligned_segments,2,/ve-remi-dmz-dmz-sh-nas01/data/de_group/ghz_11401/data/wind_timeseries/aligned_15min/nrel/segments/segments/NREL_WTK_site48998_WestVirginia-Randolph_class3_10MW_2007-2013_0.csv,NREL_WTK_site48998_WestVirginia-Randolph_class3_10MW_2007-2013_0.csv
NREL_WTK_site48998_WestVirginia-Randolph_class3_10MW_2007-2013,nrel,data_process,1,/ve-remi-dmz-dmz-sh-nas01/data/de_group/ghz_11401/data/wind_timeseries/aligned_15min/data_process/nrel/NREL_WTK_site48998_WestVirginia-Randolph_class3_10MW_2007-2013/NREL_WTK_site48998_WestVirginia-Randolph_class3_10MW_2007-2013_0.csv,NREL_WTK_site48998_WestVirginia-Randolph_class3_10MW_2007-2013_0.csv
NREL_WTK_site49033_Utah-Millard_class2_10MW_2007-2013,nrel,aligned_segments,1,/ve-remi-dmz-dmz-sh-nas01/data/de_group/ghz_11401/data/wind_timeseries/aligned_15min/nrel/segments/NREL_WTK_site49033_Utah-Millard_class2_10MW_2007-2013_seq/NREL_WTK_site49033_Utah-Millard_class2_10MW_2007-2013_0.csv,NREL_WTK_site49033_Utah-Millard_class2_10MW_2007-2013_0.csv
NREL_WTK_site49033_Utah-Millard_class2_10MW_2007-2013,nrel,aligned_segments,2,/ve-remi-dmz-dmz-sh-nas01/data/de_group/ghz_11401/data/wind_timeseries/aligned_15min/nrel/segments/segments/NREL_WTK_site49033_Utah-Millard_class2_10MW_2007-2013_0.csv,NREL_WTK_site49033_Utah-Millard_class2_10MW_2007-2013_0.csv
NREL_WTK_site49033_Utah-Millard_class2_10MW_2007-2013,nrel,data_process,1,/ve-remi-dmz-dmz-sh-nas01/data/de_group/ghz_11401/data/wind_timeseries/aligned_15min/data_process/nrel/NREL_WTK_site49033_Utah-Millard_class2_10MW_2007-2013/NREL_WTK_site49033_Utah-Millard_class2_10MW_2007-2013_0.csv,NREL_WTK_site49033_Utah-Millard_class2_10MW_2007-2013_0.csv
NREL_WTK_site50527_WestVirginia-Grant_class1_4MW_2007-2013,nrel,aligned_segments,1,/ve-remi-dmz-dmz-sh-nas01/data/de_group/ghz_11401/data/wind_timeseries/aligned_15min/nrel/segments/NREL_WTK_site50527_WestVirginia-Grant_class1_4MW_2007-2013_seq/NREL_WTK_site50527_WestVirginia-Grant_class1_4MW_2007-2013_0.csv,NREL_WTK_site50527_WestVirginia-Grant_class1_4MW_2007-2013_0.csv
NREL_WTK_site50527_WestVirginia-Grant_class1_4MW_2007-2013,nrel,aligned_segments,2,/ve-remi-dmz-dmz-sh-nas01/data/de_group/ghz_11401/data/wind_timeseries/aligned_15min/nrel/segments/NREL_WTK_site50527_WestVirginia-Grant_class1_4MW_2007-2013_seq/NREL_WTK_site50527_WestVirginia-Grant_class1_4MW_2007-2013_1.csv,NREL_WTK_site50527_WestVirginia-Grant_class1_4MW_2007-2013_1.csv
NREL_WTK_site50527_WestVirginia-Grant_class1_4MW_2007-2013,nrel,aligned_segments,3,/ve-remi-dmz-dmz-sh-nas01/data/de_group/ghz_11401/data/wind_timeseries/aligned_15min/nrel/segments/NREL_WTK_site50527_WestVirginia-Grant_class1_4MW_2007-2013_seq/NREL_WTK_site50527_WestVirginia-Grant_class1_4MW_2007-2013_2.csv,NREL_WTK_site50527_WestVirginia-Grant_class1_4MW_2007-2013_2.csv
NREL_WTK_site50527_WestVirginia-Grant_class1_4MW_2007-2013,nrel,aligned_segments,4,/ve-remi-dmz-dmz-sh-nas01/data/de_group/ghz_11401/data/wind_timeseries/aligned_15min/nrel/segments/segments/NREL_WTK_site50527_WestVirginia-Grant_class1_4MW_2007-2013_0.csv,NREL_WTK_site50527_WestVirginia-Grant_class1_4MW_2007-2013_0.csv
NREL_WTK_site50527_WestVirginia-Grant_class1_4MW_2007-2013,nrel,aligned_segments,5,/ve-remi-dmz-dmz-sh-nas01/data/de_group/ghz_11401/data/wind_timeseries/aligned_15min/nrel/segments/segments/NREL_WTK_site50527_WestVirginia-Grant_class1_4MW_2007-2013_1.csv,NREL_WTK_site50527_WestVirginia-Grant_class1_4MW_2007-2013_1.csv
NREL_WTK_site50527_WestVirginia-Grant_class1_4MW_2007-2013,nrel,aligned_segments,6,/ve-remi-dmz-dmz-sh-nas01/data/de_group/ghz_11401/data/wind_timeseries/aligned_15min/nrel/segments/segments/NREL_WTK_site50527_WestVirginia-Grant_class1_4MW_2007-2013_2.csv,NREL_WTK_site50527_WestVirginia-Grant_class1_4MW_2007-2013_2.csv
NREL_WTK_site50527_WestVirginia-Grant_class1_4MW_2007-2013,nrel,data_process,1,/ve-remi-dmz-dmz-sh-nas01/data/de_group/ghz_11401/data/wind_timeseries/aligned_15min/data_process/nrel/NREL_WTK_site50527_WestVirginia-Grant_class1_4MW_2007-2013/NREL_WTK_site50527_WestVirginia-Grant_class1_4MW_2007-2013_0.csv,NREL_WTK_site50527_WestVirginia-Grant_class1_4MW_2007-2013_0.csv
NREL_WTK_site50527_WestVirginia-Grant_class1_4MW_2007-2013,nrel,data_process,2,/ve-remi-dmz-dmz-sh-nas01/data/de_group/ghz_11401/data/wind_timeseries/aligned_15min/data_process/nrel/NREL_WTK_site50527_WestVirginia-Grant_class1_4MW_2007-2013/NREL_WTK_site50527_WestVirginia-Grant_class1_4MW_2007-2013_1.csv,NREL_WTK_site50527_WestVirginia-Grant_class1_4MW_2007-2013_1.csv
NREL_WTK_site50527_WestVirginia-Grant_class1_4MW_2007-2013,nrel,data_process,3,/ve-remi-dmz-dmz-sh-nas01/data/de_group/ghz_11401/data/wind_timeseries/aligned_15min/data_process/nrel/NREL_WTK_site50527_WestVirginia-Grant_class1_4MW_2007-2013/NREL_WTK_site50527_WestVirginia-Grant_class1_4MW_2007-2013_2.csv,NREL_WTK_site50527_WestVirginia-Grant_class1_4MW_2007-2013_2.csv
NREL_WTK_site51774_Missouri-Putnam_class3_12MW_2007-2013,nrel,aligned_segments,1,/ve-remi-dmz-dmz-sh-nas01/data/de_group/ghz_11401/data/wind_timeseries/aligned_15min/nrel/segments/NREL_WTK_site51774_Missouri-Putnam_class3_12MW_2007-2013_seq/NREL_WTK_site51774_Missouri-Putnam_class3_12MW_2007-2013_0.csv,NREL_WTK_site51774_Missouri-Putnam_class3_12MW_2007-2013_0.csv
NREL_WTK_site51774_Missouri-Putnam_class3_12MW_2007-2013,nrel,aligned_segments,2,/ve-remi-dmz-dmz-sh-nas01/data/de_group/ghz_11401/data/wind_timeseries/aligned_15min/nrel/segments/segments/NREL_WTK_site51774_Missouri-Putnam_class3_12MW_2007-2013_0.csv,NREL_WTK_site51774_Missouri-Putnam_class3_12MW_2007-2013_0.csv
NREL_WTK_site51774_Missouri-Putnam_class3_12MW_2007-2013,nrel,data_process,1,/ve-remi-dmz-dmz-sh-nas01/data/de_group/ghz_11401/data/wind_timeseries/aligned_15min/data_process/nrel/NREL_WTK_site51774_Missouri-Putnam_class3_12MW_2007-2013/NREL_WTK_site51774_Missouri-Putnam_class3_12MW_2007-2013_0.csv,NREL_WTK_site51774_Missouri-Putnam_class3_12MW_2007-2013_0.csv
NREL_WTK_site51833_Indiana-Boone_class3_16MW_2007-2013,nrel,aligned_segments,1,/ve-remi-dmz-dmz-sh-nas01/data/de_group/ghz_11401/data/wind_timeseries/aligned_15min/nrel/segments/NREL_WTK_site51833_Indiana-Boone_class3_16MW_2007-2013_seq/NREL_WTK_site51833_Indiana-Boone_class3_16MW_2007-2013_0.csv,NREL_WTK_site51833_Indiana-Boone_class3_16MW_2007-2013_0.csv
NREL_WTK_site51833_Indiana-Boone_class3_16MW_2007-2013,nrel,aligned_segments,2,/ve-remi-dmz-dmz-sh-nas01/data/de_group/ghz_11401/data/wind_timeseries/aligned_15min/nrel/segments/segments/NREL_WTK_site51833_Indiana-Boone_class3_16MW_2007-2013_0.csv,NREL_WTK_site51833_Indiana-Boone_class3_16MW_2007-2013_0.csv
NREL_WTK_site51833_Indiana-Boone_class3_16MW_2007-2013,nrel,data_process,1,/ve-remi-dmz-dmz-sh-nas01/data/de_group/ghz_11401/data/wind_timeseries/aligned_15min/data_process/nrel/NREL_WTK_site51833_Indiana-Boone_class3_16MW_2007-2013/NREL_WTK_site51833_Indiana-Boone_class3_16MW_2007-2013_0.csv,NREL_WTK_site51833_Indiana-Boone_class3_16MW_2007-2013_0.csv
NREL_WTK_site54272_Maryland-Garrett_class2_16MW_2007-2013,nrel,aligned_segments,1,/ve-remi-dmz-dmz-sh-nas01/data/de_group/ghz_11401/data/wind_timeseries/aligned_15min/nrel/segments/NREL_WTK_site54272_Maryland-Garrett_class2_16MW_2007-2013_seq/NREL_WTK_site54272_Maryland-Garrett_class2_16MW_2007-2013_0.csv,NREL_WTK_site54272_Maryland-Garrett_class2_16MW_2007-2013_0.csv
NREL_WTK_site54272_Maryland-Garrett_class2_16MW_2007-2013,nrel,aligned_segments,2,/ve-remi-dmz-dmz-sh-nas01/data/de_group/ghz_11401/data/wind_timeseries/aligned_15min/nrel/segments/segments/NREL_WTK_site54272_Maryland-Garrett_class2_16MW_2007-2013_0.csv,NREL_WTK_site54272_Maryland-Garrett_class2_16MW_2007-2013_0.csv
NREL_WTK_site54272_Maryland-Garrett_class2_16MW_2007-2013,nrel,data_process,1,/ve-remi-dmz-dmz-sh-nas01/data/de_group/ghz_11401/data/wind_timeseries/aligned_15min/data_process/nrel/NREL_WTK_site54272_Maryland-Garrett_class2_16MW_2007-2013/NREL_WTK_site54272_Maryland-Garrett_class2_16MW_2007-2013_0.csv,NREL_WTK_site54272_Maryland-Garrett_class2_16MW_2007-2013_0.csv
NREL_WTK_site55701_Delaware-Sussex_class3_16MW_2007-2013,nrel,aligned_segments,1,/ve-remi-dmz-dmz-sh-nas01/data/de_group/ghz_11401/data/wind_timeseries/aligned_15min/nrel/segments/NREL_WTK_site55701_Delaware-Sussex_class3_16MW_2007-2013_seq/NREL_WTK_site55701_Delaware-Sussex_class3_16MW_2007-2013_0.csv,NREL_WTK_site55701_Delaware-Sussex_class3_16MW_2007-2013_0.csv
NREL_WTK_site55701_Delaware-Sussex_class3_16MW_2007-2013,nrel,aligned_segments,2,/ve-remi-dmz-dmz-sh-nas01/data/de_group/ghz_11401/data/wind_timeseries/aligned_15min/nrel/segments/segments/NREL_WTK_site55701_Delaware-Sussex_class3_16MW_2007-2013_0.csv,NREL_WTK_site55701_Delaware-Sussex_class3_16MW_2007-2013_0.csv
NREL_WTK_site55701_Delaware-Sussex_class3_16MW_2007-2013,nrel,data_process,1,/ve-remi-dmz-dmz-sh-nas01/data/de_group/ghz_11401/data/wind_timeseries/aligned_15min/data_process/nrel/NREL_WTK_site55701_Delaware-Sussex_class3_16MW_2007-2013/NREL_WTK_site55701_Delaware-Sussex_class3_16MW_2007-2013_0.csv,NREL_WTK_site55701_Delaware-Sussex_class3_16MW_2007-2013_0.csv
NREL_WTK_site58040_Maryland-Garrett_class1_2MW_2007-2013,nrel,aligned_segments,1,/ve-remi-dmz-dmz-sh-nas01/data/de_group/ghz_11401/data/wind_timeseries/aligned_15min/nrel/segments/NREL_WTK_site58040_Maryland-Garrett_class1_2MW_2007-2013_seq/NREL_WTK_site58040_Maryland-Garrett_class1_2MW_2007-2013_0.csv,NREL_WTK_site58040_Maryland-Garrett_class1_2MW_2007-2013_0.csv
NREL_WTK_site58040_Maryland-Garrett_class1_2MW_2007-2013,nrel,aligned_segments,2,/ve-remi-dmz-dmz-sh-nas01/data/de_group/ghz_11401/data/wind_timeseries/aligned_15min/nrel/segments/segments/NREL_WTK_site58040_Maryland-Garrett_class1_2MW_2007-2013_0.csv,NREL_WTK_site58040_Maryland-Garrett_class1_2MW_2007-2013_0.csv
NREL_WTK_site58040_Maryland-Garrett_class1_2MW_2007-2013,nrel,data_process,1,/ve-remi-dmz-dmz-sh-nas01/data/de_group/ghz_11401/data/wind_timeseries/aligned_15min/data_process/nrel/NREL_WTK_site58040_Maryland-Garrett_class1_2MW_2007-2013/NREL_WTK_site58040_Maryland-Garrett_class1_2MW_2007-2013_0.csv,NREL_WTK_site58040_Maryland-Garrett_class1_2MW_2007-2013_0.csv
NREL_WTK_site58_Offshore-Gulf-TX_offshore_16MW_2007-2013,nrel,aligned_segments,1,/ve-remi-dmz-dmz-sh-nas01/data/de_group/ghz_11401/data/wind_timeseries/aligned_15min/nrel/segments/NREL_WTK_site58_Offshore-Gulf-TX_offshore_16MW_2007-2013_seq/NREL_WTK_site58_Offshore-Gulf-TX_offshore_16MW_2007-2013_0.csv,NREL_WTK_site58_Offshore-Gulf-TX_offshore_16MW_2007-2013_0.csv
NREL_WTK_site58_Offshore-Gulf-TX_offshore_16MW_2007-2013,nrel,aligned_segments,2,/ve-remi-dmz-dmz-sh-nas01/data/de_group/ghz_11401/data/wind_timeseries/aligned_15min/nrel/segments/segments/NREL_WTK_site58_Offshore-Gulf-TX_offshore_16MW_2007-2013_0.csv,NREL_WTK_site58_Offshore-Gulf-TX_offshore_16MW_2007-2013_0.csv
NREL_WTK_site58_Offshore-Gulf-TX_offshore_16MW_2007-2013,nrel,data_process,1,/ve-remi-dmz-dmz-sh-nas01/data/de_group/ghz_11401/data/wind_timeseries/aligned_15min/data_process/nrel/NREL_WTK_site58_Offshore-Gulf-TX_offshore_16MW_2007-2013/NREL_WTK_site58_Offshore-Gulf-TX_offshore_16MW_2007-2013_0.csv,NREL_WTK_site58_Offshore-Gulf-TX_offshore_16MW_2007-2013_0.csv
NREL_WTK_site62251_Pennsylvania-Somerset_class1_10MW_2007-2013,nrel,aligned_segments,1,/ve-remi-dmz-dmz-sh-nas01/data/de_group/ghz_11401/data/wind_timeseries/aligned_15min/nrel/segments/NREL_WTK_site62251_Pennsylvania-Somerset_class1_10MW_2007-2013_seq/NREL_WTK_site62251_Pennsylvania-Somerset_class1_10MW_2007-2013_0.csv,NREL_WTK_site62251_Pennsylvania-Somerset_class1_10MW_2007-2013_0.csv
NREL_WTK_site62251_Pennsylvania-Somerset_class1_10MW_2007-2013,nrel,aligned_segments,2,/ve-remi-dmz-dmz-sh-nas01/data/de_group/ghz_11401/data/wind_timeseries/aligned_15min/nrel/segments/segments/NREL_WTK_site62251_Pennsylvania-Somerset_class1_10MW_2007-2013_0.csv,NREL_WTK_site62251_Pennsylvania-Somerset_class1_10MW_2007-2013_0.csv
NREL_WTK_site62251_Pennsylvania-Somerset_class1_10MW_2007-2013,nrel,data_process,1,/ve-remi-dmz-dmz-sh-nas01/data/de_group/ghz_11401/data/wind_timeseries/aligned_15min/data_process/nrel/NREL_WTK_site62251_Pennsylvania-Somerset_class1_10MW_2007-2013/NREL_WTK_site62251_Pennsylvania-Somerset_class1_10MW_2007-2013_0.csv,NREL_WTK_site62251_Pennsylvania-Somerset_class1_10MW_2007-2013_0.csv
NREL_WTK_site65866_Nebraska-Banner_class1_12MW_2007-2013,nrel,aligned_segments,1,/ve-remi-dmz-dmz-sh-nas01/data/de_group/ghz_11401/data/wind_timeseries/aligned_15min/nrel/segments/NREL_WTK_site65866_Nebraska-Banner_class1_12MW_2007-2013_seq/NREL_WTK_site65866_Nebraska-Banner_class1_12MW_2007-2013_0.csv,NREL_WTK_site65866_Nebraska-Banner_class1_12MW_2007-2013_0.csv
NREL_WTK_site65866_Nebraska-Banner_class1_12MW_2007-2013,nrel,aligned_segments,2,/ve-remi-dmz-dmz-sh-nas01/data/de_group/ghz_11401/data/wind_timeseries/aligned_15min/nrel/segments/segments/NREL_WTK_site65866_Nebraska-Banner_class1_12MW_2007-2013_0.csv,NREL_WTK_site65866_Nebraska-Banner_class1_12MW_2007-2013_0.csv
NREL_WTK_site65866_Nebraska-Banner_class1_12MW_2007-2013,nrel,data_process,1,/ve-remi-dmz-dmz-sh-nas01/data/de_group/ghz_11401/data/wind_timeseries/aligned_15min/data_process/nrel/NREL_WTK_site65866_Nebraska-Banner_class1_12MW_2007-2013/NREL_WTK_site65866_Nebraska-Banner_class1_12MW_2007-2013_0.csv,NREL_WTK_site65866_Nebraska-Banner_class1_12MW_2007-2013_0.csv
NREL_WTK_site66923_Iowa-Audubon_class2_16MW_2007-2013,nrel,aligned_segments,1,/ve-remi-dmz-dmz-sh-nas01/data/de_group/ghz_11401/data/wind_timeseries/aligned_15min/nrel/segments/NREL_WTK_site66923_Iowa-Audubon_class2_16MW_2007-2013_seq/NREL_WTK_site66923_Iowa-Audubon_class2_16MW_2007-2013_0.csv,NREL_WTK_site66923_Iowa-Audubon_class2_16MW_2007-2013_0.csv
NREL_WTK_site66923_Iowa-Audubon_class2_16MW_2007-2013,nrel,aligned_segments,2,/ve-remi-dmz-dmz-sh-nas01/data/de_group/ghz_11401/data/wind_timeseries/aligned_15min/nrel/segments/segments/NREL_WTK_site66923_Iowa-Audubon_class2_16MW_2007-2013_0.csv,NREL_WTK_site66923_Iowa-Audubon_class2_16MW_2007-2013_0.csv
NREL_WTK_site66923_Iowa-Audubon_class2_16MW_2007-2013,nrel,data_process,1,/ve-remi-dmz-dmz-sh-nas01/data/de_group/ghz_11401/data/wind_timeseries/aligned_15min/data_process/nrel/NREL_WTK_site66923_Iowa-Audubon_class2_16MW_2007-2013/NREL_WTK_site66923_Iowa-Audubon_class2_16MW_2007-2013_0.csv,NREL_WTK_site66923_Iowa-Audubon_class2_16MW_2007-2013_0.csv
NREL_WTK_site67407_Nebraska-Hooker_class2_16MW_2007-2013,nrel,aligned_segments,1,/ve-remi-dmz-dmz-sh-nas01/data/de_group/ghz_11401/data/wind_timeseries/aligned_15min/nrel/segments/NREL_WTK_site67407_Nebraska-Hooker_class2_16MW_2007-2013_seq/NREL_WTK_site67407_Nebraska-Hooker_class2_16MW_2007-2013_0.csv,NREL_WTK_site67407_Nebraska-Hooker_class2_16MW_2007-2013_0.csv
NREL_WTK_site67407_Nebraska-Hooker_class2_16MW_2007-2013,nrel,aligned_segments,2,/ve-remi-dmz-dmz-sh-nas01/data/de_group/ghz_11401/data/wind_timeseries/aligned_15min/nrel/segments/segments/NREL_WTK_site67407_Nebraska-Hooker_class2_16MW_2007-2013_0.csv,NREL_WTK_site67407_Nebraska-Hooker_class2_16MW_2007-2013_0.csv
NREL_WTK_site67407_Nebraska-Hooker_class2_16MW_2007-2013,nrel,data_process,1,/ve-remi-dmz-dmz-sh-nas01/data/de_group/ghz_11401/data/wind_timeseries/aligned_15min/data_process/nrel/NREL_WTK_site67407_Nebraska-Hooker_class2_16MW_2007-2013/NREL_WTK_site67407_Nebraska-Hooker_class2_16MW_2007-2013_0.csv,NREL_WTK_site67407_Nebraska-Hooker_class2_16MW_2007-2013_0.csv
NREL_WTK_site67639_Wyoming-Laramie_class1_10MW_2007-2013,nrel,aligned_segments,1,/ve-remi-dmz-dmz-sh-nas01/data/de_group/ghz_11401/data/wind_timeseries/aligned_15min/nrel/segments/NREL_WTK_site67639_Wyoming-Laramie_class1_10MW_2007-2013_seq/NREL_WTK_site67639_Wyoming-Laramie_class1_10MW_2007-2013_0.csv,NREL_WTK_site67639_Wyoming-Laramie_class1_10MW_2007-2013_0.csv
NREL_WTK_site67639_Wyoming-Laramie_class1_10MW_2007-2013,nrel,aligned_segments,2,/ve-remi-dmz-dmz-sh-nas01/data/de_group/ghz_11401/data/wind_timeseries/aligned_15min/nrel/segments/segments/NREL_WTK_site67639_Wyoming-Laramie_class1_10MW_2007-2013_0.csv,NREL_WTK_site67639_Wyoming-Laramie_class1_10MW_2007-2013_0.csv
NREL_WTK_site67639_Wyoming-Laramie_class1_10MW_2007-2013,nrel,data_process,1,/ve-remi-dmz-dmz-sh-nas01/data/de_group/ghz_11401/data/wind_timeseries/aligned_15min/data_process/nrel/NREL_WTK_site67639_Wyoming-Laramie_class1_10MW_2007-2013/NREL_WTK_site67639_Wyoming-Laramie_class1_10MW_2007-2013_0.csv,NREL_WTK_site67639_Wyoming-Laramie_class1_10MW_2007-2013_0.csv
NREL_WTK_site67857_Ohio-Columbiana_class3_16MW_2007-2013,nrel,aligned_segments,1,/ve-remi-dmz-dmz-sh-nas01/data/de_group/ghz_11401/data/wind_timeseries/aligned_15min/nrel/segments/NREL_WTK_site67857_Ohio-Columbiana_class3_16MW_2007-2013_seq/NREL_WTK_site67857_Ohio-Columbiana_class3_16MW_2007-2013_0.csv,NREL_WTK_site67857_Ohio-Columbiana_class3_16MW_2007-2013_0.csv
NREL_WTK_site67857_Ohio-Columbiana_class3_16MW_2007-2013,nrel,aligned_segments,2,/ve-remi-dmz-dmz-sh-nas01/data/de_group/ghz_11401/data/wind_timeseries/aligned_15min/nrel/segments/segments/NREL_WTK_site67857_Ohio-Columbiana_class3_16MW_2007-2013_0.csv,NREL_WTK_site67857_Ohio-Columbiana_class3_16MW_2007-2013_0.csv
NREL_WTK_site67857_Ohio-Columbiana_class3_16MW_2007-2013,nrel,data_process,1,/ve-remi-dmz-dmz-sh-nas01/data/de_group/ghz_11401/data/wind_timeseries/aligned_15min/data_process/nrel/NREL_WTK_site67857_Ohio-Columbiana_class3_16MW_2007-2013/NREL_WTK_site67857_Ohio-Columbiana_class3_16MW_2007-2013_0.csv,NREL_WTK_site67857_Ohio-Columbiana_class3_16MW_2007-2013_0.csv
NREL_WTK_site69733_NewJersey-Ocean_class2_6MW_2007-2013,nrel,aligned_segments,1,/ve-remi-dmz-dmz-sh-nas01/data/de_group/ghz_11401/data/wind_timeseries/aligned_15min/nrel/segments/NREL_WTK_site69733_NewJersey-Ocean_class2_6MW_2007-2013_seq/NREL_WTK_site69733_NewJersey-Ocean_class2_6MW_2007-2013_0.csv,NREL_WTK_site69733_NewJersey-Ocean_class2_6MW_2007-2013_0.csv
NREL_WTK_site69733_NewJersey-Ocean_class2_6MW_2007-2013,nrel,aligned_segments,2,/ve-remi-dmz-dmz-sh-nas01/data/de_group/ghz_11401/data/wind_timeseries/aligned_15min/nrel/segments/segments/NREL_WTK_site69733_NewJersey-Ocean_class2_6MW_2007-2013_0.csv,NREL_WTK_site69733_NewJersey-Ocean_class2_6MW_2007-2013_0.csv
NREL_WTK_site69733_NewJersey-Ocean_class2_6MW_2007-2013,nrel,data_process,1,/ve-remi-dmz-dmz-sh-nas01/data/de_group/ghz_11401/data/wind_timeseries/aligned_15min/data_process/nrel/NREL_WTK_site69733_NewJersey-Ocean_class2_6MW_2007-2013/NREL_WTK_site69733_NewJersey-Ocean_class2_6MW_2007-2013_0.csv,NREL_WTK_site69733_NewJersey-Ocean_class2_6MW_2007-2013_0.csv
NREL_WTK_site73739_Wyoming-Albany_class1_16MW_2007-2013,nrel,aligned_segments,1,/ve-remi-dmz-dmz-sh-nas01/data/de_group/ghz_11401/data/wind_timeseries/aligned_15min/nrel/segments/NREL_WTK_site73739_Wyoming-Albany_class1_16MW_2007-2013_seq/NREL_WTK_site73739_Wyoming-Albany_class1_16MW_2007-2013_0.csv,NREL_WTK_site73739_Wyoming-Albany_class1_16MW_2007-2013_0.csv
NREL_WTK_site73739_Wyoming-Albany_class1_16MW_2007-2013,nrel,aligned_segments,2,/ve-remi-dmz-dmz-sh-nas01/data/de_group/ghz_11401/data/wind_timeseries/aligned_15min/nrel/segments/segments/NREL_WTK_site73739_Wyoming-Albany_class1_16MW_2007-2013_0.csv,NREL_WTK_site73739_Wyoming-Albany_class1_16MW_2007-2013_0.csv
NREL_WTK_site73739_Wyoming-Albany_class1_16MW_2007-2013,nrel,data_process,1,/ve-remi-dmz-dmz-sh-nas01/data/de_group/ghz_11401/data/wind_timeseries/aligned_15min/data_process/nrel/NREL_WTK_site73739_Wyoming-Albany_class1_16MW_2007-2013/NREL_WTK_site73739_Wyoming-Albany_class1_16MW_2007-2013_0.csv,NREL_WTK_site73739_Wyoming-Albany_class1_16MW_2007-2013_0.csv
NREL_WTK_site77482_Illinois-McHenry_class2_16MW_2007-2013,nrel,aligned_segments,1,/ve-remi-dmz-dmz-sh-nas01/data/de_group/ghz_11401/data/wind_timeseries/aligned_15min/nrel/segments/NREL_WTK_site77482_Illinois-McHenry_class2_16MW_2007-2013_seq/NREL_WTK_site77482_Illinois-McHenry_class2_16MW_2007-2013_0.csv,NREL_WTK_site77482_Illinois-McHenry_class2_16MW_2007-2013_0.csv
NREL_WTK_site77482_Illinois-McHenry_class2_16MW_2007-2013,nrel,aligned_segments,2,/ve-remi-dmz-dmz-sh-nas01/data/de_group/ghz_11401/data/wind_timeseries/aligned_15min/nrel/segments/segments/NREL_WTK_site77482_Illinois-McHenry_class2_16MW_2007-2013_0.csv,NREL_WTK_site77482_Illinois-McHenry_class2_16MW_2007-2013_0.csv
NREL_WTK_site77482_Illinois-McHenry_class2_16MW_2007-2013,nrel,data_process,1,/ve-remi-dmz-dmz-sh-nas01/data/de_group/ghz_11401/data/wind_timeseries/aligned_15min/data_process/nrel/NREL_WTK_site77482_Illinois-McHenry_class2_16MW_2007-2013/NREL_WTK_site77482_Illinois-McHenry_class2_16MW_2007-2013_0.csv,NREL_WTK_site77482_Illinois-McHenry_class2_16MW_2007-2013_0.csv
NREL_WTK_site78083_Wyoming-Carbon_class1_16MW_2007-2013,nrel,aligned_segments,1,/ve-remi-dmz-dmz-sh-nas01/data/de_group/ghz_11401/data/wind_timeseries/aligned_15min/nrel/segments/NREL_WTK_site78083_Wyoming-Carbon_class1_16MW_2007-2013_seq/NREL_WTK_site78083_Wyoming-Carbon_class1_16MW_2007-2013_0.csv,NREL_WTK_site78083_Wyoming-Carbon_class1_16MW_2007-2013_0.csv
NREL_WTK_site78083_Wyoming-Carbon_class1_16MW_2007-2013,nrel,aligned_segments,2,/ve-remi-dmz-dmz-sh-nas01/data/de_group/ghz_11401/data/wind_timeseries/aligned_15min/nrel/segments/segments/NREL_WTK_site78083_Wyoming-Carbon_class1_16MW_2007-2013_0.csv,NREL_WTK_site78083_Wyoming-Carbon_class1_16MW_2007-2013_0.csv
NREL_WTK_site78083_Wyoming-Carbon_class1_16MW_2007-2013,nrel,data_process,1,/ve-remi-dmz-dmz-sh-nas01/data/de_group/ghz_11401/data/wind_timeseries/aligned_15min/data_process/nrel/NREL_WTK_site78083_Wyoming-Carbon_class1_16MW_2007-2013/NREL_WTK_site78083_Wyoming-Carbon_class1_16MW_2007-2013_0.csv,NREL_WTK_site78083_Wyoming-Carbon_class1_16MW_2007-2013_0.csv
NREL_WTK_site80743_Offshore-LakeErie-OH_offshore_16MW_2007-2013,nrel,aligned_segments,1,/ve-remi-dmz-dmz-sh-nas01/data/de_group/ghz_11401/data/wind_timeseries/aligned_15min/nrel/segments/NREL_WTK_site80743_Offshore-LakeErie-OH_offshore_16MW_2007-2013_seq/NREL_WTK_site80743_Offshore-LakeErie-OH_offshore_16MW_2007-2013_0.csv,NREL_WTK_site80743_Offshore-LakeErie-OH_offshore_16MW_2007-2013_0.csv
NREL_WTK_site80743_Offshore-LakeErie-OH_offshore_16MW_2007-2013,nrel,aligned_segments,2,/ve-remi-dmz-dmz-sh-nas01/data/de_group/ghz_11401/data/wind_timeseries/aligned_15min/nrel/segments/segments/NREL_WTK_site80743_Offshore-LakeErie-OH_offshore_16MW_2007-2013_0.csv,NREL_WTK_site80743_Offshore-LakeErie-OH_offshore_16MW_2007-2013_0.csv
NREL_WTK_site80743_Offshore-LakeErie-OH_offshore_16MW_2007-2013,nrel,data_process,1,/ve-remi-dmz-dmz-sh-nas01/data/de_group/ghz_11401/data/wind_timeseries/aligned_15min/data_process/nrel/NREL_WTK_site80743_Offshore-LakeErie-OH_offshore_16MW_2007-2013/NREL_WTK_site80743_Offshore-LakeErie-OH_offshore_16MW_2007-2013_0.csv,NREL_WTK_site80743_Offshore-LakeErie-OH_offshore_16MW_2007-2013_0.csv
NREL_WTK_site80793_Wyoming-Fremont_class2_16MW_2007-2013,nrel,aligned_segments,1,/ve-remi-dmz-dmz-sh-nas01/data/de_group/ghz_11401/data/wind_timeseries/aligned_15min/nrel/segments/NREL_WTK_site80793_Wyoming-Fremont_class2_16MW_2007-2013_seq/NREL_WTK_site80793_Wyoming-Fremont_class2_16MW_2007-2013_0.csv,NREL_WTK_site80793_Wyoming-Fremont_class2_16MW_2007-2013_0.csv
NREL_WTK_site80793_Wyoming-Fremont_class2_16MW_2007-2013,nrel,aligned_segments,2,/ve-remi-dmz-dmz-sh-nas01/data/de_group/ghz_11401/data/wind_timeseries/aligned_15min/nrel/segments/segments/NREL_WTK_site80793_Wyoming-Fremont_class2_16MW_2007-2013_0.csv,NREL_WTK_site80793_Wyoming-Fremont_class2_16MW_2007-2013_0.csv
NREL_WTK_site80793_Wyoming-Fremont_class2_16MW_2007-2013,nrel,data_process,1,/ve-remi-dmz-dmz-sh-nas01/data/de_group/ghz_11401/data/wind_timeseries/aligned_15min/data_process/nrel/NREL_WTK_site80793_Wyoming-Fremont_class2_16MW_2007-2013/NREL_WTK_site80793_Wyoming-Fremont_class2_16MW_2007-2013_0.csv,NREL_WTK_site80793_Wyoming-Fremont_class2_16MW_2007-2013_0.csv
NREL_WTK_site8095_Texas-Pecos_class1_12MW_2007-2013,nrel,aligned_segments,1,/ve-remi-dmz-dmz-sh-nas01/data/de_group/ghz_11401/data/wind_timeseries/aligned_15min/nrel/segments/NREL_WTK_site8095_Texas-Pecos_class1_12MW_2007-2013_seq/NREL_WTK_site8095_Texas-Pecos_class1_12MW_2007-2013_0.csv,NREL_WTK_site8095_Texas-Pecos_class1_12MW_2007-2013_0.csv
NREL_WTK_site8095_Texas-Pecos_class1_12MW_2007-2013,nrel,aligned_segments,2,/ve-remi-dmz-dmz-sh-nas01/data/de_group/ghz_11401/data/wind_timeseries/aligned_15min/nrel/segments/segments/NREL_WTK_site8095_Texas-Pecos_class1_12MW_2007-2013_0.csv,NREL_WTK_site8095_Texas-Pecos_class1_12MW_2007-2013_0.csv
NREL_WTK_site8095_Texas-Pecos_class1_12MW_2007-2013,nrel,data_process,1,/ve-remi-dmz-dmz-sh-nas01/data/de_group/ghz_11401/data/wind_timeseries/aligned_15min/data_process/nrel/NREL_WTK_site8095_Texas-Pecos_class1_12MW_2007-2013/NREL_WTK_site8095_Texas-Pecos_class1_12MW_2007-2013_0.csv,NREL_WTK_site8095_Texas-Pecos_class1_12MW_2007-2013_0.csv
NREL_WTK_site8181_Texas-Pecos_class2_16MW_2007-2013,nrel,aligned_segments,1,/ve-remi-dmz-dmz-sh-nas01/data/de_group/ghz_11401/data/wind_timeseries/aligned_15min/nrel/segments/NREL_WTK_site8181_Texas-Pecos_class2_16MW_2007-2013_seq/NREL_WTK_site8181_Texas-Pecos_class2_16MW_2007-2013_0.csv,NREL_WTK_site8181_Texas-Pecos_class2_16MW_2007-2013_0.csv
NREL_WTK_site8181_Texas-Pecos_class2_16MW_2007-2013,nrel,aligned_segments,2,/ve-remi-dmz-dmz-sh-nas01/data/de_group/ghz_11401/data/wind_timeseries/aligned_15min/nrel/segments/segments/NREL_WTK_site8181_Texas-Pecos_class2_16MW_2007-2013_0.csv,NREL_WTK_site8181_Texas-Pecos_class2_16MW_2007-2013_0.csv
NREL_WTK_site8181_Texas-Pecos_class2_16MW_2007-2013,nrel,data_process,1,/ve-remi-dmz-dmz-sh-nas01/data/de_group/ghz_11401/data/wind_timeseries/aligned_15min/data_process/nrel/NREL_WTK_site8181_Texas-Pecos_class2_16MW_2007-2013/NREL_WTK_site8181_Texas-Pecos_class2_16MW_2007-2013_0.csv,NREL_WTK_site8181_Texas-Pecos_class2_16MW_2007-2013_0.csv
NREL_WTK_site81893_Offshore-LakeErie_offshore_16MW_2007-2013,nrel,aligned_segments,1,/ve-remi-dmz-dmz-sh-nas01/data/de_group/ghz_11401/data/wind_timeseries/aligned_15min/nrel/segments/NREL_WTK_site81893_Offshore-LakeErie_offshore_16MW_2007-2013_seq/NREL_WTK_site81893_Offshore-LakeErie_offshore_16MW_2007-2013_0.csv,NREL_WTK_site81893_Offshore-LakeErie_offshore_16MW_2007-2013_0.csv
NREL_WTK_site81893_Offshore-LakeErie_offshore_16MW_2007-2013,nrel,aligned_segments,2,/ve-remi-dmz-dmz-sh-nas01/data/de_group/ghz_11401/data/wind_timeseries/aligned_15min/nrel/segments/segments/NREL_WTK_site81893_Offshore-LakeErie_offshore_16MW_2007-2013_0.csv,NREL_WTK_site81893_Offshore-LakeErie_offshore_16MW_2007-2013_0.csv
NREL_WTK_site81893_Offshore-LakeErie_offshore_16MW_2007-2013,nrel,data_process,1,/ve-remi-dmz-dmz-sh-nas01/data/de_group/ghz_11401/data/wind_timeseries/aligned_15min/data_process/nrel/NREL_WTK_site81893_Offshore-LakeErie_offshore_16MW_2007-2013/NREL_WTK_site81893_Offshore-LakeErie_offshore_16MW_2007-2013_0.csv,NREL_WTK_site81893_Offshore-LakeErie_offshore_16MW_2007-2013_0.csv
NREL_WTK_site82617_Pennsylvania-McKean_class3_16MW_2007-2013,nrel,aligned_segments,1,/ve-remi-dmz-dmz-sh-nas01/data/de_group/ghz_11401/data/wind_timeseries/aligned_15min/nrel/segments/NREL_WTK_site82617_Pennsylvania-McKean_class3_16MW_2007-2013_seq/NREL_WTK_site82617_Pennsylvania-McKean_class3_16MW_2007-2013_0.csv,NREL_WTK_site82617_Pennsylvania-McKean_class3_16MW_2007-2013_0.csv
NREL_WTK_site82617_Pennsylvania-McKean_class3_16MW_2007-2013,nrel,aligned_segments,2,/ve-remi-dmz-dmz-sh-nas01/data/de_group/ghz_11401/data/wind_timeseries/aligned_15min/nrel/segments/segments/NREL_WTK_site82617_Pennsylvania-McKean_class3_16MW_2007-2013_0.csv,NREL_WTK_site82617_Pennsylvania-McKean_class3_16MW_2007-2013_0.csv
NREL_WTK_site82617_Pennsylvania-McKean_class3_16MW_2007-2013,nrel,data_process,1,/ve-remi-dmz-dmz-sh-nas01/data/de_group/ghz_11401/data/wind_timeseries/aligned_15min/data_process/nrel/NREL_WTK_site82617_Pennsylvania-McKean_class3_16MW_2007-2013/NREL_WTK_site82617_Pennsylvania-McKean_class3_16MW_2007-2013_0.csv,NREL_WTK_site82617_Pennsylvania-McKean_class3_16MW_2007-2013_0.csv
NREL_WTK_site89648_Connecticut-Fairfield_class3_6MW_2007-2013,nrel,aligned_segments,1,/ve-remi-dmz-dmz-sh-nas01/data/de_group/ghz_11401/data/wind_timeseries/aligned_15min/nrel/segments/NREL_WTK_site89648_Connecticut-Fairfield_class3_6MW_2007-2013_seq/NREL_WTK_site89648_Connecticut-Fairfield_class3_6MW_2007-2013_0.csv,NREL_WTK_site89648_Connecticut-Fairfield_class3_6MW_2007-2013_0.csv
NREL_WTK_site89648_Connecticut-Fairfield_class3_6MW_2007-2013,nrel,aligned_segments,2,/ve-remi-dmz-dmz-sh-nas01/data/de_group/ghz_11401/data/wind_timeseries/aligned_15min/nrel/segments/segments/NREL_WTK_site89648_Connecticut-Fairfield_class3_6MW_2007-2013_0.csv,NREL_WTK_site89648_Connecticut-Fairfield_class3_6MW_2007-2013_0.csv
NREL_WTK_site89648_Connecticut-Fairfield_class3_6MW_2007-2013,nrel,data_process,1,/ve-remi-dmz-dmz-sh-nas01/data/de_group/ghz_11401/data/wind_timeseries/aligned_15min/data_process/nrel/NREL_WTK_site89648_Connecticut-Fairfield_class3_6MW_2007-2013/NREL_WTK_site89648_Connecticut-Fairfield_class3_6MW_2007-2013_0.csv,NREL_WTK_site89648_Connecticut-Fairfield_class3_6MW_2007-2013_0.csv
NREL_WTK_site90195_Wyoming-Fremont_class1_14MW_2007-2013,nrel,aligned_segments,1,/ve-remi-dmz-dmz-sh-nas01/data/de_group/ghz_11401/data/wind_timeseries/aligned_15min/nrel/segments/NREL_WTK_site90195_Wyoming-Fremont_class1_14MW_2007-2013_seq/NREL_WTK_site90195_Wyoming-Fremont_class1_14MW_2007-2013_0.csv,NREL_WTK_site90195_Wyoming-Fremont_class1_14MW_2007-2013_0.csv
NREL_WTK_site90195_Wyoming-Fremont_class1_14MW_2007-2013,nrel,aligned_segments,2,/ve-remi-dmz-dmz-sh-nas01/data/de_group/ghz_11401/data/wind_timeseries/aligned_15min/nrel/segments/NREL_WTK_site90195_Wyoming-Fremont_class1_14MW_2007-2013_seq/NREL_WTK_site90195_Wyoming-Fremont_class1_14MW_2007-2013_1.csv,NREL_WTK_site90195_Wyoming-Fremont_class1_14MW_2007-2013_1.csv
NREL_WTK_site90195_Wyoming-Fremont_class1_14MW_2007-2013,nrel,aligned_segments,3,/ve-remi-dmz-dmz-sh-nas01/data/de_group/ghz_11401/data/wind_timeseries/aligned_15min/nrel/segments/segments/NREL_WTK_site90195_Wyoming-Fremont_class1_14MW_2007-2013_0.csv,NREL_WTK_site90195_Wyoming-Fremont_class1_14MW_2007-2013_0.csv
NREL_WTK_site90195_Wyoming-Fremont_class1_14MW_2007-2013,nrel,aligned_segments,4,/ve-remi-dmz-dmz-sh-nas01/data/de_group/ghz_11401/data/wind_timeseries/aligned_15min/nrel/segments/segments/NREL_WTK_site90195_Wyoming-Fremont_class1_14MW_2007-2013_1.csv,NREL_WTK_site90195_Wyoming-Fremont_class1_14MW_2007-2013_1.csv
NREL_WTK_site90195_Wyoming-Fremont_class1_14MW_2007-2013,nrel,data_process,1,/ve-remi-dmz-dmz-sh-nas01/data/de_group/ghz_11401/data/wind_timeseries/aligned_15min/data_process/nrel/NREL_WTK_site90195_Wyoming-Fremont_class1_14MW_2007-2013/NREL_WTK_site90195_Wyoming-Fremont_class1_14MW_2007-2013_0.csv,NREL_WTK_site90195_Wyoming-Fremont_class1_14MW_2007-2013_0.csv
NREL_WTK_site90195_Wyoming-Fremont_class1_14MW_2007-2013,nrel,data_process,2,/ve-remi-dmz-dmz-sh-nas01/data/de_group/ghz_11401/data/wind_timeseries/aligned_15min/data_process/nrel/NREL_WTK_site90195_Wyoming-Fremont_class1_14MW_2007-2013/NREL_WTK_site90195_Wyoming-Fremont_class1_14MW_2007-2013_1.csv,NREL_WTK_site90195_Wyoming-Fremont_class1_14MW_2007-2013_1.csv
NREL_WTK_site90762_Wisconsin-Washington_class3_10MW_2007-2013,nrel,aligned_segments,1,/ve-remi-dmz-dmz-sh-nas01/data/de_group/ghz_11401/data/wind_timeseries/aligned_15min/nrel/segments/NREL_WTK_site90762_Wisconsin-Washington_class3_10MW_2007-2013_seq/NREL_WTK_site90762_Wisconsin-Washington_class3_10MW_2007-2013_0.csv,NREL_WTK_site90762_Wisconsin-Washington_class3_10MW_2007-2013_0.csv
NREL_WTK_site90762_Wisconsin-Washington_class3_10MW_2007-2013,nrel,aligned_segments,2,/ve-remi-dmz-dmz-sh-nas01/data/de_group/ghz_11401/data/wind_timeseries/aligned_15min/nrel/segments/segments/NREL_WTK_site90762_Wisconsin-Washington_class3_10MW_2007-2013_0.csv,NREL_WTK_site90762_Wisconsin-Washington_class3_10MW_2007-2013_0.csv
NREL_WTK_site90762_Wisconsin-Washington_class3_10MW_2007-2013,nrel,data_process,1,/ve-remi-dmz-dmz-sh-nas01/data/de_group/ghz_11401/data/wind_timeseries/aligned_15min/data_process/nrel/NREL_WTK_site90762_Wisconsin-Washington_class3_10MW_2007-2013/NREL_WTK_site90762_Wisconsin-Washington_class3_10MW_2007-2013_0.csv,NREL_WTK_site90762_Wisconsin-Washington_class3_10MW_2007-2013_0.csv
NREL_WTK_site91916_Idaho-TwinFalls_class2_16MW_2007-2013,nrel,aligned_segments,1,/ve-remi-dmz-dmz-sh-nas01/data/de_group/ghz_11401/data/wind_timeseries/aligned_15min/nrel/segments/NREL_WTK_site91916_Idaho-TwinFalls_class2_16MW_2007-2013_seq/NREL_WTK_site91916_Idaho-TwinFalls_class2_16MW_2007-2013_0.csv,NREL_WTK_site91916_Idaho-TwinFalls_class2_16MW_2007-2013_0.csv
NREL_WTK_site91916_Idaho-TwinFalls_class2_16MW_2007-2013,nrel,aligned_segments,2,/ve-remi-dmz-dmz-sh-nas01/data/de_group/ghz_11401/data/wind_timeseries/aligned_15min/nrel/segments/segments/NREL_WTK_site91916_Idaho-TwinFalls_class2_16MW_2007-2013_0.csv,NREL_WTK_site91916_Idaho-TwinFalls_class2_16MW_2007-2013_0.csv
NREL_WTK_site91916_Idaho-TwinFalls_class2_16MW_2007-2013,nrel,data_process,1,/ve-remi-dmz-dmz-sh-nas01/data/de_group/ghz_11401/data/wind_timeseries/aligned_15min/data_process/nrel/NREL_WTK_site91916_Idaho-TwinFalls_class2_16MW_2007-2013/NREL_WTK_site91916_Idaho-TwinFalls_class2_16MW_2007-2013_0.csv,NREL_WTK_site91916_Idaho-TwinFalls_class2_16MW_2007-2013_0.csv
NREL_WTK_site92712_Wyoming-Fremont_class1_8MW_2007-2013,nrel,aligned_segments,1,/ve-remi-dmz-dmz-sh-nas01/data/de_group/ghz_11401/data/wind_timeseries/aligned_15min/nrel/segments/NREL_WTK_site92712_Wyoming-Fremont_class1_8MW_2007-2013_seq/NREL_WTK_site92712_Wyoming-Fremont_class1_8MW_2007-2013_0.csv,NREL_WTK_site92712_Wyoming-Fremont_class1_8MW_2007-2013_0.csv
NREL_WTK_site92712_Wyoming-Fremont_class1_8MW_2007-2013,nrel,aligned_segments,2,/ve-remi-dmz-dmz-sh-nas01/data/de_group/ghz_11401/data/wind_timeseries/aligned_15min/nrel/segments/segments/NREL_WTK_site92712_Wyoming-Fremont_class1_8MW_2007-2013_0.csv,NREL_WTK_site92712_Wyoming-Fremont_class1_8MW_2007-2013_0.csv
NREL_WTK_site92712_Wyoming-Fremont_class1_8MW_2007-2013,nrel,data_process,1,/ve-remi-dmz-dmz-sh-nas01/data/de_group/ghz_11401/data/wind_timeseries/aligned_15min/data_process/nrel/NREL_WTK_site92712_Wyoming-Fremont_class1_8MW_2007-2013/NREL_WTK_site92712_Wyoming-Fremont_class1_8MW_2007-2013_0.csv,NREL_WTK_site92712_Wyoming-Fremont_class1_8MW_2007-2013_0.csv
NREL_WTK_site9438_Mississippi-Simpson_class3_16MW_2007-2013,nrel,aligned_segments,1,/ve-remi-dmz-dmz-sh-nas01/data/de_group/ghz_11401/data/wind_timeseries/aligned_15min/nrel/segments/NREL_WTK_site9438_Mississippi-Simpson_class3_16MW_2007-2013_seq/NREL_WTK_site9438_Mississippi-Simpson_class3_16MW_2007-2013_0.csv,NREL_WTK_site9438_Mississippi-Simpson_class3_16MW_2007-2013_0.csv
NREL_WTK_site9438_Mississippi-Simpson_class3_16MW_2007-2013,nrel,aligned_segments,2,/ve-remi-dmz-dmz-sh-nas01/data/de_group/ghz_11401/data/wind_timeseries/aligned_15min/nrel/segments/segments/NREL_WTK_site9438_Mississippi-Simpson_class3_16MW_2007-2013_0.csv,NREL_WTK_site9438_Mississippi-Simpson_class3_16MW_2007-2013_0.csv
NREL_WTK_site9438_Mississippi-Simpson_class3_16MW_2007-2013,nrel,data_process,1,/ve-remi-dmz-dmz-sh-nas01/data/de_group/ghz_11401/data/wind_timeseries/aligned_15min/data_process/nrel/NREL_WTK_site9438_Mississippi-Simpson_class3_16MW_2007-2013/NREL_WTK_site9438_Mississippi-Simpson_class3_16MW_2007-2013_0.csv,NREL_WTK_site9438_Mississippi-Simpson_class3_16MW_2007-2013_0.csv
NREL_WTK_site96777_Offshore-NewEngland_offshore_16MW_2007-2013,nrel,aligned_segments,1,/ve-remi-dmz-dmz-sh-nas01/data/de_group/ghz_11401/data/wind_timeseries/aligned_15min/nrel/segments/NREL_WTK_site96777_Offshore-NewEngland_offshore_16MW_2007-2013_seq/NREL_WTK_site96777_Offshore-NewEngland_offshore_16MW_2007-2013_0.csv,NREL_WTK_site96777_Offshore-NewEngland_offshore_16MW_2007-2013_0.csv
NREL_WTK_site96777_Offshore-NewEngland_offshore_16MW_2007-2013,nrel,aligned_segments,2,/ve-remi-dmz-dmz-sh-nas01/data/de_group/ghz_11401/data/wind_timeseries/aligned_15min/nrel/segments/segments/NREL_WTK_site96777_Offshore-NewEngland_offshore_16MW_2007-2013_0.csv,NREL_WTK_site96777_Offshore-NewEngland_offshore_16MW_2007-2013_0.csv
NREL_WTK_site96777_Offshore-NewEngland_offshore_16MW_2007-2013,nrel,data_process,1,/ve-remi-dmz-dmz-sh-nas01/data/de_group/ghz_11401/data/wind_timeseries/aligned_15min/data_process/nrel/NREL_WTK_site96777_Offshore-NewEngland_offshore_16MW_2007-2013/NREL_WTK_site96777_Offshore-NewEngland_offshore_16MW_2007-2013_0.csv,NREL_WTK_site96777_Offshore-NewEngland_offshore_16MW_2007-2013_0.csv
NREL_WTK_site97066_Offshore-Nantucket-MA_offshore_16MW_2007-2013,nrel,aligned_segments,1,/ve-remi-dmz-dmz-sh-nas01/data/de_group/ghz_11401/data/wind_timeseries/aligned_15min/nrel/segments/NREL_WTK_site97066_Offshore-Nantucket-MA_offshore_16MW_2007-2013_seq/NREL_WTK_site97066_Offshore-Nantucket-MA_offshore_16MW_2007-2013_0.csv,NREL_WTK_site97066_Offshore-Nantucket-MA_offshore_16MW_2007-2013_0.csv
NREL_WTK_site97066_Offshore-Nantucket-MA_offshore_16MW_2007-2013,nrel,aligned_segments,2,/ve-remi-dmz-dmz-sh-nas01/data/de_group/ghz_11401/data/wind_timeseries/aligned_15min/nrel/segments/NREL_WTK_site97066_Offshore-Nantucket-MA_offshore_16MW_2007-2013_seq/NREL_WTK_site97066_Offshore-Nantucket-MA_offshore_16MW_2007-2013_1.csv,NREL_WTK_site97066_Offshore-Nantucket-MA_offshore_16MW_2007-2013_1.csv
NREL_WTK_site97066_Offshore-Nantucket-MA_offshore_16MW_2007-2013,nrel,aligned_segments,3,/ve-remi-dmz-dmz-sh-nas01/data/de_group/ghz_11401/data/wind_timeseries/aligned_15min/nrel/segments/segments/NREL_WTK_site97066_Offshore-Nantucket-MA_offshore_16MW_2007-2013_0.csv,NREL_WTK_site97066_Offshore-Nantucket-MA_offshore_16MW_2007-2013_0.csv
NREL_WTK_site97066_Offshore-Nantucket-MA_offshore_16MW_2007-2013,nrel,aligned_segments,4,/ve-remi-dmz-dmz-sh-nas01/data/de_group/ghz_11401/data/wind_timeseries/aligned_15min/nrel/segments/segments/NREL_WTK_site97066_Offshore-Nantucket-MA_offshore_16MW_2007-2013_1.csv,NREL_WTK_site97066_Offshore-Nantucket-MA_offshore_16MW_2007-2013_1.csv
NREL_WTK_site97066_Offshore-Nantucket-MA_offshore_16MW_2007-2013,nrel,data_process,1,/ve-remi-dmz-dmz-sh-nas01/data/de_group/ghz_11401/data/wind_timeseries/aligned_15min/data_process/nrel/NREL_WTK_site97066_Offshore-Nantucket-MA_offshore_16MW_2007-2013/NREL_WTK_site97066_Offshore-Nantucket-MA_offshore_16MW_2007-2013_0.csv,NREL_WTK_site97066_Offshore-Nantucket-MA_offshore_16MW_2007-2013_0.csv
NREL_WTK_site97066_Offshore-Nantucket-MA_offshore_16MW_2007-2013,nrel,data_process,2,/ve-remi-dmz-dmz-sh-nas01/data/de_group/ghz_11401/data/wind_timeseries/aligned_15min/data_process/nrel/NREL_WTK_site97066_Offshore-Nantucket-MA_offshore_16MW_2007-2013/NREL_WTK_site97066_Offshore-Nantucket-MA_offshore_16MW_2007-2013_1.csv,NREL_WTK_site97066_Offshore-Nantucket-MA_offshore_16MW_2007-2013_1.csv
NREL_WTK_site97524_Michigan-Sanilac_class3_16MW_2007-2013,nrel,aligned_segments,1,/ve-remi-dmz-dmz-sh-nas01/data/de_group/ghz_11401/data/wind_timeseries/aligned_15min/nrel/segments/NREL_WTK_site97524_Michigan-Sanilac_class3_16MW_2007-2013_seq/NREL_WTK_site97524_Michigan-Sanilac_class3_16MW_2007-2013_0.csv,NREL_WTK_site97524_Michigan-Sanilac_class3_16MW_2007-2013_0.csv
NREL_WTK_site97524_Michigan-Sanilac_class3_16MW_2007-2013,nrel,aligned_segments,2,/ve-remi-dmz-dmz-sh-nas01/data/de_group/ghz_11401/data/wind_timeseries/aligned_15min/nrel/segments/segments/NREL_WTK_site97524_Michigan-Sanilac_class3_16MW_2007-2013_0.csv,NREL_WTK_site97524_Michigan-Sanilac_class3_16MW_2007-2013_0.csv
NREL_WTK_site97524_Michigan-Sanilac_class3_16MW_2007-2013,nrel,data_process,1,/ve-remi-dmz-dmz-sh-nas01/data/de_group/ghz_11401/data/wind_timeseries/aligned_15min/data_process/nrel/NREL_WTK_site97524_Michigan-Sanilac_class3_16MW_2007-2013/NREL_WTK_site97524_Michigan-Sanilac_class3_16MW_2007-2013_0.csv,NREL_WTK_site97524_Michigan-Sanilac_class3_16MW_2007-2013_0.csv
NREL_WTK_site98600_RhodeIsland-Kent_class3_16MW_2007-2013,nrel,aligned_segments,1,/ve-remi-dmz-dmz-sh-nas01/data/de_group/ghz_11401/data/wind_timeseries/aligned_15min/nrel/segments/NREL_WTK_site98600_RhodeIsland-Kent_class3_16MW_2007-2013_seq/NREL_WTK_site98600_RhodeIsland-Kent_class3_16MW_2007-2013_0.csv,NREL_WTK_site98600_RhodeIsland-Kent_class3_16MW_2007-2013_0.csv
NREL_WTK_site98600_RhodeIsland-Kent_class3_16MW_2007-2013,nrel,aligned_segments,2,/ve-remi-dmz-dmz-sh-nas01/data/de_group/ghz_11401/data/wind_timeseries/aligned_15min/nrel/segments/segments/NREL_WTK_site98600_RhodeIsland-Kent_class3_16MW_2007-2013_0.csv,NREL_WTK_site98600_RhodeIsland-Kent_class3_16MW_2007-2013_0.csv
NREL_WTK_site98600_RhodeIsland-Kent_class3_16MW_2007-2013,nrel,data_process,1,/ve-remi-dmz-dmz-sh-nas01/data/de_group/ghz_11401/data/wind_timeseries/aligned_15min/data_process/nrel/NREL_WTK_site98600_RhodeIsland-Kent_class3_16MW_2007-2013/NREL_WTK_site98600_RhodeIsland-Kent_class3_16MW_2007-2013_0.csv,NREL_WTK_site98600_RhodeIsland-Kent_class3_16MW_2007-2013_0.csv
Roedsand 1,entsoe,aligned_segments,1,/ve-remi-dmz-dmz-sh-nas01/data/de_group/ghz_11401/data/wind_timeseries/aligned_15min/entsoe/segments/Roedsand 1_seg001.csv,Roedsand 1_seg001.csv
Roedsand 1,entsoe,aligned_segments,2,/ve-remi-dmz-dmz-sh-nas01/data/de_group/ghz_11401/data/wind_timeseries/aligned_15min/entsoe/segments/Roedsand 1_seg002.csv,Roedsand 1_seg002.csv
Roedsand 1,entsoe,aligned_segments,3,/ve-remi-dmz-dmz-sh-nas01/data/de_group/ghz_11401/data/wind_timeseries/aligned_15min/entsoe/segments/Roedsand 1_seg003.csv,Roedsand 1_seg003.csv
Roedsand 1,entsoe,aligned_segments,4,/ve-remi-dmz-dmz-sh-nas01/data/de_group/ghz_11401/data/wind_timeseries/aligned_15min/entsoe/segments/Roedsand 1_seg004.csv,Roedsand 1_seg004.csv
Roedsand 1,entsoe,aligned_segments,5,/ve-remi-dmz-dmz-sh-nas01/data/de_group/ghz_11401/data/wind_timeseries/aligned_15min/entsoe/segments/Roedsand 1_seg005.csv,Roedsand 1_seg005.csv
Roedsand 1,entsoe,aligned_segments,6,/ve-remi-dmz-dmz-sh-nas01/data/de_group/ghz_11401/data/wind_timeseries/aligned_15min/entsoe/segments/Roedsand 1_seg006.csv,Roedsand 1_seg006.csv
Roedsand 1,entsoe,aligned_segments,7,/ve-remi-dmz-dmz-sh-nas01/data/de_group/ghz_11401/data/wind_timeseries/aligned_15min/entsoe/segments/Roedsand 1_seg007.csv,Roedsand 1_seg007.csv
Roedsand 1,entsoe,aligned_segments,8,/ve-remi-dmz-dmz-sh-nas01/data/de_group/ghz_11401/data/wind_timeseries/aligned_15min/entsoe/segments/Roedsand 1_seg008.csv,Roedsand 1_seg008.csv
Roedsand 1,entsoe,aligned_segments,9,/ve-remi-dmz-dmz-sh-nas01/data/de_group/ghz_11401/data/wind_timeseries/aligned_15min/entsoe/segments/Roedsand 1_seg009.csv,Roedsand 1_seg009.csv
Roedsand 1,entsoe,aligned_segments,10,/ve-remi-dmz-dmz-sh-nas01/data/de_group/ghz_11401/data/wind_timeseries/aligned_15min/entsoe/segments/Roedsand 1_seg010.csv,Roedsand 1_seg010.csv
Roedsand 1,entsoe,aligned_segments,11,/ve-remi-dmz-dmz-sh-nas01/data/de_group/ghz_11401/data/wind_timeseries/aligned_15min/entsoe/segments/Roedsand 1_seg011.csv,Roedsand 1_seg011.csv
Roedsand 1,entsoe,data_process,1,/ve-remi-dmz-dmz-sh-nas01/data/de_group/ghz_11401/data/wind_timeseries/aligned_15min/data_process/entsoe/Roedsand 1/Roedsand 1_0.csv,Roedsand 1_0.csv
Roedsand 1,entsoe,data_process,2,/ve-remi-dmz-dmz-sh-nas01/data/de_group/ghz_11401/data/wind_timeseries/aligned_15min/data_process/entsoe/Roedsand 1/Roedsand 1_1.csv,Roedsand 1_1.csv
Roedsand 1,entsoe,data_process,3,/ve-remi-dmz-dmz-sh-nas01/data/de_group/ghz_11401/data/wind_timeseries/aligned_15min/data_process/entsoe/Roedsand 1/Roedsand 1_2.csv,Roedsand 1_2.csv
Roedsand 1,entsoe,data_process,4,/ve-remi-dmz-dmz-sh-nas01/data/de_group/ghz_11401/data/wind_timeseries/aligned_15min/data_process/entsoe/Roedsand 1/Roedsand 1_3.csv,Roedsand 1_3.csv
Roedsand 1,entsoe,data_process,5,/ve-remi-dmz-dmz-sh-nas01/data/de_group/ghz_11401/data/wind_timeseries/aligned_15min/data_process/entsoe/Roedsand 1/Roedsand 1_4.csv,Roedsand 1_4.csv
Roedsand 1,entsoe,data_process,6,/ve-remi-dmz-dmz-sh-nas01/data/de_group/ghz_11401/data/wind_timeseries/aligned_15min/data_process/entsoe/Roedsand 1/Roedsand 1_5.csv,Roedsand 1_5.csv
Roedsand 2,entsoe,aligned_segments,1,/ve-remi-dmz-dmz-sh-nas01/data/de_group/ghz_11401/data/wind_timeseries/aligned_15min/entsoe/segments/Roedsand 2_seg001.csv,Roedsand 2_seg001.csv
Roedsand 2,entsoe,aligned_segments,2,/ve-remi-dmz-dmz-sh-nas01/data/de_group/ghz_11401/data/wind_timeseries/aligned_15min/entsoe/segments/Roedsand 2_seg002.csv,Roedsand 2_seg002.csv
Roedsand 2,entsoe,aligned_segments,3,/ve-remi-dmz-dmz-sh-nas01/data/de_group/ghz_11401/data/wind_timeseries/aligned_15min/entsoe/segments/Roedsand 2_seg003.csv,Roedsand 2_seg003.csv
Roedsand 2,entsoe,aligned_segments,4,/ve-remi-dmz-dmz-sh-nas01/data/de_group/ghz_11401/data/wind_timeseries/aligned_15min/entsoe/segments/Roedsand 2_seg004.csv,Roedsand 2_seg004.csv
Roedsand 2,entsoe,aligned_segments,5,/ve-remi-dmz-dmz-sh-nas01/data/de_group/ghz_11401/data/wind_timeseries/aligned_15min/entsoe/segments/Roedsand 2_seg005.csv,Roedsand 2_seg005.csv
Roedsand 2,entsoe,aligned_segments,6,/ve-remi-dmz-dmz-sh-nas01/data/de_group/ghz_11401/data/wind_timeseries/aligned_15min/entsoe/segments/Roedsand 2_seg006.csv,Roedsand 2_seg006.csv
Roedsand 2,entsoe,aligned_segments,7,/ve-remi-dmz-dmz-sh-nas01/data/de_group/ghz_11401/data/wind_timeseries/aligned_15min/entsoe/segments/Roedsand 2_seg007.csv,Roedsand 2_seg007.csv
Roedsand 2,entsoe,aligned_segments,8,/ve-remi-dmz-dmz-sh-nas01/data/de_group/ghz_11401/data/wind_timeseries/aligned_15min/entsoe/segments/Roedsand 2_seg008.csv,Roedsand 2_seg008.csv
Roedsand 2,entsoe,aligned_segments,9,/ve-remi-dmz-dmz-sh-nas01/data/de_group/ghz_11401/data/wind_timeseries/aligned_15min/entsoe/segments/Roedsand 2_seg009.csv,Roedsand 2_seg009.csv
Roedsand 2,entsoe,aligned_segments,10,/ve-remi-dmz-dmz-sh-nas01/data/de_group/ghz_11401/data/wind_timeseries/aligned_15min/entsoe/segments/Roedsand 2_seg010.csv,Roedsand 2_seg010.csv
Roedsand 2,entsoe,data_process,1,/ve-remi-dmz-dmz-sh-nas01/data/de_group/ghz_11401/data/wind_timeseries/aligned_15min/data_process/entsoe/Roedsand 2/Roedsand 2_0.csv,Roedsand 2_0.csv
Roedsand 2,entsoe,data_process,2,/ve-remi-dmz-dmz-sh-nas01/data/de_group/ghz_11401/data/wind_timeseries/aligned_15min/data_process/entsoe/Roedsand 2/Roedsand 2_1.csv,Roedsand 2_1.csv
SNOWNTH1,aemo,aligned_segments,1,/ve-remi-dmz-dmz-sh-nas01/data/de_group/ghz_11401/data/wind_timeseries/aligned_15min/aemo/segments/SNOWNTH1_seg001.csv,SNOWNTH1_seg001.csv
SNOWNTH1,aemo,data_process,1,/ve-remi-dmz-dmz-sh-nas01/data/de_group/ghz_11401/data/wind_timeseries/aligned_15min/data_process/aemo/SNOWNTH1/SNOWNTH1_seg001.csv,SNOWNTH1_seg001.csv
SNOWSTH1,aemo,aligned_segments,1,/ve-remi-dmz-dmz-sh-nas01/data/de_group/ghz_11401/data/wind_timeseries/aligned_15min/aemo/segments/SNOWSTH1_seg001.csv,SNOWSTH1_seg001.csv
SNOWSTH1,aemo,data_process,1,/ve-remi-dmz-dmz-sh-nas01/data/de_group/ghz_11401/data/wind_timeseries/aligned_15min/data_process/aemo/SNOWSTH1/SNOWSTH1_seg001.csv,SNOWSTH1_seg001.csv
SNOWTWN1,aemo,aligned_segments,1,/ve-remi-dmz-dmz-sh-nas01/data/de_group/ghz_11401/data/wind_timeseries/aligned_15min/aemo/segments/SNOWTWN1_seg001.csv,SNOWTWN1_seg001.csv
SNOWTWN1,aemo,data_process,1,/ve-remi-dmz-dmz-sh-nas01/data/de_group/ghz_11401/data/wind_timeseries/aligned_15min/data_process/aemo/SNOWTWN1/SNOWTWN1_seg001.csv,SNOWTWN1_seg001.csv
STARHLWF,aemo,aligned_segments,1,/ve-remi-dmz-dmz-sh-nas01/data/de_group/ghz_11401/data/wind_timeseries/aligned_15min/aemo/segments/STARHLWF_seg001.csv,STARHLWF_seg001.csv
STARHLWF,aemo,data_process,1,/ve-remi-dmz-dmz-sh-nas01/data/de_group/ghz_11401/data/wind_timeseries/aligned_15min/data_process/aemo/STARHLWF/STARHLWF_seg001.csv,STARHLWF_seg001.csv
Thorntonbank - C-Power - Area NE,entsoe,aligned_segments,1,/ve-remi-dmz-dmz-sh-nas01/data/de_group/ghz_11401/data/wind_timeseries/aligned_15min/entsoe/segments/Thorntonbank - C-Power - Area NE_seg001.csv,Thorntonbank - C-Power - Area NE_seg001.csv
Thorntonbank - C-Power - Area NE,entsoe,aligned_segments,2,/ve-remi-dmz-dmz-sh-nas01/data/de_group/ghz_11401/data/wind_timeseries/aligned_15min/entsoe/segments/Thorntonbank - C-Power - Area NE_seg002.csv,Thorntonbank - C-Power - Area NE_seg002.csv
Thorntonbank - C-Power - Area NE,entsoe,data_process,1,/ve-remi-dmz-dmz-sh-nas01/data/de_group/ghz_11401/data/wind_timeseries/aligned_15min/data_process/entsoe/Thorntonbank - C-Power - Area NE/Thorntonbank - C-Power - Area NE_0.csv,Thorntonbank - C-Power - Area NE_0.csv
Thorntonbank - C-Power - Area SW,entsoe,aligned_segments,1,/ve-remi-dmz-dmz-sh-nas01/data/de_group/ghz_11401/data/wind_timeseries/aligned_15min/entsoe/segments/Thorntonbank - C-Power - Area SW_seg001.csv,Thorntonbank - C-Power - Area SW_seg001.csv
Thorntonbank - C-Power - Area SW,entsoe,aligned_segments,2,/ve-remi-dmz-dmz-sh-nas01/data/de_group/ghz_11401/data/wind_timeseries/aligned_15min/entsoe/segments/Thorntonbank - C-Power - Area SW_seg002.csv,Thorntonbank - C-Power - Area SW_seg002.csv
Thorntonbank - C-Power - Area SW,entsoe,data_process,1,/ve-remi-dmz-dmz-sh-nas01/data/de_group/ghz_11401/data/wind_timeseries/aligned_15min/data_process/entsoe/Thorntonbank - C-Power - Area SW/Thorntonbank - C-Power - Area SW_0.csv,Thorntonbank - C-Power - Area SW_0.csv
Thorntonbank - C-Power - Area SW,entsoe,data_process,2,/ve-remi-dmz-dmz-sh-nas01/data/de_group/ghz_11401/data/wind_timeseries/aligned_15min/data_process/entsoe/Thorntonbank - C-Power - Area SW/Thorntonbank - C-Power - Area SW_1.csv,Thorntonbank - C-Power - Area SW_1.csv
Thorntonbank - C-Power - Area SW,entsoe,data_process,3,/ve-remi-dmz-dmz-sh-nas01/data/de_group/ghz_11401/data/wind_timeseries/aligned_15min/data_process/entsoe/Thorntonbank - C-Power - Area SW/Thorntonbank - C-Power - Area SW_2.csv,Thorntonbank - C-Power - Area SW_2.csv
UP_BDDSLDSRDI_1,entsoe,aligned_segments,1,/ve-remi-dmz-dmz-sh-nas01/data/de_group/ghz_11401/data/wind_timeseries/aligned_15min/entsoe/segments/UP_BDDSLDSRDI_1_seg001.csv,UP_BDDSLDSRDI_1_seg001.csv
UP_BDDSLDSRDI_1,entsoe,aligned_segments,2,/ve-remi-dmz-dmz-sh-nas01/data/de_group/ghz_11401/data/wind_timeseries/aligned_15min/entsoe/segments/UP_BDDSLDSRDI_1_seg002.csv,UP_BDDSLDSRDI_1_seg002.csv
UP_BDDSLDSRDI_1,entsoe,aligned_segments,3,/ve-remi-dmz-dmz-sh-nas01/data/de_group/ghz_11401/data/wind_timeseries/aligned_15min/entsoe/segments/UP_BDDSLDSRDI_1_seg003.csv,UP_BDDSLDSRDI_1_seg003.csv
UP_BDDSLDSRDI_1,entsoe,aligned_segments,4,/ve-remi-dmz-dmz-sh-nas01/data/de_group/ghz_11401/data/wind_timeseries/aligned_15min/entsoe/segments/UP_BDDSLDSRDI_1_seg004.csv,UP_BDDSLDSRDI_1_seg004.csv
UP_BDDSLDSRDI_1,entsoe,aligned_segments,5,/ve-remi-dmz-dmz-sh-nas01/data/de_group/ghz_11401/data/wind_timeseries/aligned_15min/entsoe/segments/UP_BDDSLDSRDI_1_seg005.csv,UP_BDDSLDSRDI_1_seg005.csv
UP_BDDSLDSRDI_1,entsoe,aligned_segments,6,/ve-remi-dmz-dmz-sh-nas01/data/de_group/ghz_11401/data/wind_timeseries/aligned_15min/entsoe/segments/UP_BDDSLDSRDI_1_seg006.csv,UP_BDDSLDSRDI_1_seg006.csv
UP_BDDSLDSRDI_1,entsoe,aligned_segments,7,/ve-remi-dmz-dmz-sh-nas01/data/de_group/ghz_11401/data/wind_timeseries/aligned_15min/entsoe/segments/UP_BDDSLDSRDI_1_seg007.csv,UP_BDDSLDSRDI_1_seg007.csv
UP_BDDSLDSRDI_1,entsoe,aligned_segments,8,/ve-remi-dmz-dmz-sh-nas01/data/de_group/ghz_11401/data/wind_timeseries/aligned_15min/entsoe/segments/UP_BDDSLDSRDI_1_seg008.csv,UP_BDDSLDSRDI_1_seg008.csv
UP_BDDSLDSRDI_1,entsoe,aligned_segments,9,/ve-remi-dmz-dmz-sh-nas01/data/de_group/ghz_11401/data/wind_timeseries/aligned_15min/entsoe/segments/UP_BDDSLDSRDI_1_seg009.csv,UP_BDDSLDSRDI_1_seg009.csv
UP_BDDSLDSRDI_1,entsoe,aligned_segments,10,/ve-remi-dmz-dmz-sh-nas01/data/de_group/ghz_11401/data/wind_timeseries/aligned_15min/entsoe/segments/UP_BDDSLDSRDI_1_seg010.csv,UP_BDDSLDSRDI_1_seg010.csv
UP_BDDSLDSRDI_1,entsoe,data_process,1,/ve-remi-dmz-dmz-sh-nas01/data/de_group/ghz_11401/data/wind_timeseries/aligned_15min/data_process/entsoe/UP_BDDSLDSRDI_1/UP_BDDSLDSRDI_1_0.csv,UP_BDDSLDSRDI_1_0.csv
UP_BDDSLDSRDI_1,entsoe,data_process,2,/ve-remi-dmz-dmz-sh-nas01/data/de_group/ghz_11401/data/wind_timeseries/aligned_15min/data_process/entsoe/UP_BDDSLDSRDI_1/UP_BDDSLDSRDI_1_1.csv,UP_BDDSLDSRDI_1_1.csv
WATERLWF,aemo,aligned_segments,1,/ve-remi-dmz-dmz-sh-nas01/data/de_group/ghz_11401/data/wind_timeseries/aligned_15min/aemo/segments/WATERLWF_seg001.csv,WATERLWF_seg001.csv
WATERLWF,aemo,data_process,1,/ve-remi-dmz-dmz-sh-nas01/data/de_group/ghz_11401/data/wind_timeseries/aligned_15min/data_process/aemo/WATERLWF/WATERLWF_seg001.csv,WATERLWF_seg001.csv
WLNYW-1,entsoe,aligned_segments,1,/ve-remi-dmz-dmz-sh-nas01/data/de_group/ghz_11401/data/wind_timeseries/aligned_15min/entsoe/segments/WLNYW-1_seg001.csv,WLNYW-1_seg001.csv
WLNYW-1,entsoe,aligned_segments,2,/ve-remi-dmz-dmz-sh-nas01/data/de_group/ghz_11401/data/wind_timeseries/aligned_15min/entsoe/segments/WLNYW-1_seg002.csv,WLNYW-1_seg002.csv
WLNYW-1,entsoe,aligned_segments,3,/ve-remi-dmz-dmz-sh-nas01/data/de_group/ghz_11401/data/wind_timeseries/aligned_15min/entsoe/segments/WLNYW-1_seg003.csv,WLNYW-1_seg003.csv
WLNYW-1,entsoe,aligned_segments,4,/ve-remi-dmz-dmz-sh-nas01/data/de_group/ghz_11401/data/wind_timeseries/aligned_15min/entsoe/segments/WLNYW-1_seg004.csv,WLNYW-1_seg004.csv
WLNYW-1,entsoe,aligned_segments,5,/ve-remi-dmz-dmz-sh-nas01/data/de_group/ghz_11401/data/wind_timeseries/aligned_15min/entsoe/segments/WLNYW-1_seg005.csv,WLNYW-1_seg005.csv
WLNYW-1,entsoe,aligned_segments,6,/ve-remi-dmz-dmz-sh-nas01/data/de_group/ghz_11401/data/wind_timeseries/aligned_15min/entsoe/segments/WLNYW-1_seg006.csv,WLNYW-1_seg006.csv
WLNYW-1,entsoe,aligned_segments,7,/ve-remi-dmz-dmz-sh-nas01/data/de_group/ghz_11401/data/wind_timeseries/aligned_15min/entsoe/segments/WLNYW-1_seg007.csv,WLNYW-1_seg007.csv
WLNYW-1,entsoe,aligned_segments,8,/ve-remi-dmz-dmz-sh-nas01/data/de_group/ghz_11401/data/wind_timeseries/aligned_15min/entsoe/segments/WLNYW-1_seg008.csv,WLNYW-1_seg008.csv
WLNYW-1,entsoe,aligned_segments,9,/ve-remi-dmz-dmz-sh-nas01/data/de_group/ghz_11401/data/wind_timeseries/aligned_15min/entsoe/segments/WLNYW-1_seg009.csv,WLNYW-1_seg009.csv
WLNYW-1,entsoe,aligned_segments,10,/ve-remi-dmz-dmz-sh-nas01/data/de_group/ghz_11401/data/wind_timeseries/aligned_15min/entsoe/segments/WLNYW-1_seg010.csv,WLNYW-1_seg010.csv
WLNYW-1,entsoe,aligned_segments,11,/ve-remi-dmz-dmz-sh-nas01/data/de_group/ghz_11401/data/wind_timeseries/aligned_15min/entsoe/segments/WLNYW-1_seg011.csv,WLNYW-1_seg011.csv
WLNYW-1,entsoe,aligned_segments,12,/ve-remi-dmz-dmz-sh-nas01/data/de_group/ghz_11401/data/wind_timeseries/aligned_15min/entsoe/segments/WLNYW-1_seg012.csv,WLNYW-1_seg012.csv
WLNYW-1,entsoe,aligned_segments,13,/ve-remi-dmz-dmz-sh-nas01/data/de_group/ghz_11401/data/wind_timeseries/aligned_15min/entsoe/segments/WLNYW-1_seg013.csv,WLNYW-1_seg013.csv
WLNYW-1,entsoe,aligned_segments,14,/ve-remi-dmz-dmz-sh-nas01/data/de_group/ghz_11401/data/wind_timeseries/aligned_15min/entsoe/segments/WLNYW-1_seg014.csv,WLNYW-1_seg014.csv
WLNYW-1,entsoe,aligned_segments,15,/ve-remi-dmz-dmz-sh-nas01/data/de_group/ghz_11401/data/wind_timeseries/aligned_15min/entsoe/segments/WLNYW-1_seg015.csv,WLNYW-1_seg015.csv
WLNYW-1,entsoe,aligned_segments,16,/ve-remi-dmz-dmz-sh-nas01/data/de_group/ghz_11401/data/wind_timeseries/aligned_15min/entsoe/segments/WLNYW-1_seg016.csv,WLNYW-1_seg016.csv
WLNYW-1,entsoe,aligned_segments,17,/ve-remi-dmz-dmz-sh-nas01/data/de_group/ghz_11401/data/wind_timeseries/aligned_15min/entsoe/segments/WLNYW-1_seg017.csv,WLNYW-1_seg017.csv
WLNYW-1,entsoe,aligned_segments,18,/ve-remi-dmz-dmz-sh-nas01/data/de_group/ghz_11401/data/wind_timeseries/aligned_15min/entsoe/segments/WLNYW-1_seg018.csv,WLNYW-1_seg018.csv
WLNYW-1,entsoe,aligned_segments,19,/ve-remi-dmz-dmz-sh-nas01/data/de_group/ghz_11401/data/wind_timeseries/aligned_15min/entsoe/segments/WLNYW-1_seg019.csv,WLNYW-1_seg019.csv
WLNYW-1,entsoe,aligned_segments,20,/ve-remi-dmz-dmz-sh-nas01/data/de_group/ghz_11401/data/wind_timeseries/aligned_15min/entsoe/segments/WLNYW-1_seg020.csv,WLNYW-1_seg020.csv
WLNYW-1,entsoe,aligned_segments,21,/ve-remi-dmz-dmz-sh-nas01/data/de_group/ghz_11401/data/wind_timeseries/aligned_15min/entsoe/segments/WLNYW-1_seg021.csv,WLNYW-1_seg021.csv
WLNYW-1,entsoe,aligned_segments,22,/ve-remi-dmz-dmz-sh-nas01/data/de_group/ghz_11401/data/wind_timeseries/aligned_15min/entsoe/segments/WLNYW-1_seg022.csv,WLNYW-1_seg022.csv
WLNYW-1,entsoe,aligned_segments,23,/ve-remi-dmz-dmz-sh-nas01/data/de_group/ghz_11401/data/wind_timeseries/aligned_15min/entsoe/segments/WLNYW-1_seg023.csv,WLNYW-1_seg023.csv
WLNYW-1,entsoe,aligned_segments,24,/ve-remi-dmz-dmz-sh-nas01/data/de_group/ghz_11401/data/wind_timeseries/aligned_15min/entsoe/segments/WLNYW-1_seg024.csv,WLNYW-1_seg024.csv
WLNYW-1,entsoe,aligned_segments,25,/ve-remi-dmz-dmz-sh-nas01/data/de_group/ghz_11401/data/wind_timeseries/aligned_15min/entsoe/segments/WLNYW-1_seg025.csv,WLNYW-1_seg025.csv
WLNYW-1,entsoe,aligned_segments,26,/ve-remi-dmz-dmz-sh-nas01/data/de_group/ghz_11401/data/wind_timeseries/aligned_15min/entsoe/segments/WLNYW-1_seg026.csv,WLNYW-1_seg026.csv
WLNYW-1,entsoe,aligned_segments,27,/ve-remi-dmz-dmz-sh-nas01/data/de_group/ghz_11401/data/wind_timeseries/aligned_15min/entsoe/segments/WLNYW-1_seg027.csv,WLNYW-1_seg027.csv
WLNYW-1,entsoe,aligned_segments,28,/ve-remi-dmz-dmz-sh-nas01/data/de_group/ghz_11401/data/wind_timeseries/aligned_15min/entsoe/segments/WLNYW-1_seg028.csv,WLNYW-1_seg028.csv
WLNYW-1,entsoe,aligned_segments,29,/ve-remi-dmz-dmz-sh-nas01/data/de_group/ghz_11401/data/wind_timeseries/aligned_15min/entsoe/segments/WLNYW-1_seg029.csv,WLNYW-1_seg029.csv
WLNYW-1,entsoe,aligned_segments,30,/ve-remi-dmz-dmz-sh-nas01/data/de_group/ghz_11401/data/wind_timeseries/aligned_15min/entsoe/segments/WLNYW-1_seg030.csv,WLNYW-1_seg030.csv
WLNYW-1,entsoe,aligned_segments,31,/ve-remi-dmz-dmz-sh-nas01/data/de_group/ghz_11401/data/wind_timeseries/aligned_15min/entsoe/segments/WLNYW-1_seg031.csv,WLNYW-1_seg031.csv
WLNYW-1,entsoe,aligned_segments,32,/ve-remi-dmz-dmz-sh-nas01/data/de_group/ghz_11401/data/wind_timeseries/aligned_15min/entsoe/segments/WLNYW-1_seg032.csv,WLNYW-1_seg032.csv
WLNYW-1,entsoe,aligned_segments,33,/ve-remi-dmz-dmz-sh-nas01/data/de_group/ghz_11401/data/wind_timeseries/aligned_15min/entsoe/segments/WLNYW-1_seg033.csv,WLNYW-1_seg033.csv
WLNYW-1,entsoe,aligned_segments,34,/ve-remi-dmz-dmz-sh-nas01/data/de_group/ghz_11401/data/wind_timeseries/aligned_15min/entsoe/segments/WLNYW-1_seg034.csv,WLNYW-1_seg034.csv
WLNYW-1,entsoe,aligned_segments,35,/ve-remi-dmz-dmz-sh-nas01/data/de_group/ghz_11401/data/wind_timeseries/aligned_15min/entsoe/segments/WLNYW-1_seg035.csv,WLNYW-1_seg035.csv
WLNYW-1,entsoe,aligned_segments,36,/ve-remi-dmz-dmz-sh-nas01/data/de_group/ghz_11401/data/wind_timeseries/aligned_15min/entsoe/segments/WLNYW-1_seg036.csv,WLNYW-1_seg036.csv
WLNYW-1,entsoe,aligned_segments,37,/ve-remi-dmz-dmz-sh-nas01/data/de_group/ghz_11401/data/wind_timeseries/aligned_15min/entsoe/segments/WLNYW-1_seg037.csv,WLNYW-1_seg037.csv
WLNYW-1,entsoe,aligned_segments,38,/ve-remi-dmz-dmz-sh-nas01/data/de_group/ghz_11401/data/wind_timeseries/aligned_15min/entsoe/segments/WLNYW-1_seg038.csv,WLNYW-1_seg038.csv
WLNYW-1,entsoe,aligned_segments,39,/ve-remi-dmz-dmz-sh-nas01/data/de_group/ghz_11401/data/wind_timeseries/aligned_15min/entsoe/segments/WLNYW-1_seg039.csv,WLNYW-1_seg039.csv
WLNYW-1,entsoe,aligned_segments,40,/ve-remi-dmz-dmz-sh-nas01/data/de_group/ghz_11401/data/wind_timeseries/aligned_15min/entsoe/segments/WLNYW-1_seg040.csv,WLNYW-1_seg040.csv
WLNYW-1,entsoe,aligned_segments,41,/ve-remi-dmz-dmz-sh-nas01/data/de_group/ghz_11401/data/wind_timeseries/aligned_15min/entsoe/segments/WLNYW-1_seg041.csv,WLNYW-1_seg041.csv
WLNYW-1,entsoe,aligned_segments,42,/ve-remi-dmz-dmz-sh-nas01/data/de_group/ghz_11401/data/wind_timeseries/aligned_15min/entsoe/segments/WLNYW-1_seg042.csv,WLNYW-1_seg042.csv
WLNYW-1,entsoe,aligned_segments,43,/ve-remi-dmz-dmz-sh-nas01/data/de_group/ghz_11401/data/wind_timeseries/aligned_15min/entsoe/segments/WLNYW-1_seg043.csv,WLNYW-1_seg043.csv
WLNYW-1,entsoe,aligned_segments,44,/ve-remi-dmz-dmz-sh-nas01/data/de_group/ghz_11401/data/wind_timeseries/aligned_15min/entsoe/segments/WLNYW-1_seg044.csv,WLNYW-1_seg044.csv
WLNYW-1,entsoe,aligned_segments,45,/ve-remi-dmz-dmz-sh-nas01/data/de_group/ghz_11401/data/wind_timeseries/aligned_15min/entsoe/segments/WLNYW-1_seg045.csv,WLNYW-1_seg045.csv
WLNYW-1,entsoe,aligned_segments,46,/ve-remi-dmz-dmz-sh-nas01/data/de_group/ghz_11401/data/wind_timeseries/aligned_15min/entsoe/segments/WLNYW-1_seg046.csv,WLNYW-1_seg046.csv
WLNYW-1,entsoe,aligned_segments,47,/ve-remi-dmz-dmz-sh-nas01/data/de_group/ghz_11401/data/wind_timeseries/aligned_15min/entsoe/segments/WLNYW-1_seg047.csv,WLNYW-1_seg047.csv
WLNYW-1,entsoe,aligned_segments,48,/ve-remi-dmz-dmz-sh-nas01/data/de_group/ghz_11401/data/wind_timeseries/aligned_15min/entsoe/segments/WLNYW-1_seg048.csv,WLNYW-1_seg048.csv
WLNYW-1,entsoe,aligned_segments,49,/ve-remi-dmz-dmz-sh-nas01/data/de_group/ghz_11401/data/wind_timeseries/aligned_15min/entsoe/segments/WLNYW-1_seg049.csv,WLNYW-1_seg049.csv
WLNYW-1,entsoe,aligned_segments,50,/ve-remi-dmz-dmz-sh-nas01/data/de_group/ghz_11401/data/wind_timeseries/aligned_15min/entsoe/segments/WLNYW-1_seg050.csv,WLNYW-1_seg050.csv
WLNYW-1,entsoe,aligned_segments,51,/ve-remi-dmz-dmz-sh-nas01/data/de_group/ghz_11401/data/wind_timeseries/aligned_15min/entsoe/segments/WLNYW-1_seg051.csv,WLNYW-1_seg051.csv
WLNYW-1,entsoe,aligned_segments,52,/ve-remi-dmz-dmz-sh-nas01/data/de_group/ghz_11401/data/wind_timeseries/aligned_15min/entsoe/segments/WLNYW-1_seg052.csv,WLNYW-1_seg052.csv
WLNYW-1,entsoe,aligned_segments,53,/ve-remi-dmz-dmz-sh-nas01/data/de_group/ghz_11401/data/wind_timeseries/aligned_15min/entsoe/segments/WLNYW-1_seg053.csv,WLNYW-1_seg053.csv
WLNYW-1,entsoe,aligned_segments,54,/ve-remi-dmz-dmz-sh-nas01/data/de_group/ghz_11401/data/wind_timeseries/aligned_15min/entsoe/segments/WLNYW-1_seg054.csv,WLNYW-1_seg054.csv
WLNYW-1,entsoe,aligned_segments,55,/ve-remi-dmz-dmz-sh-nas01/data/de_group/ghz_11401/data/wind_timeseries/aligned_15min/entsoe/segments/WLNYW-1_seg055.csv,WLNYW-1_seg055.csv
WLNYW-1,entsoe,aligned_segments,56,/ve-remi-dmz-dmz-sh-nas01/data/de_group/ghz_11401/data/wind_timeseries/aligned_15min/entsoe/segments/WLNYW-1_seg056.csv,WLNYW-1_seg056.csv
WLNYW-1,entsoe,aligned_segments,57,/ve-remi-dmz-dmz-sh-nas01/data/de_group/ghz_11401/data/wind_timeseries/aligned_15min/entsoe/segments/WLNYW-1_seg057.csv,WLNYW-1_seg057.csv
WLNYW-1,entsoe,aligned_segments,58,/ve-remi-dmz-dmz-sh-nas01/data/de_group/ghz_11401/data/wind_timeseries/aligned_15min/entsoe/segments/WLNYW-1_seg058.csv,WLNYW-1_seg058.csv
WLNYW-1,entsoe,aligned_segments,59,/ve-remi-dmz-dmz-sh-nas01/data/de_group/ghz_11401/data/wind_timeseries/aligned_15min/entsoe/segments/WLNYW-1_seg059.csv,WLNYW-1_seg059.csv
WLNYW-1,entsoe,aligned_segments,60,/ve-remi-dmz-dmz-sh-nas01/data/de_group/ghz_11401/data/wind_timeseries/aligned_15min/entsoe/segments/WLNYW-1_seg060.csv,WLNYW-1_seg060.csv
WLNYW-1,entsoe,aligned_segments,61,/ve-remi-dmz-dmz-sh-nas01/data/de_group/ghz_11401/data/wind_timeseries/aligned_15min/entsoe/segments/WLNYW-1_seg061.csv,WLNYW-1_seg061.csv
WLNYW-1,entsoe,aligned_segments,62,/ve-remi-dmz-dmz-sh-nas01/data/de_group/ghz_11401/data/wind_timeseries/aligned_15min/entsoe/segments/WLNYW-1_seg062.csv,WLNYW-1_seg062.csv
WLNYW-1,entsoe,aligned_segments,63,/ve-remi-dmz-dmz-sh-nas01/data/de_group/ghz_11401/data/wind_timeseries/aligned_15min/entsoe/segments/WLNYW-1_seg063.csv,WLNYW-1_seg063.csv
WLNYW-1,entsoe,aligned_segments,64,/ve-remi-dmz-dmz-sh-nas01/data/de_group/ghz_11401/data/wind_timeseries/aligned_15min/entsoe/segments/WLNYW-1_seg064.csv,WLNYW-1_seg064.csv
WLNYW-1,entsoe,aligned_segments,65,/ve-remi-dmz-dmz-sh-nas01/data/de_group/ghz_11401/data/wind_timeseries/aligned_15min/entsoe/segments/WLNYW-1_seg065.csv,WLNYW-1_seg065.csv
WLNYW-1,entsoe,aligned_segments,66,/ve-remi-dmz-dmz-sh-nas01/data/de_group/ghz_11401/data/wind_timeseries/aligned_15min/entsoe/segments/WLNYW-1_seg066.csv,WLNYW-1_seg066.csv
WLNYW-1,entsoe,aligned_segments,67,/ve-remi-dmz-dmz-sh-nas01/data/de_group/ghz_11401/data/wind_timeseries/aligned_15min/entsoe/segments/WLNYW-1_seg067.csv,WLNYW-1_seg067.csv
WLNYW-1,entsoe,aligned_segments,68,/ve-remi-dmz-dmz-sh-nas01/data/de_group/ghz_11401/data/wind_timeseries/aligned_15min/entsoe/segments/WLNYW-1_seg068.csv,WLNYW-1_seg068.csv
WLNYW-1,entsoe,aligned_segments,69,/ve-remi-dmz-dmz-sh-nas01/data/de_group/ghz_11401/data/wind_timeseries/aligned_15min/entsoe/segments/WLNYW-1_seg069.csv,WLNYW-1_seg069.csv
WLNYW-1,entsoe,aligned_segments,70,/ve-remi-dmz-dmz-sh-nas01/data/de_group/ghz_11401/data/wind_timeseries/aligned_15min/entsoe/segments/WLNYW-1_seg070.csv,WLNYW-1_seg070.csv
WLNYW-1,entsoe,aligned_segments,71,/ve-remi-dmz-dmz-sh-nas01/data/de_group/ghz_11401/data/wind_timeseries/aligned_15min/entsoe/segments/WLNYW-1_seg071.csv,WLNYW-1_seg071.csv
WLNYW-1,entsoe,aligned_segments,72,/ve-remi-dmz-dmz-sh-nas01/data/de_group/ghz_11401/data/wind_timeseries/aligned_15min/entsoe/segments/WLNYW-1_seg072.csv,WLNYW-1_seg072.csv
WLNYW-1,entsoe,aligned_segments,73,/ve-remi-dmz-dmz-sh-nas01/data/de_group/ghz_11401/data/wind_timeseries/aligned_15min/entsoe/segments/WLNYW-1_seg073.csv,WLNYW-1_seg073.csv
WLNYW-1,entsoe,aligned_segments,74,/ve-remi-dmz-dmz-sh-nas01/data/de_group/ghz_11401/data/wind_timeseries/aligned_15min/entsoe/segments/WLNYW-1_seg074.csv,WLNYW-1_seg074.csv
WLNYW-1,entsoe,aligned_segments,75,/ve-remi-dmz-dmz-sh-nas01/data/de_group/ghz_11401/data/wind_timeseries/aligned_15min/entsoe/segments/WLNYW-1_seg075.csv,WLNYW-1_seg075.csv
WLNYW-1,entsoe,aligned_segments,76,/ve-remi-dmz-dmz-sh-nas01/data/de_group/ghz_11401/data/wind_timeseries/aligned_15min/entsoe/segments/WLNYW-1_seg076.csv,WLNYW-1_seg076.csv
WLNYW-1,entsoe,aligned_segments,77,/ve-remi-dmz-dmz-sh-nas01/data/de_group/ghz_11401/data/wind_timeseries/aligned_15min/entsoe/segments/WLNYW-1_seg077.csv,WLNYW-1_seg077.csv
WLNYW-1,entsoe,aligned_segments,78,/ve-remi-dmz-dmz-sh-nas01/data/de_group/ghz_11401/data/wind_timeseries/aligned_15min/entsoe/segments/WLNYW-1_seg078.csv,WLNYW-1_seg078.csv
WLNYW-1,entsoe,aligned_segments,79,/ve-remi-dmz-dmz-sh-nas01/data/de_group/ghz_11401/data/wind_timeseries/aligned_15min/entsoe/segments/WLNYW-1_seg079.csv,WLNYW-1_seg079.csv
WLNYW-1,entsoe,aligned_segments,80,/ve-remi-dmz-dmz-sh-nas01/data/de_group/ghz_11401/data/wind_timeseries/aligned_15min/entsoe/segments/WLNYW-1_seg080.csv,WLNYW-1_seg080.csv
WLNYW-1,entsoe,aligned_segments,81,/ve-remi-dmz-dmz-sh-nas01/data/de_group/ghz_11401/data/wind_timeseries/aligned_15min/entsoe/segments/WLNYW-1_seg081.csv,WLNYW-1_seg081.csv
WLNYW-1,entsoe,aligned_segments,82,/ve-remi-dmz-dmz-sh-nas01/data/de_group/ghz_11401/data/wind_timeseries/aligned_15min/entsoe/segments/WLNYW-1_seg082.csv,WLNYW-1_seg082.csv
WLNYW-1,entsoe,aligned_segments,83,/ve-remi-dmz-dmz-sh-nas01/data/de_group/ghz_11401/data/wind_timeseries/aligned_15min/entsoe/segments/WLNYW-1_seg083.csv,WLNYW-1_seg083.csv
WLNYW-1,entsoe,aligned_segments,84,/ve-remi-dmz-dmz-sh-nas01/data/de_group/ghz_11401/data/wind_timeseries/aligned_15min/entsoe/segments/WLNYW-1_seg084.csv,WLNYW-1_seg084.csv
WLNYW-1,entsoe,aligned_segments,85,/ve-remi-dmz-dmz-sh-nas01/data/de_group/ghz_11401/data/wind_timeseries/aligned_15min/entsoe/segments/WLNYW-1_seg085.csv,WLNYW-1_seg085.csv
WLNYW-1,entsoe,aligned_segments,86,/ve-remi-dmz-dmz-sh-nas01/data/de_group/ghz_11401/data/wind_timeseries/aligned_15min/entsoe/segments/WLNYW-1_seg086.csv,WLNYW-1_seg086.csv
WLNYW-1,entsoe,aligned_segments,87,/ve-remi-dmz-dmz-sh-nas01/data/de_group/ghz_11401/data/wind_timeseries/aligned_15min/entsoe/segments/WLNYW-1_seg087.csv,WLNYW-1_seg087.csv
WLNYW-1,entsoe,aligned_segments,88,/ve-remi-dmz-dmz-sh-nas01/data/de_group/ghz_11401/data/wind_timeseries/aligned_15min/entsoe/segments/WLNYW-1_seg088.csv,WLNYW-1_seg088.csv
WLNYW-1,entsoe,aligned_segments,89,/ve-remi-dmz-dmz-sh-nas01/data/de_group/ghz_11401/data/wind_timeseries/aligned_15min/entsoe/segments/WLNYW-1_seg089.csv,WLNYW-1_seg089.csv
WLNYW-1,entsoe,aligned_segments,90,/ve-remi-dmz-dmz-sh-nas01/data/de_group/ghz_11401/data/wind_timeseries/aligned_15min/entsoe/segments/WLNYW-1_seg090.csv,WLNYW-1_seg090.csv
WLNYW-1,entsoe,aligned_segments,91,/ve-remi-dmz-dmz-sh-nas01/data/de_group/ghz_11401/data/wind_timeseries/aligned_15min/entsoe/segments/WLNYW-1_seg091.csv,WLNYW-1_seg091.csv
WLNYW-1,entsoe,aligned_segments,92,/ve-remi-dmz-dmz-sh-nas01/data/de_group/ghz_11401/data/wind_timeseries/aligned_15min/entsoe/segments/WLNYW-1_seg092.csv,WLNYW-1_seg092.csv
WLNYW-1,entsoe,aligned_segments,93,/ve-remi-dmz-dmz-sh-nas01/data/de_group/ghz_11401/data/wind_timeseries/aligned_15min/entsoe/segments/WLNYW-1_seg093.csv,WLNYW-1_seg093.csv
WLNYW-1,entsoe,aligned_segments,94,/ve-remi-dmz-dmz-sh-nas01/data/de_group/ghz_11401/data/wind_timeseries/aligned_15min/entsoe/segments/WLNYW-1_seg094.csv,WLNYW-1_seg094.csv
WLNYW-1,entsoe,aligned_segments,95,/ve-remi-dmz-dmz-sh-nas01/data/de_group/ghz_11401/data/wind_timeseries/aligned_15min/entsoe/segments/WLNYW-1_seg095.csv,WLNYW-1_seg095.csv
WLNYW-1,entsoe,aligned_segments,96,/ve-remi-dmz-dmz-sh-nas01/data/de_group/ghz_11401/data/wind_timeseries/aligned_15min/entsoe/segments/WLNYW-1_seg096.csv,WLNYW-1_seg096.csv
WLNYW-1,entsoe,aligned_segments,97,/ve-remi-dmz-dmz-sh-nas01/data/de_group/ghz_11401/data/wind_timeseries/aligned_15min/entsoe/segments/WLNYW-1_seg097.csv,WLNYW-1_seg097.csv
WLNYW-1,entsoe,aligned_segments,98,/ve-remi-dmz-dmz-sh-nas01/data/de_group/ghz_11401/data/wind_timeseries/aligned_15min/entsoe/segments/WLNYW-1_seg098.csv,WLNYW-1_seg098.csv
WLNYW-1,entsoe,aligned_segments,99,/ve-remi-dmz-dmz-sh-nas01/data/de_group/ghz_11401/data/wind_timeseries/aligned_15min/entsoe/segments/WLNYW-1_seg099.csv,WLNYW-1_seg099.csv
WLNYW-1,entsoe,aligned_segments,100,/ve-remi-dmz-dmz-sh-nas01/data/de_group/ghz_11401/data/wind_timeseries/aligned_15min/entsoe/segments/WLNYW-1_seg100.csv,WLNYW-1_seg100.csv
WLNYW-1,entsoe,aligned_segments,101,/ve-remi-dmz-dmz-sh-nas01/data/de_group/ghz_11401/data/wind_timeseries/aligned_15min/entsoe/segments/WLNYW-1_seg101.csv,WLNYW-1_seg101.csv
WLNYW-1,entsoe,aligned_segments,102,/ve-remi-dmz-dmz-sh-nas01/data/de_group/ghz_11401/data/wind_timeseries/aligned_15min/entsoe/segments/WLNYW-1_seg102.csv,WLNYW-1_seg102.csv
WLNYW-1,entsoe,aligned_segments,103,/ve-remi-dmz-dmz-sh-nas01/data/de_group/ghz_11401/data/wind_timeseries/aligned_15min/entsoe/segments/WLNYW-1_seg103.csv,WLNYW-1_seg103.csv
WLNYW-1,entsoe,aligned_segments,104,/ve-remi-dmz-dmz-sh-nas01/data/de_group/ghz_11401/data/wind_timeseries/aligned_15min/entsoe/segments/WLNYW-1_seg104.csv,WLNYW-1_seg104.csv
WLNYW-1,entsoe,aligned_segments,105,/ve-remi-dmz-dmz-sh-nas01/data/de_group/ghz_11401/data/wind_timeseries/aligned_15min/entsoe/segments/WLNYW-1_seg105.csv,WLNYW-1_seg105.csv
WLNYW-1,entsoe,aligned_segments,106,/ve-remi-dmz-dmz-sh-nas01/data/de_group/ghz_11401/data/wind_timeseries/aligned_15min/entsoe/segments/WLNYW-1_seg106.csv,WLNYW-1_seg106.csv
WLNYW-1,entsoe,aligned_segments,107,/ve-remi-dmz-dmz-sh-nas01/data/de_group/ghz_11401/data/wind_timeseries/aligned_15min/entsoe/segments/WLNYW-1_seg107.csv,WLNYW-1_seg107.csv
WLNYW-1,entsoe,aligned_segments,108,/ve-remi-dmz-dmz-sh-nas01/data/de_group/ghz_11401/data/wind_timeseries/aligned_15min/entsoe/segments/WLNYW-1_seg108.csv,WLNYW-1_seg108.csv
WLNYW-1,entsoe,aligned_segments,109,/ve-remi-dmz-dmz-sh-nas01/data/de_group/ghz_11401/data/wind_timeseries/aligned_15min/entsoe/segments/WLNYW-1_seg109.csv,WLNYW-1_seg109.csv
WLNYW-1,entsoe,aligned_segments,110,/ve-remi-dmz-dmz-sh-nas01/data/de_group/ghz_11401/data/wind_timeseries/aligned_15min/entsoe/segments/WLNYW-1_seg110.csv,WLNYW-1_seg110.csv
WLNYW-1,entsoe,aligned_segments,111,/ve-remi-dmz-dmz-sh-nas01/data/de_group/ghz_11401/data/wind_timeseries/aligned_15min/entsoe/segments/WLNYW-1_seg111.csv,WLNYW-1_seg111.csv
WLNYW-1,entsoe,aligned_segments,112,/ve-remi-dmz-dmz-sh-nas01/data/de_group/ghz_11401/data/wind_timeseries/aligned_15min/entsoe/segments/WLNYW-1_seg112.csv,WLNYW-1_seg112.csv
WLNYW-1,entsoe,aligned_segments,113,/ve-remi-dmz-dmz-sh-nas01/data/de_group/ghz_11401/data/wind_timeseries/aligned_15min/entsoe/segments/WLNYW-1_seg113.csv,WLNYW-1_seg113.csv
WLNYW-1,entsoe,aligned_segments,114,/ve-remi-dmz-dmz-sh-nas01/data/de_group/ghz_11401/data/wind_timeseries/aligned_15min/entsoe/segments/WLNYW-1_seg114.csv,WLNYW-1_seg114.csv
WLNYW-1,entsoe,aligned_segments,115,/ve-remi-dmz-dmz-sh-nas01/data/de_group/ghz_11401/data/wind_timeseries/aligned_15min/entsoe/segments/WLNYW-1_seg115.csv,WLNYW-1_seg115.csv
WLNYW-1,entsoe,aligned_segments,116,/ve-remi-dmz-dmz-sh-nas01/data/de_group/ghz_11401/data/wind_timeseries/aligned_15min/entsoe/segments/WLNYW-1_seg116.csv,WLNYW-1_seg116.csv
WLNYW-1,entsoe,aligned_segments,117,/ve-remi-dmz-dmz-sh-nas01/data/de_group/ghz_11401/data/wind_timeseries/aligned_15min/entsoe/segments/WLNYW-1_seg117.csv,WLNYW-1_seg117.csv
WLNYW-1,entsoe,data_process,1,/ve-remi-dmz-dmz-sh-nas01/data/de_group/ghz_11401/data/wind_timeseries/aligned_15min/data_process/entsoe/WLNYW-1/WLNYW-1_0.csv,WLNYW-1_0.csv
WLNYW-1,entsoe,data_process,2,/ve-remi-dmz-dmz-sh-nas01/data/de_group/ghz_11401/data/wind_timeseries/aligned_15min/data_process/entsoe/WLNYW-1/WLNYW-1_1.csv,WLNYW-1_1.csv
WLNYW-1,entsoe,data_process,3,/ve-remi-dmz-dmz-sh-nas01/data/de_group/ghz_11401/data/wind_timeseries/aligned_15min/data_process/entsoe/WLNYW-1/WLNYW-1_10.csv,WLNYW-1_10.csv
WLNYW-1,entsoe,data_process,4,/ve-remi-dmz-dmz-sh-nas01/data/de_group/ghz_11401/data/wind_timeseries/aligned_15min/data_process/entsoe/WLNYW-1/WLNYW-1_11.csv,WLNYW-1_11.csv
WLNYW-1,entsoe,data_process,5,/ve-remi-dmz-dmz-sh-nas01/data/de_group/ghz_11401/data/wind_timeseries/aligned_15min/data_process/entsoe/WLNYW-1/WLNYW-1_12.csv,WLNYW-1_12.csv
WLNYW-1,entsoe,data_process,6,/ve-remi-dmz-dmz-sh-nas01/data/de_group/ghz_11401/data/wind_timeseries/aligned_15min/data_process/entsoe/WLNYW-1/WLNYW-1_13.csv,WLNYW-1_13.csv
WLNYW-1,entsoe,data_process,7,/ve-remi-dmz-dmz-sh-nas01/data/de_group/ghz_11401/data/wind_timeseries/aligned_15min/data_process/entsoe/WLNYW-1/WLNYW-1_14.csv,WLNYW-1_14.csv
WLNYW-1,entsoe,data_process,8,/ve-remi-dmz-dmz-sh-nas01/data/de_group/ghz_11401/data/wind_timeseries/aligned_15min/data_process/entsoe/WLNYW-1/WLNYW-1_15.csv,WLNYW-1_15.csv
WLNYW-1,entsoe,data_process,9,/ve-remi-dmz-dmz-sh-nas01/data/de_group/ghz_11401/data/wind_timeseries/aligned_15min/data_process/entsoe/WLNYW-1/WLNYW-1_16.csv,WLNYW-1_16.csv
WLNYW-1,entsoe,data_process,10,/ve-remi-dmz-dmz-sh-nas01/data/de_group/ghz_11401/data/wind_timeseries/aligned_15min/data_process/entsoe/WLNYW-1/WLNYW-1_17.csv,WLNYW-1_17.csv
WLNYW-1,entsoe,data_process,11,/ve-remi-dmz-dmz-sh-nas01/data/de_group/ghz_11401/data/wind_timeseries/aligned_15min/data_process/entsoe/WLNYW-1/WLNYW-1_18.csv,WLNYW-1_18.csv
WLNYW-1,entsoe,data_process,12,/ve-remi-dmz-dmz-sh-nas01/data/de_group/ghz_11401/data/wind_timeseries/aligned_15min/data_process/entsoe/WLNYW-1/WLNYW-1_2.csv,WLNYW-1_2.csv
WLNYW-1,entsoe,data_process,13,/ve-remi-dmz-dmz-sh-nas01/data/de_group/ghz_11401/data/wind_timeseries/aligned_15min/data_process/entsoe/WLNYW-1/WLNYW-1_3.csv,WLNYW-1_3.csv
WLNYW-1,entsoe,data_process,14,/ve-remi-dmz-dmz-sh-nas01/data/de_group/ghz_11401/data/wind_timeseries/aligned_15min/data_process/entsoe/WLNYW-1/WLNYW-1_4.csv,WLNYW-1_4.csv
WLNYW-1,entsoe,data_process,15,/ve-remi-dmz-dmz-sh-nas01/data/de_group/ghz_11401/data/wind_timeseries/aligned_15min/data_process/entsoe/WLNYW-1/WLNYW-1_5.csv,WLNYW-1_5.csv
WLNYW-1,entsoe,data_process,16,/ve-remi-dmz-dmz-sh-nas01/data/de_group/ghz_11401/data/wind_timeseries/aligned_15min/data_process/entsoe/WLNYW-1/WLNYW-1_6.csv,WLNYW-1_6.csv
WLNYW-1,entsoe,data_process,17,/ve-remi-dmz-dmz-sh-nas01/data/de_group/ghz_11401/data/wind_timeseries/aligned_15min/data_process/entsoe/WLNYW-1/WLNYW-1_7.csv,WLNYW-1_7.csv
WLNYW-1,entsoe,data_process,18,/ve-remi-dmz-dmz-sh-nas01/data/de_group/ghz_11401/data/wind_timeseries/aligned_15min/data_process/entsoe/WLNYW-1/WLNYW-1_8.csv,WLNYW-1_8.csv
WLNYW-1,entsoe,data_process,19,/ve-remi-dmz-dmz-sh-nas01/data/de_group/ghz_11401/data/wind_timeseries/aligned_15min/data_process/entsoe/WLNYW-1/WLNYW-1_9.csv,WLNYW-1_9.csv
